
{"golds":[{"updated":"2021-07-10 08:32:51","date":"20210710","gold":[],"value":[{"buy":"56,770.00","sell":"57,550.00","company":"SJC","brand":"Long Xuyên","updated":"2021-07-10 08:32:51","brand1":"LX","day":"20210710","id":"8417180","type":"Vàng SJC","code":""},{"buy":"56,750.00","sell":"57,520.00","company":"SJC","brand":"Bạc Liêu","updated":"2021-07-10 08:32:51","brand1":"BL","day":"20210710","id":"8417181","type":"Vàng SJC","code":""},{"buy":"56,750.00","sell":"57,500.00","company":"SJC","brand":"Biên Hòa","updated":"2021-07-10 08:32:51","brand1":"BH","day":"20210710","id":"8417177","type":"Vàng SJC","code":""},{"buy":"56,750.00","sell":"57,520.00","company":"SJC","brand":"Cà Mau","updated":"2021-07-10 08:32:51","brand1":"CM","day":"20210710","id":"8417174","type":"Vàng SJC","code":""},{"buy":"56,750.00","sell":"57,520.00","company":"SJC","brand":"Hà Nội","updated":"2021-07-10 08:32:51","brand1":"HN","day":"20210710","id":"8417171","type":"Vàng SJC","code":""},{"buy":"56,750.00","sell":"57,500.00","company":"SJC","brand":"Hồ Chí Minh","updated":"2021-07-10 08:32:51","brand1":"HCM","day":"20210710","id":"8417162","type":"Vàng SJC 1L","code":""},{"buy":"56,750.00","sell":"57,500.00","company":"SJC","brand":"Miền Tây","updated":"2021-07-10 08:32:51","brand1":"MT","day":"20210710","id":"8417178","type":"Vàng SJC","code":""},{"buy":"56,750.00","sell":"57,520.00","company":"SJC","brand":"Nha Trang","updated":"2021-07-10 08:32:51","brand1":"NT","day":"20210710","id":"8417173","type":"Vàng SJC","code":""},{"buy":"56,750.00","sell":"57,500.00","company":"SJC","brand":"Quãng Ngãi","updated":"2021-07-10 08:32:51","brand1":"QN","day":"20210710","id":"8417179","type":"Vàng SJC","code":""},{"buy":"56,750.00","sell":"57,520.00","company":"SJC","brand":"Đà  Nẵng","updated":"2021-07-10 08:32:51","brand1":"ĐN","day":"20210710","id":"8417172","type":"Vàng SJC","code":""},{"buy":"56,730.00","sell":"57,520.00","company":"SJC","brand":"Bình Phước","updated":"2021-07-10 08:32:51","brand1":"BP","day":"20210710","id":"8417176","type":"Vàng SJC","code":""},{"buy":"56,730.00","sell":"57,520.00","company":"SJC","brand":"Hạ Long","updated":"2021-07-10 08:32:51","brand1":"HL","day":"20210710","id":"8417184","type":"Vàng SJC","code":""},{"buy":"56,730.00","sell":"57,520.00","company":"SJC","brand":"Phan Rang","updated":"2021-07-10 08:32:51","brand1":"PR","day":"20210710","id":"8417183","type":"Vàng SJC","code":""},{"buy":"56,730.00","sell":"57,520.00","company":"SJC","brand":"Quảng Nam","updated":"2021-07-10 08:32:51","brand1":"QN","day":"20210710","id":"8417185","type":"Vàng SJC","code":""},{"buy":"56,730.00","sell":"57,520.00","company":"SJC","brand":"Quy Nhơn","updated":"2021-07-10 08:32:51","brand1":"QN","day":"20210710","id":"8417182","type":"Vàng SJC","code":""},{"buy":"56,720.00","sell":"57,530.00","company":"SJC","brand":"Huế","updated":"2021-07-10 08:32:51","brand1":"Huế","day":"20210710","id":"8417175","type":"Vàng SJC","code":""},{"buy":"51,100.00","sell":"51,900.00","company":"SJC","brand":"Hồ Chí Minh","updated":"2021-07-10 08:32:51","brand1":"HCM","day":"20210710","id":"8417165","type":"Vàng nhẫn SJC 99,99 0,5 chỉ","code":"nhẫn  99,99 0,5 chỉ"},{"buy":"51,100.00","sell":"51,800.00","company":"SJC","brand":"Hồ Chí Minh","updated":"2021-07-10 08:32:51","brand1":"HCM","day":"20210710","id":"8417163","type":"Vàng nhẫn SJC 99,99 1 chỉ, 2 chỉ, 5 chỉ","code":"nhẫn  99,99 1 chỉ, 2 chỉ, 5 chỉ"},{"buy":"50,800.00","sell":"51,500.00","company":"SJC","brand":"Hồ Chí Minh","updated":"2021-07-10 08:32:51","brand1":"HCM","day":"20210710","id":"8417166","type":"Vàng nữ trang 99,99%","code":"nữ trang 99,99%"},{"buy":"49,990.00","sell":"50,990.00","company":"SJC","brand":"Hồ Chí Minh","updated":"2021-07-10 08:32:51","brand1":"HCM","day":"20210710","id":"8417167","type":"Vàng nữ trang 99%","code":"nữ trang 99%"},{"buy":"36,779.00","sell":"38,779.00","company":"SJC","brand":"Hồ Chí Minh","updated":"2021-07-10 08:32:51","brand1":"HCM","day":"20210710","id":"8417168","type":"Vàng nữ trang 75%","code":"nữ trang 75%"},{"buy":"28,178.00","sell":"30,178.00","company":"SJC","brand":"Hồ Chí Minh","updated":"2021-07-10 08:32:51","brand1":"HCM","day":"20210710","id":"8417169","type":"Vàng nữ trang 58,3%","code":"nữ trang 58,3%"},{"buy":"19,628.00","sell":"21,628.00","company":"SJC","brand":"Hồ Chí Minh","updated":"2021-07-10 08:32:51","brand1":"HCM","day":"20210710","id":"8417170","type":"Vàng nữ trang 41,7%","code":"nữ trang 41,7%"},{"buy":"56,800.00","sell":"57,300.00","company":"DOJI","brand":"","updated":"2021-07-10 11:24:00","brand1":"","day":"20210710","id":"8418227","type":"AVPL \/ DOJI CT buôn","code":"AVPL \/  CT buôn"},{"buy":"56,800.00","sell":"57,300.00","company":"DOJI","brand":"","updated":"2021-07-10 11:24:00","brand1":"","day":"20210710","id":"8418226","type":"AVPL \/ DOJI CT lẻ","code":"AVPL \/  CT"},{"buy":"56,750.00","sell":"57,300.00","company":"DOJI","brand":"Hồ Chí Minh","updated":"2021-07-10 11:24:00","brand1":"HCM","day":"20210710","id":"8418221","type":"AVPL \/ DOJI HCM buôn","code":"AVPL \/   buôn"},{"buy":"56,750.00","sell":"57,300.00","company":"DOJI","brand":"Hồ Chí Minh","updated":"2021-07-10 11:24:00","brand1":"HCM","day":"20210710","id":"8418220","type":"AVPL \/ DOJI HCM lẻ","code":"AVPL \/"},{"buy":"56,700.00","sell":"57,350.00","company":"DOJI","brand":"","updated":"2021-07-10 11:24:00","brand1":"","day":"20210710","id":"8418223","type":"AVPL \/ DOJI ĐN buôn","code":"AVPL \/  ĐN buôn"},{"buy":"56,700.00","sell":"57,350.00","company":"DOJI","brand":"","updated":"2021-07-10 11:24:00","brand1":"","day":"20210710","id":"8418222","type":"AVPL \/ DOJI ĐN lẻ","code":"AVPL \/  ĐN"},{"buy":"56,700.00","sell":"57,300.00","company":"DOJI","brand":"Hà Nội","updated":"2021-07-10 11:24:00","brand1":"HN","day":"20210710","id":"8418219","type":"AVPL \/ DOJI HN buôn","code":"AVPL \/   buôn"},{"buy":"56,700.00","sell":"57,300.00","company":"DOJI","brand":"Hà Nội","updated":"2021-07-10 11:24:00","brand1":"HN","day":"20210710","id":"8418218","type":"AVPL \/ DOJI HN lẻ","code":"AVPL \/"},{"buy":"51,100.00","sell":"51,500.00","company":"DOJI","brand":"Hà Nội","updated":"2021-07-10 11:24:00","brand1":"HN","day":"20210710","id":"8418224","type":"Nguyên liêu 9999 - HN","code":"Nguyên liêu 9999 -"},{"buy":"51,050.00","sell":"51,450.00","company":"DOJI","brand":"Hà Nội","updated":"2021-07-10 11:24:00","brand1":"HN","day":"20210710","id":"8418225","type":"Nguyên liêu 999 - HN","code":"Nguyên liêu 999 -"},{"buy":"5,675.00","sell":"5,730.00","company":"DOJI","brand":"Hồ Chí Minh","updated":"2021-07-10 11:24:00","brand1":"HCM","day":"20210710","id":"8418206","type":"Kim Ngưu","code":"Kim Ngưu"},{"buy":"5,675.00","sell":"5,730.00","company":"DOJI","brand":"Hồ Chí Minh","updated":"2021-07-10 11:24:00","brand1":"HCM","day":"20210710","id":"8418207","type":"Kim Thần Tài","code":"Kim Thần Tài"},{"buy":"5,675.00","sell":"5,730.00","company":"DOJI","brand":"Hồ Chí Minh","updated":"2021-07-10 11:24:00","brand1":"HCM","day":"20210710","id":"8418208","type":"Lộc Phát Tài","code":"Lộc Phát Tài"},{"buy":"5,670.00","sell":"5,735.00","company":"DOJI","brand":"","updated":"2021-07-10 11:24:00","brand1":"","day":"20210710","id":"8418198","type":"Kim Thần Tài","code":"Kim Thần Tài"},{"buy":"5,670.00","sell":"5,735.00","company":"DOJI","brand":"","updated":"2021-07-10 11:24:00","brand1":"","day":"20210710","id":"8418197","type":"Lộc Phát Tài","code":"Lộc Phát Tài"},{"buy":"5,670.00","sell":"5,730.00","company":"DOJI","brand":"Hà Nội","updated":"2021-07-10 11:24:00","brand1":"HN","day":"20210710","id":"8418184","type":"Kim Ngân Tài","code":"Kim Ngân Tài"},{"buy":"5,670.00","sell":"5,730.00","company":"DOJI","brand":"Hà Nội","updated":"2021-07-10 11:24:00","brand1":"HN","day":"20210710","id":"8418181","type":"Kim Ngưu","code":"Kim Ngưu"},{"buy":"5,670.00","sell":"5,730.00","company":"DOJI","brand":"Hà Nội","updated":"2021-07-10 11:24:00","brand1":"HN","day":"20210710","id":"8418182","type":"Kim Thần Tài","code":"Kim Thần Tài"},{"buy":"5,670.00","sell":"5,730.00","company":"DOJI","brand":"Hà Nội","updated":"2021-07-10 11:24:00","brand1":"HN","day":"20210710","id":"8418183","type":"Lộc Phát Tài","code":"Lộc Phát Tài"},{"buy":"5,115.00","sell":"5,180.00","company":"DOJI","brand":"Hà Nội","updated":"2021-07-10 11:24:00","brand1":"HN","day":"20210710","id":"8418185","type":"Hưng Thịnh Vượng","code":"Hưng Thịnh Vượng"},{"buy":"5,115.00","sell":"5,135.00","company":"DOJI","brand":"Hồ Chí Minh","updated":"2021-07-10 11:24:00","brand1":"HCM","day":"20210710","id":"8418210","type":"Nguyên liệu 9999","code":"Nguyên liệu 9999"},{"buy":"5,115.00","sell":"5,180.00","company":"DOJI","brand":"Hồ Chí Minh","updated":"2021-07-10 11:24:00","brand1":"HCM","day":"20210710","id":"8418209","type":"Nhẫn H.T.V","code":"Nhẫn H.T.V"},{"buy":"5,110.00","sell":"5,150.00","company":"DOJI","brand":"Hà Nội","updated":"2021-07-10 11:24:00","brand1":"HN","day":"20210710","id":"8418186","type":"Nguyên liệu 99.99","code":"Nguyên liệu 99.99"},{"buy":"5,110.00","sell":"5,130.00","company":"DOJI","brand":"Hồ Chí Minh","updated":"2021-07-10 11:24:00","brand1":"HCM","day":"20210710","id":"8418211","type":"Nguyên liệu 999","code":"Nguyên liệu 999"},{"buy":"5,107.00","sell":"5,152.00","company":"DOJI","brand":"","updated":"2021-07-10 11:24:00","brand1":"","day":"20210710","id":"8418195","type":"Nguyên liệu 9999","code":"Nguyên liệu 9999"},{"buy":"5,105.00","sell":"5,145.00","company":"DOJI","brand":"Hà Nội","updated":"2021-07-10 11:24:00","brand1":"HN","day":"20210710","id":"8418187","type":"Nguyên liệu 99.9","code":"Nguyên liệu 99.9"},{"buy":"5,102.00","sell":"5,147.00","company":"DOJI","brand":"","updated":"2021-07-10 11:24:00","brand1":"","day":"20210710","id":"8418196","type":"Nguyên liệu 999","code":"Nguyên liệu 999"},{"buy":"5,080.00","sell":"5,180.00","company":"DOJI","brand":"Hà Nội","updated":"2021-07-10 11:24:00","brand1":"HN","day":"20210710","id":"8418188","type":"Nữ trang 99.99","code":"Nữ trang 99.99"},{"buy":"5,080.00","sell":"5,180.00","company":"DOJI","brand":"Hồ Chí Minh","updated":"2021-07-10 11:24:00","brand1":"HCM","day":"20210710","id":"8418212","type":"Nữ trang 99.99","code":"Nữ trang 99.99"},{"buy":"5,080.00","sell":"5,180.00","company":"DOJI","brand":"Nhẫn DOJI Hưng Thịnh Vượng","updated":"2021-07-10 11:24:00","brand1":"NDHTV","day":"20210710","id":"8418199","type":"Nữ trang 99.99","code":"Nữ trang 99.99"},{"buy":"5,070.00","sell":"5,170.00","company":"DOJI","brand":"Hà Nội","updated":"2021-07-10 11:24:00","brand1":"HN","day":"20210710","id":"8418189","type":"Nữ trang 99.9","code":"Nữ trang 99.9"},{"buy":"5,070.00","sell":"5,170.00","company":"DOJI","brand":"Hồ Chí Minh","updated":"2021-07-10 11:24:00","brand1":"HCM","day":"20210710","id":"8418213","type":"Nữ trang 99.9","code":"Nữ trang 99.9"},{"buy":"5,070.00","sell":"5,170.00","company":"DOJI","brand":"Nhẫn DOJI Hưng Thịnh Vượng","updated":"2021-07-10 11:24:00","brand1":"NDHTV","day":"20210710","id":"8418200","type":"Nữ trang 99.9","code":"Nữ trang 99.9"},{"buy":"5,000.00","sell":"5,135.00","company":"DOJI","brand":"Hà Nội","updated":"2021-07-10 11:24:00","brand1":"HN","day":"20210710","id":"8418190","type":"Nữ trang 99","code":"Nữ trang 99"},{"buy":"5,000.00","sell":"5,135.00","company":"DOJI","brand":"Hồ Chí Minh","updated":"2021-07-10 11:24:00","brand1":"HCM","day":"20210710","id":"8418214","type":"Nữ trang 99","code":"Nữ trang 99"},{"buy":"5,000.00","sell":"5,135.00","company":"DOJI","brand":"Nhẫn DOJI Hưng Thịnh Vượng","updated":"2021-07-10 11:24:00","brand1":"NDHTV","day":"20210710","id":"8418201","type":"Nữ trang 99","code":"Nữ trang 99"},{"buy":"3,785.00","sell":"3,985.00","company":"DOJI","brand":"Hà Nội","updated":"2021-07-10 11:24:00","brand1":"HN","day":"20210710","id":"8418191","type":"Nữ trang 18k","code":"Nữ trang 18k"},{"buy":"3,785.00","sell":"3,985.00","company":"DOJI","brand":"Hồ Chí Minh","updated":"2021-07-10 11:24:00","brand1":"HCM","day":"20210710","id":"8418215","type":"Nữ Trang 18k","code":"Nữ Trang 18k"},{"buy":"3,785.00","sell":"3,985.00","company":"DOJI","brand":"Nhẫn DOJI Hưng Thịnh Vượng","updated":"2021-07-10 11:24:00","brand1":"NDHTV","day":"20210710","id":"8418202","type":"Nữ trang 18k","code":"Nữ trang 18k"},{"buy":"3,409.00","sell":"3,709.00","company":"DOJI","brand":"Hà Nội","updated":"2021-07-10 11:24:00","brand1":"HN","day":"20210710","id":"8418192","type":"Nữ trang 16k","code":"Nữ trang 16k"},{"buy":"3,409.00","sell":"3,709.00","company":"DOJI","brand":"Nhẫn DOJI Hưng Thịnh Vượng","updated":"2021-07-10 11:24:00","brand1":"NDHTV","day":"20210710","id":"8418203","type":"Nữ trang 68","code":"Nữ trang 68"},{"buy":"2,842.00","sell":"3,042.00","company":"DOJI","brand":"Hà Nội","updated":"2021-07-10 11:24:00","brand1":"HN","day":"20210710","id":"8418193","type":"Nữ trang 14k","code":"Nữ trang 14k"},{"buy":"2,842.00","sell":"3,042.00","company":"DOJI","brand":"Hồ Chí Minh","updated":"2021-07-10 11:24:00","brand1":"HCM","day":"20210710","id":"8418216","type":"Nữ Trang 14k","code":"Nữ Trang 14k"},{"buy":"2,842.00","sell":"3,042.00","company":"DOJI","brand":"Nhẫn DOJI Hưng Thịnh Vượng","updated":"2021-07-10 11:24:00","brand1":"NDHTV","day":"20210710","id":"8418204","type":"Nữ trang 14k","code":"Nữ trang 14k"},{"buy":"2,718.00","sell":"2,788.00","company":"DOJI","brand":"Hồ Chí Minh","updated":"2021-07-10 11:24:00","brand1":"HCM","day":"20210710","id":"8418217","type":"Nữ trang 68","code":"Nữ trang 68"},{"buy":"1,426.00","sell":"1,576.00","company":"DOJI","brand":"Hà Nội","updated":"2021-07-10 11:24:00","brand1":"HN","day":"20210710","id":"8418194","type":"Nữ trang 10k","code":"Nữ trang 10k"},{"buy":"1,426.00","sell":"1,576.00","company":"DOJI","brand":"Nhẫn DOJI Hưng Thịnh Vượng","updated":"2021-07-10 11:24:00","brand1":"NDHTV","day":"20210710","id":"8418205","type":"Nữ trang 10k","code":"Nữ trang 10k"},{"buy":"56,800.00","sell":"57,520.00","company":"3BANKS","brand":"VIETINBANK GOLD","updated":"2021-07-10 00:16:16","brand1":"VG","day":"20210710","id":"8414983","type":"SJC","code":"SJC"},{"buy":"56,700.00","sell":"57,300.00","company":"3BANKS","brand":"SCB","updated":"2021-07-10 08:26:30","brand1":"SCB","day":"20210710","id":"8417143","type":"SJC","code":"SJC"},{"buy":"56,450.00","sell":"57,650.00","company":"3BANKS","brand":"MARITIME BANK","updated":"2021-07-10 00:05:54","brand1":"MB","day":"20210710","id":"8414956","type":"SJC","code":"SJC"},{"buy":"52,000.00","sell":"54,000.00","company":"3BANKS","brand":"SACOMBANK","updated":"2021-07-10 00:11:08","brand1":"S","day":"20210710","id":"8414963","type":"SJC","code":"JC"},{"buy":"56,950.00","sell":"57,250.00","company":"2GROUP","brand":"Mi Hồng SJC","updated":"2021-07-10 00:31:45","brand1":"MHS","day":"20210710","id":"8415022","type":"SJC","code":"SJC"},{"buy":"56,850.00","sell":"57,500.00","company":"2GROUP","brand":"PNJ SJC","updated":"2021-07-10 00:21:37","brand1":"PS","day":"20210710","id":"8414986","type":"SJC","code":"SJC"},{"buy":"56,800.00","sell":"57,290.00","company":"2GROUP","brand":"PHÚ QUÝ SJC","updated":"2021-07-10 10:09:42","brand1":"PQS","day":"20210710","id":"8418042","type":"SJC","code":"SJC"},{"buy":"56,500.00","sell":"57,500.00","company":"2GROUP","brand":"Ngọc Hải SJC HCM","updated":"2021-07-10 00:21:37","brand1":"NHSH","day":"20210710","id":"8414999","type":"SJC","code":"SJC"},{"buy":"56,500.00","sell":"57,500.00","company":"2GROUP","brand":"Ngọc Hải SJC Long An","updated":"2021-07-10 00:21:37","brand1":"NHSLA","day":"20210710","id":"8414996","type":"SJC","code":"SJC"},{"buy":"56,500.00","sell":"57,500.00","company":"2GROUP","brand":"Ngọc Hải SJC Tân Hiệp","updated":"2021-07-10 00:21:37","brand1":"NHSTH","day":"20210710","id":"8414993","type":"SJC","code":"SJC"},{"buy":"51,350.00","sell":"52,750.00","company":"2GROUP","brand":"PNJ 1L","updated":"2021-07-10 00:21:37","brand1":"P1","day":"20210710","id":"8414985","type":"SJC","code":"SJC"},{"buy":"1,807.90","sell":"1,808.90","company":"2GROUP","brand":"SPOT GOLD","updated":"2021-07-10 04:01:10","brand1":"SG","day":"20210710","id":"8415707","type":"SJC","code":"SJC"},{"buy":"74.63","sell":"74.63","company":"2GROUP","brand":"OIL","updated":"2021-07-10 04:11:30","brand1":"OIL","day":"20210710","id":"8415725","type":"SJC","code":"SJC"},{"buy":"51,300.00","sell":"52,000.00","company":"1OTHER","brand":"Nhẫn PHÚ QUÝ 24K","updated":"2021-07-10 13:41:20","brand1":"NPQ2","day":"20210710","id":"8418701","type":"SJC","code":"SJC"},{"buy":"51,150.00","sell":"51,750.00","company":"1OTHER","brand":"PNJ Nhẫn 24K","updated":"2021-07-10 00:21:37","brand1":"PN2","day":"20210710","id":"8414988","type":"SJC","code":"SJC"},{"buy":"51,100.00","sell":"51,450.00","company":"1OTHER","brand":"Mi Hồng 999","updated":"2021-07-10 00:31:45","brand1":"MH9","day":"20210710","id":"8415023","type":"SJC","code":"SJC"},{"buy":"51,100.00","sell":"51,800.00","company":"1OTHER","brand":"Nhẫn SJC 99,99","updated":"2021-07-10 08:32:51","brand1":"NS9","day":"20210710","id":"8417164","type":"SJC*","code":"SJC*"},{"buy":"50,800.00","sell":"51,600.00","company":"1OTHER","brand":"Ngọc Hải 24K HCM","updated":"2021-07-10 00:21:37","brand1":"NH2H","day":"20210710","id":"8415000","type":"SJC","code":"SJC"},{"buy":"50,800.00","sell":"51,600.00","company":"1OTHER","brand":"Ngọc Hải 24K Long An","updated":"2021-07-10 00:21:37","brand1":"NH2LA","day":"20210710","id":"8414997","type":"SJC","code":"SJC"},{"buy":"50,800.00","sell":"51,600.00","company":"1OTHER","brand":"Ngọc Hải 24K Tân Hiệp","updated":"2021-07-10 00:21:37","brand1":"NH2TH","day":"20210710","id":"8414994","type":"SJC","code":"SJC"},{"buy":"50,650.00","sell":"51,450.00","company":"1OTHER","brand":"PNJ NT 24K","updated":"2021-07-10 00:21:37","brand1":"PN2","day":"20210710","id":"8414987","type":"SJC","code":"SJC"},{"buy":"50,100.00","sell":"51,100.00","company":"1OTHER","brand":"Mi Hồng 985","updated":"2021-07-10 00:31:45","brand1":"MH9","day":"20210710","id":"8415024","type":"SJC","code":"SJC"},{"buy":"49,900.00","sell":"50,900.00","company":"1OTHER","brand":"Mi Hồng 980","updated":"2021-07-10 00:31:45","brand1":"MH9","day":"20210710","id":"8415025","type":"SJC","code":"SJC"},{"buy":"37,340.00","sell":"38,740.00","company":"1OTHER","brand":"PNJ NT 18K","updated":"2021-07-10 00:21:37","brand1":"PN1","day":"20210710","id":"8414989","type":"SJC","code":"SJC"},{"buy":"34,500.00","sell":"39,170.00","company":"1OTHER","brand":"Ngọc Hải 17K HCM","updated":"2021-07-10 00:21:37","brand1":"NH1H","day":"20210710","id":"8415001","type":"SJC","code":"SJC"},{"buy":"34,500.00","sell":"39,170.00","company":"1OTHER","brand":"Ngọc Hải 17K Long An","updated":"2021-07-10 00:21:37","brand1":"NH1LA","day":"20210710","id":"8414998","type":"SJC","code":"SJC"},{"buy":"34,500.00","sell":"39,170.00","company":"1OTHER","brand":"Ngọc Hải 17K Tân Hiệp","updated":"2021-07-10 00:21:37","brand1":"NH1TH","day":"20210710","id":"8414995","type":"SJC","code":"SJC"},{"buy":"33,700.00","sell":"35,700.00","company":"1OTHER","brand":"Mi Hồng 750","updated":"2021-07-10 00:31:45","brand1":"MH7","day":"20210710","id":"8415027","type":"SJC","code":"SJC"},{"buy":"31,000.00","sell":"32,700.00","company":"1OTHER","brand":"Mi Hồng 680","updated":"2021-07-10 00:31:45","brand1":"MH6","day":"20210710","id":"8415028","type":"SJC","code":"SJC"},{"buy":"30,000.00","sell":"31,700.00","company":"1OTHER","brand":"Mi Hồng 610","updated":"2021-07-10 00:31:45","brand1":"MH6","day":"20210710","id":"8415029","type":"SJC","code":"SJC"},{"buy":"28,850.00","sell":"30,250.00","company":"1OTHER","brand":"PNJ NT 14K","updated":"2021-07-10 00:21:37","brand1":"PN1","day":"20210710","id":"8414990","type":"SJC","code":"SJC"},{"buy":"20,150.00","sell":"21,550.00","company":"1OTHER","brand":"PNJ NT 10K","updated":"2021-07-10 00:21:37","brand1":"PN1","day":"20210710","id":"8414991","type":"SJC","code":"SJC"},{"buy":"0.00","sell":"48,200.00","company":"1OTHER","brand":"Mi Hồng 950","updated":"2021-07-10 00:31:45","brand1":"MH9","day":"20210710","id":"8415026","type":"SJC","code":"SJC"},{"buy":"33,928.59","sell":"33,928.59","company":"1Coin","brand":"Huobi BTC","updated":"2021-07-10 22:05:33","brand1":"HB","day":"20210710","id":"8420611","type":"HBTC","code":"TC"},{"buy":"33,838.46","sell":"33,838.46","company":"1Coin","brand":"Bitcoin","updated":"2021-07-10 23:16:18","brand1":"B","day":"20210710","id":"8421354","type":"BTC","code":"TC"},{"buy":"33,837.93","sell":"33,837.93","company":"1Coin","brand":"Wrapped Bitcoin","updated":"2021-07-10 23:16:19","brand1":"WB","day":"20210710","id":"8421362","type":"WBTC","code":"TC"},{"buy":"33,765.46","sell":"33,765.46","company":"1Coin","brand":"renBTC","updated":"2021-07-10 22:05:19","brand1":"r","day":"20210710","id":"8420504","type":"RENBTC","code":"RENBTC"},{"buy":"33,646.57","sell":"33,646.57","company":"1Coin","brand":"Bitcoin BEP2","updated":"2021-07-10 22:05:10","brand1":"BB","day":"20210710","id":"8420416","type":"BTCB","code":"BTCB"},{"buy":"33,064.72","sell":"33,064.72","company":"1Coin","brand":"yearn.finance","updated":"2021-07-10 22:05:13","brand1":"y","day":"20210710","id":"8420462","type":"YFI","code":"YFI"},{"buy":"2,679.93","sell":"2,679.93","company":"1Coin","brand":"Maker","updated":"2021-07-10 22:05:10","brand1":"M","day":"20210710","id":"8420412","type":"MKR","code":"KR"},{"buy":"2,153.89","sell":"2,153.89","company":"1Coin","brand":"DFI.Money","updated":"2021-07-10 22:05:46","brand1":"D","day":"20210710","id":"8420688","type":"YFII","code":"YFII"},{"buy":"2,119.84","sell":"2,119.84","company":"1Coin","brand":"Ethereum","updated":"2021-07-10 23:16:18","brand1":"E","day":"20210710","id":"8421355","type":"ETH","code":"TH"},{"buy":"2,119.84","sell":"2,119.84","company":"1Coin","brand":"Ethereum 2","updated":"2021-07-10 23:16:18","brand1":"E2","day":"20210710","id":"8421356","type":"ETH2","code":"ETH2"},{"buy":"2,111.58","sell":"2,111.58","company":"1Coin","brand":"stETH","updated":"2021-07-10 22:05:33","brand1":"s","day":"20210710","id":"8420612","type":"STETH","code":"STETH"},{"buy":"1,807.53","sell":"1,807.53","company":"1Coin","brand":"PAX Gold","updated":"2021-07-10 22:05:39","brand1":"PG","day":"20210710","id":"8420654","type":"PAXG","code":"PAXG"},{"buy":"677.11","sell":"677.11","company":"1Coin","brand":"Venus BTC","updated":"2021-07-10 22:05:38","brand1":"VB","day":"20210710","id":"8420644","type":"VBTC","code":"TC"},{"buy":"496.09","sell":"496.09","company":"1Coin","brand":"Bitcoin Cash","updated":"2021-07-10 23:16:19","brand1":"BC","day":"20210710","id":"8421359","type":"BCH","code":"H"},{"buy":"495.06","sell":"495.06","company":"1Coin","brand":"QuickSwap","updated":"2021-07-10 12:05:46","brand1":"Q","day":"20210710","id":"8418544","type":"QUICK","code":"UICK"},{"buy":"436.01","sell":"436.01","company":"1Coin","brand":"Compound","updated":"2021-07-10 22:05:10","brand1":"C","day":"20210710","id":"8420431","type":"COMP","code":"OMP"},{"buy":"337.03","sell":"337.03","company":"1Coin","brand":"Alchemix","updated":"2021-07-10 22:05:43","brand1":"A","day":"20210710","id":"8420674","type":"ALCX","code":"LCX"},{"buy":"317.40","sell":"317.40","company":"1Coin","brand":"Binance Coin","updated":"2021-07-10 23:16:18","brand1":"BC","day":"20210710","id":"8421357","type":"BNB","code":"BNB"},{"buy":"315.04","sell":"315.04","company":"1Coin","brand":"Wrapped BNB","updated":"2021-07-10 22:05:31","brand1":"WB","day":"20210710","id":"8420604","type":"WBNB","code":"NB"},{"buy":"299.02","sell":"299.02","company":"1Coin","brand":"Aave","updated":"2021-07-10 23:16:20","brand1":"Aave","day":"20210710","id":"8421368","type":"AAVE","code":"AAVE"},{"buy":"215.20","sell":"215.20","company":"1Coin","brand":"Monero","updated":"2021-07-10 23:16:20","brand1":"M","day":"20210710","id":"8421367","type":"XMR","code":"XR"},{"buy":"207.44","sell":"207.44","company":"1Coin","brand":"Kusama","updated":"2021-07-10 22:05:11","brand1":"K","day":"20210710","id":"8420440","type":"KSM","code":"SM"},{"buy":"184.50","sell":"184.50","company":"1Coin","brand":"Gnosis","updated":"2021-07-10 22:05:22","brand1":"G","day":"20210710","id":"8420516","type":"GNO","code":"NO"},{"buy":"163.96","sell":"163.96","company":"1Coin","brand":"Cream Finance","updated":"2021-07-10 22:05:41","brand1":"CF","day":"20210710","id":"8420659","type":"CREAM","code":"CREAM"},{"buy":"138.21","sell":"138.21","company":"1Coin","brand":"Bitcoin SV","updated":"2021-07-10 22:05:10","brand1":"BS","day":"20210710","id":"8420413","type":"BSV","code":"V"},{"buy":"132.70","sell":"132.70","company":"1Coin","brand":"Litecoin","updated":"2021-07-10 23:16:19","brand1":"L","day":"20210710","id":"8421360","type":"LTC","code":"TC"},{"buy":"129.98","sell":"129.98","company":"1Coin","brand":"Decred","updated":"2021-07-10 22:05:11","brand1":"D","day":"20210710","id":"8420442","type":"DCR","code":"CR"},{"buy":"126.38","sell":"126.38","company":"1Coin","brand":"Dash","updated":"2021-07-10 22:05:13","brand1":"Dash","day":"20210710","id":"8420458","type":"DASH","code":"DASH"},{"buy":"109.74","sell":"109.74","company":"1Coin","brand":"Zcash","updated":"2021-07-10 22:05:13","brand1":"Z","day":"20210710","id":"8420454","type":"ZEC","code":"EC"},{"buy":"102.65","sell":"102.65","company":"1Coin","brand":"Counos X","updated":"2021-07-10 22:05:31","brand1":"CX","day":"20210710","id":"8420605","type":"CCXX","code":"CX"},{"buy":"89.59","sell":"89.59","company":"1Coin","brand":"Elrond","updated":"2021-07-10 22:05:11","brand1":"E","day":"20210710","id":"8420441","type":"EGLD","code":"GLD"},{"buy":"89.08","sell":"89.08","company":"1Coin","brand":"Enzyme","updated":"2021-07-10 22:05:26","brand1":"E","day":"20210710","id":"8420565","type":"MLN","code":"MLN"},{"buy":"81.20","sell":"81.20","company":"1Coin","brand":"Quant","updated":"2021-07-10 22:05:14","brand1":"Q","day":"20210710","id":"8420473","type":"QNT","code":"NT"},{"buy":"80.88","sell":"80.88","company":"1Coin","brand":"NXM","updated":"2021-07-10 22:05:34","brand1":"NXM","day":"20210710","id":"8420619","type":"NXM","code":""},{"buy":"59.18","sell":"59.18","company":"1Coin","brand":"Horizen","updated":"2021-07-10 22:05:16","brand1":"H","day":"20210710","id":"8420488","type":"ZEN","code":"ZEN"},{"buy":"59.15","sell":"59.15","company":"1Coin","brand":"Wrapped NXM","updated":"2021-07-10 22:05:42","brand1":"WN","day":"20210710","id":"8420661","type":"WNXM","code":"XM"},{"buy":"54.72","sell":"54.72","company":"1Coin","brand":"Filecoin","updated":"2021-07-10 23:16:20","brand1":"F","day":"20210710","id":"8421366","type":"FIL","code":"IL"},{"buy":"49.39","sell":"49.39","company":"1Coin","brand":"Ethereum Classic","updated":"2021-07-10 23:16:20","brand1":"EC","day":"20210710","id":"8421364","type":"ETC","code":"ETC"},{"buy":"44.84","sell":"44.84","company":"1Coin","brand":"Bitcoin Gold","updated":"2021-07-10 22:05:15","brand1":"BG","day":"20210710","id":"8420477","type":"BTG","code":"BTG"},{"buy":"42.56","sell":"42.56","company":"1Coin","brand":"Venus ETH","updated":"2021-07-10 22:05:45","brand1":"VE","day":"20210710","id":"8420684","type":"VETH","code":"TH"},{"buy":"40.56","sell":"40.56","company":"1Coin","brand":"Strike","updated":"2021-07-10 22:05:30","brand1":"S","day":"20210710","id":"8420586","type":"STRK","code":"TRK"},{"buy":"39.12","sell":"39.12","company":"1Coin","brand":"Internet Computer","updated":"2021-07-10 23:16:20","brand1":"IC","day":"20210710","id":"8421365","type":"ICP","code":"P"},{"buy":"34.25","sell":"34.25","company":"1Coin","brand":"Neo","updated":"2021-07-10 22:05:10","brand1":"Neo","day":"20210710","id":"8420417","type":"NEO","code":"NEO"},{"buy":"32.40","sell":"32.40","company":"1Coin","brand":"Solana","updated":"2021-07-10 23:06:08","brand1":"S","day":"20210710","id":"8421345","type":"SOL","code":"OL"},{"buy":"31.78","sell":"31.78","company":"1Coin","brand":"Numeraire","updated":"2021-07-10 22:05:27","brand1":"N","day":"20210710","id":"8420567","type":"NMR","code":"MR"},{"buy":"30.24","sell":"30.24","company":"1Coin","brand":"BarnBridge","updated":"2021-07-10 22:05:39","brand1":"B","day":"20210710","id":"8420655","type":"BOND","code":"OND"},{"buy":"30.01","sell":"30.01","company":"1Coin","brand":"FTX Token","updated":"2021-07-10 22:05:09","brand1":"FT","day":"20210710","id":"8420410","type":"FTT","code":"T"},{"buy":"26.85","sell":"26.85","company":"1Coin","brand":"Bitcoin Cash ABC","updated":"2021-07-10 22:05:34","brand1":"BCA","day":"20210710","id":"8420620","type":"BCHA","code":"BCHA"},{"buy":"21.98","sell":"21.98","company":"1Coin","brand":"Balancer","updated":"2021-07-10 22:05:29","brand1":"B","day":"20210710","id":"8420579","type":"BAL","code":"AL"},{"buy":"20.49","sell":"20.49","company":"1Coin","brand":"Uniswap","updated":"2021-07-10 23:16:19","brand1":"U","day":"20210710","id":"8421358","type":"UNI","code":"NI"},{"buy":"20.06","sell":"20.06","company":"1Coin","brand":"Augur","updated":"2021-07-10 22:05:26","brand1":"A","day":"20210710","id":"8420559","type":"REP","code":"REP"},{"buy":"20.06","sell":"20.06","company":"1Coin","brand":"REPv2","updated":"2021-07-10 22:05:26","brand1":"R","day":"20210710","id":"8420560","type":"REPV2","code":"EPV2"},{"buy":"19.99","sell":"19.99","company":"1Coin","brand":"Ampleforth Governance Token","updated":"2021-07-10 22:05:38","brand1":"AGT","day":"20210710","id":"8420643","type":"FORTH","code":"FORTH"},{"buy":"19.87","sell":"19.87","company":"1Coin","brand":"KLAYswap Protocol","updated":"2021-07-10 22:05:37","brand1":"KP","day":"20210710","id":"8420640","type":"KSP","code":"KSP"},{"buy":"18.74","sell":"18.74","company":"1Coin","brand":"Venus","updated":"2021-07-10 22:05:25","brand1":"V","day":"20210710","id":"8420555","type":"XVS","code":"XS"},{"buy":"18.54","sell":"18.54","company":"1Coin","brand":"Uquid Coin","updated":"2021-07-10 22:05:25","brand1":"UC","day":"20210710","id":"8420557","type":"UQC","code":"UQC"},{"buy":"18.47","sell":"18.47","company":"1Coin","brand":"Axie Infinity Shards","updated":"2021-07-10 22:05:14","brand1":"AIS","day":"20210710","id":"8420465","type":"AXS","code":"AXS"},{"buy":"18.39","sell":"18.39","company":"1Coin","brand":"Flow","updated":"2021-07-10 22:05:15","brand1":"Flow","day":"20210710","id":"8420480","type":"FLOW","code":"FLOW"},{"buy":"18.15","sell":"18.15","company":"1Coin","brand":"Chainlink","updated":"2021-07-10 23:16:19","brand1":"C","day":"20210710","id":"8421361","type":"LINK","code":"LINK"},{"buy":"17.99","sell":"17.99","company":"1Coin","brand":"Bitcoin Standard Hashrate Token","updated":"2021-07-10 22:05:25","brand1":"BSHT","day":"20210710","id":"8420551","type":"BTCST","code":"BTCST"},{"buy":"15.58","sell":"15.58","company":"1Coin","brand":"Livepeer","updated":"2021-07-10 22:05:20","brand1":"L","day":"20210710","id":"8420508","type":"LPT","code":"PT"},{"buy":"15.34","sell":"15.34","company":"1Coin","brand":"Polkadot","updated":"2021-07-10 23:06:08","brand1":"P","day":"20210710","id":"8421341","type":"DOT","code":"DOT"},{"buy":"14.76","sell":"14.76","company":"1Coin","brand":"PancakeSwap","updated":"2021-07-10 22:05:09","brand1":"P","day":"20210710","id":"8420409","type":"CAKE","code":"CAKE"},{"buy":"14.16","sell":"14.16","company":"1Coin","brand":"Waves","updated":"2021-07-10 22:05:12","brand1":"W","day":"20210710","id":"8420449","type":"WAVES","code":"AVES"},{"buy":"13.46","sell":"13.46","company":"1Coin","brand":"Cosmos","updated":"2021-07-10 22:05:09","brand1":"C","day":"20210710","id":"8420408","type":"ATOM","code":"ATOM"},{"buy":"13.03","sell":"13.03","company":"1Coin","brand":"Helium","updated":"2021-07-10 22:05:14","brand1":"H","day":"20210710","id":"8420464","type":"HNT","code":"NT"},{"buy":"12.99","sell":"12.99","company":"1Coin","brand":"KuCoin Token","updated":"2021-07-10 22:05:14","brand1":"KT","day":"20210710","id":"8420468","type":"KCS","code":"KCS"},{"buy":"12.81","sell":"12.81","company":"1Coin","brand":"Prometeus","updated":"2021-07-10 22:05:23","brand1":"P","day":"20210710","id":"8420547","type":"PROM","code":"ROM"},{"buy":"12.21","sell":"12.21","company":"1Coin","brand":"Avalanche","updated":"2021-07-10 22:05:11","brand1":"A","day":"20210710","id":"8420438","type":"AVAX","code":"VX"},{"buy":"11.24","sell":"11.24","company":"1Coin","brand":"NewYork Exchange","updated":"2021-07-10 22:05:47","brand1":"NE","day":"20210710","id":"8420698","type":"NYE","code":"NYE"},{"buy":"11.07","sell":"11.07","company":"1Coin","brand":"The Transfer Token","updated":"2021-07-10 22:05:33","brand1":"TTT","day":"20210710","id":"8420613","type":"TTT","code":""},{"buy":"10.98","sell":"10.98","company":"1Coin","brand":"Synthetix Network Token","updated":"2021-07-10 21:05:13","brand1":"SNT","day":"20210710","id":"8420459","type":"SNX","code":"SNX"},{"buy":"10.61","sell":"10.61","company":"1Coin","brand":"Arweave","updated":"2021-07-10 22:05:19","brand1":"A","day":"20210710","id":"8420505","type":"AR","code":"R"},{"buy":"10.26","sell":"10.26","company":"1Coin","brand":"MCO","updated":"2021-07-10 22:05:26","brand1":"MCO","day":"20210710","id":"8420561","type":"MCO","code":""},{"buy":"9.90","sell":"9.90","company":"1Coin","brand":"Rocket Pool","updated":"2021-07-10 22:05:41","brand1":"RP","day":"20210710","id":"8420658","type":"RPL","code":"L"},{"buy":"9.76","sell":"9.76","company":"1Coin","brand":"OKB","updated":"2021-07-10 22:05:18","brand1":"OKB","day":"20210710","id":"8420496","type":"OKB","code":""},{"buy":"9.46","sell":"9.46","company":"1Coin","brand":"Huobi Token","updated":"2021-07-10 22:05:11","brand1":"HT","day":"20210710","id":"8420444","type":"HT","code":""},{"buy":"9.09","sell":"9.09","company":"1Coin","brand":"UMA","updated":"2021-07-10 21:05:18","brand1":"UMA","day":"20210710","id":"8420498","type":"UMA","code":""},{"buy":"8.93","sell":"8.93","company":"1Coin","brand":"Badger DAO","updated":"2021-07-10 22:05:44","brand1":"BD","day":"20210710","id":"8420683","type":"BADGER","code":"BADGER"},{"buy":"8.91","sell":"8.91","company":"1Coin","brand":"TitanSwap","updated":"2021-07-10 22:05:34","brand1":"T","day":"20210710","id":"8420621","type":"TITAN","code":"IAN"},{"buy":"8.55","sell":"8.55","company":"1Coin","brand":"LUKSO","updated":"2021-07-10 22:05:38","brand1":"L","day":"20210710","id":"8420647","type":"LYXE","code":"YXE"},{"buy":"8.54","sell":"8.54","company":"1Coin","brand":"Perpetual Protocol","updated":"2021-07-10 22:05:34","brand1":"PP","day":"20210710","id":"8420624","type":"PERP","code":"PERP"},{"buy":"8.29","sell":"8.29","company":"1Coin","brand":"Haven Protocol","updated":"2021-07-10 02:05:58","brand1":"HP","day":"20210710","id":"8415430","type":"XHV","code":"XHV"},{"buy":"8.08","sell":"8.08","company":"1Coin","brand":"SushiSwap","updated":"2021-07-10 22:05:14","brand1":"S","day":"20210710","id":"8420470","type":"SUSHI","code":"UHI"},{"buy":"7.83","sell":"7.83","company":"1Coin","brand":"Terra","updated":"2021-07-10 23:16:20","brand1":"T","day":"20210710","id":"8421369","type":"LUNA","code":"LUNA"},{"buy":"7.67","sell":"7.67","company":"1Coin","brand":"Persistence","updated":"2021-07-10 22:05:35","brand1":"P","day":"20210710","id":"8420628","type":"XPRT","code":"XRT"},{"buy":"7.47","sell":"7.47","company":"1Coin","brand":"Dero","updated":"2021-07-10 22:05:47","brand1":"Dero","day":"20210710","id":"8420692","type":"DERO","code":"DERO"},{"buy":"7.15","sell":"7.15","company":"1Coin","brand":"Zelwin","updated":"2021-07-10 16:01:36","brand1":"Z","day":"20210710","id":"8419500","type":"ZLW","code":"LW"},{"buy":"6.74","sell":"6.74","company":"1Coin","brand":"Injective Protocol","updated":"2021-07-10 21:05:25","brand1":"IP","day":"20210710","id":"8420552","type":"INJ","code":"INJ"},{"buy":"6.72","sell":"6.72","company":"1Coin","brand":"MyNeighborAlice","updated":"2021-07-10 22:05:30","brand1":"M","day":"20210710","id":"8420600","type":"ALICE","code":"ALICE"},{"buy":"6.53","sell":"6.53","company":"1Coin","brand":"Qtum","updated":"2021-07-10 22:05:17","brand1":"Qtum","day":"20210710","id":"8420490","type":"QTUM","code":"QTUM"},{"buy":"6.40","sell":"6.40","company":"1Coin","brand":"Venus BNB","updated":"2021-07-10 22:05:34","brand1":"VB","day":"20210710","id":"8420618","type":"VBNB","code":"NB"},{"buy":"6.38","sell":"6.38","company":"1Coin","brand":"Band Protocol","updated":"2021-07-10 22:05:23","brand1":"BP","day":"20210710","id":"8420530","type":"BAND","code":"BAND"},{"buy":"6.29","sell":"6.29","company":"1Coin","brand":"Gitcoin","updated":"2021-07-10 22:05:44","brand1":"G","day":"20210710","id":"8420680","type":"GTC","code":"TC"},{"buy":"6.22","sell":"6.22","company":"1Coin","brand":"Celsius","updated":"2021-07-10 22:05:13","brand1":"C","day":"20210710","id":"8420450","type":"CEL","code":"EL"},{"buy":"6.06","sell":"6.06","company":"1Coin","brand":"THORChain","updated":"2021-07-10 22:05:13","brand1":"T","day":"20210710","id":"8420453","type":"RUNE","code":"RUNE"},{"buy":"6.00","sell":"6.00","company":"1Coin","brand":"Ergo","updated":"2021-07-10 21:05:25","brand1":"Ergo","day":"20210710","id":"8420556","type":"ERG","code":"ERG"},{"buy":"5.99","sell":"5.99","company":"1Coin","brand":"THETA","updated":"2021-07-10 23:16:19","brand1":"T","day":"20210710","id":"8421363","type":"THETA","code":"HEA"},{"buy":"5.38","sell":"5.38","company":"1Coin","brand":"Energy Web Token","updated":"2021-07-10 20:05:26","brand1":"EWT","day":"20210710","id":"8420562","type":"EWT","code":""},{"buy":"5.23","sell":"5.23","company":"1Coin","brand":"Orion Protocol","updated":"2021-07-10 21:05:37","brand1":"OP","day":"20210710","id":"8420641","type":"ORN","code":"ORN"},{"buy":"4.81","sell":"4.81","company":"1Coin","brand":"INO COIN","updated":"2021-07-10 22:05:33","brand1":"IC","day":"20210710","id":"8420616","type":"INO","code":"INO"},{"buy":"4.42","sell":"4.42","company":"1Coin","brand":"Kava.io","updated":"2021-07-10 22:05:21","brand1":"K","day":"20210710","id":"8420510","type":"KAVA","code":"AVA"},{"buy":"4.41","sell":"4.41","company":"1Coin","brand":"Nano","updated":"2021-07-10 20:03:23","brand1":"Nano","day":"20210710","id":"8420002","type":"NANO","code":"NANO"},{"buy":"4.07","sell":"4.07","company":"1Coin","brand":"OMG Network","updated":"2021-07-10 22:05:18","brand1":"ON","day":"20210710","id":"8420497","type":"OMG","code":"OMG"},{"buy":"4.02","sell":"4.02","company":"1Coin","brand":"EOS","updated":"2021-07-10 22:15:18","brand1":"EOS","day":"20210710","id":"8421272","type":"EOS","code":""},{"buy":"3.73","sell":"3.73","company":"1Coin","brand":"Mirror Protocol","updated":"2021-07-10 22:05:35","brand1":"MP","day":"20210710","id":"8420627","type":"MIR","code":"MIR"},{"buy":"3.69","sell":"3.69","company":"1Coin","brand":"Aragon","updated":"2021-07-10 22:05:29","brand1":"A","day":"20210710","id":"8420580","type":"ANT","code":"NT"},{"buy":"3.40","sell":"3.40","company":"1Coin","brand":"Hellenic Coin","updated":"2021-07-10 22:05:35","brand1":"HC","day":"20210710","id":"8420631","type":"HNC","code":"HNC"},{"buy":"3.26","sell":"3.26","company":"1Coin","brand":"Raydium","updated":"2021-07-10 18:01:39","brand1":"R","day":"20210710","id":"8419550","type":"RAY","code":"AY"},{"buy":"3.20","sell":"3.20","company":"1Coin","brand":"Bancor Network Token","updated":"2021-07-10 21:05:16","brand1":"BNT","day":"20210710","id":"8420482","type":"BNT","code":""},{"buy":"3.13","sell":"3.13","company":"1Coin","brand":"GateToken","updated":"2021-07-10 22:05:22","brand1":"G","day":"20210710","id":"8420517","type":"GT","code":"T"},{"buy":"3.12","sell":"3.12","company":"1Coin","brand":"Serum","updated":"2021-07-10 22:05:27","brand1":"S","day":"20210710","id":"8420578","type":"SRM","code":"RM"},{"buy":"3.10","sell":"3.10","company":"1Coin","brand":"Akash Network","updated":"2021-07-10 22:05:35","brand1":"AN","day":"20210710","id":"8420635","type":"AKT","code":"AKT"},{"buy":"3.04","sell":"3.04","company":"1Coin","brand":"Dawn Protocol","updated":"2021-07-10 22:05:35","brand1":"DP","day":"20210710","id":"8420634","type":"DAWN","code":"DAWN"},{"buy":"2.97","sell":"2.97","company":"1Coin","brand":"Elitium","updated":"2021-07-10 22:05:46","brand1":"E","day":"20210710","id":"8420689","type":"EUM","code":"UM"},{"buy":"2.93","sell":"2.93","company":"1Coin","brand":"iExec RLC","updated":"2021-07-10 22:05:22","brand1":"iR","day":"20210710","id":"8420524","type":"RLC","code":"RLC"},{"buy":"2.91","sell":"2.91","company":"1Coin","brand":"Celo","updated":"2021-07-10 22:05:15","brand1":"Celo","day":"20210710","id":"8420481","type":"CGLD","code":"CGLD"},{"buy":"2.87","sell":"2.87","company":"1Coin","brand":"UNUS SED LEO","updated":"2021-07-10 22:05:10","brand1":"USL","day":"20210710","id":"8420411","type":"LEO","code":"LEO"},{"buy":"2.81","sell":"2.81","company":"1Coin","brand":"CRYPTO20","updated":"2021-07-10 20:03:44","brand1":"C","day":"20210710","id":"8420156","type":"C20","code":"20"},{"buy":"2.75","sell":"2.75","company":"1Coin","brand":"Tezos","updated":"2021-07-10 21:05:10","brand1":"T","day":"20210710","id":"8420428","type":"XTZ","code":"XZ"},{"buy":"2.50","sell":"2.50","company":"1Coin","brand":"1inch","updated":"2021-07-10 22:05:19","brand1":"1","day":"20210710","id":"8420501","type":"1INCH","code":"INCH"},{"buy":"2.50","sell":"2.50","company":"1Coin","brand":"Creditcoin","updated":"2021-07-10 22:05:33","brand1":"C","day":"20210710","id":"8420608","type":"CTC","code":"T"},{"buy":"2.49","sell":"2.49","company":"1Coin","brand":"Tokenlon Network Token","updated":"2021-07-10 22:05:43","brand1":"TNT","day":"20210710","id":"8420664","type":"LON","code":"LON"},{"buy":"2.48","sell":"2.48","company":"1Coin","brand":"TomoChain","updated":"2021-07-10 22:05:25","brand1":"T","day":"20210710","id":"8420548","type":"TOMO","code":"OMO"},{"buy":"2.46","sell":"2.46","company":"1Coin","brand":"Lisk","updated":"2021-07-10 20:05:20","brand1":"Lisk","day":"20210710","id":"8420509","type":"LSK","code":"LSK"},{"buy":"2.23","sell":"2.23","company":"1Coin","brand":"DeFiChain","updated":"2021-07-10 20:05:33","brand1":"D","day":"20210710","id":"8420617","type":"DFI","code":"FI"},{"buy":"2.18","sell":"2.18","company":"1Coin","brand":"Voyager Token","updated":"2021-07-10 22:05:19","brand1":"VT","day":"20210710","id":"8420500","type":"VGX","code":"VGX"},{"buy":"2.10","sell":"2.10","company":"1Coin","brand":"Anchor Protocol","updated":"2021-07-10 22:05:37","brand1":"AP","day":"20210710","id":"8420639","type":"ANC","code":"ANC"},{"buy":"2.09","sell":"2.09","company":"1Coin","brand":"Bitcoin Diamond","updated":"2021-07-10 20:05:19","brand1":"BD","day":"20210710","id":"8420502","type":"BCD","code":"BCD"},{"buy":"2.07","sell":"2.07","company":"1Coin","brand":"Travala.com","updated":"2021-07-10 21:05:39","brand1":"T","day":"20210710","id":"8420657","type":"AVA","code":"AVA"},{"buy":"2.06","sell":"2.06","company":"1Coin","brand":"NEAR Protocol","updated":"2021-07-10 20:05:15","brand1":"NP","day":"20210710","id":"8420476","type":"NEAR","code":"NEAR"},{"buy":"2.00","sell":"2.00","company":"1Coin","brand":"BakeryToken","updated":"2021-07-10 19:05:18","brand1":"B","day":"20210710","id":"8420499","type":"BAKE","code":"AKE"},{"buy":"1.96","sell":"1.96","company":"1Coin","brand":"Populous","updated":"2021-07-10 22:05:39","brand1":"P","day":"20210710","id":"8420656","type":"PPT","code":"T"},{"buy":"1.92","sell":"1.92","company":"1Coin","brand":"Swipe","updated":"2021-07-10 20:05:26","brand1":"S","day":"20210710","id":"8420558","type":"SXP","code":"XP"},{"buy":"1.91","sell":"1.91","company":"1Coin","brand":"Pirate Chain","updated":"2021-07-10 19:03:39","brand1":"PC","day":"20210710","id":"8420116","type":"ARRR","code":"ARRR"},{"buy":"1.90","sell":"1.90","company":"1Coin","brand":"KOK","updated":"2021-07-10 20:05:37","brand1":"KOK","day":"20210710","id":"8420636","type":"KOK","code":""},{"buy":"1.78","sell":"1.78","company":"1Coin","brand":"botXcoin","updated":"2021-07-10 22:05:31","brand1":"b","day":"20210710","id":"8420601","type":"BOTX","code":"BOTX"},{"buy":"1.71","sell":"1.71","company":"1Coin","brand":"Bonfida","updated":"2021-07-10 10:03:55","brand1":"B","day":"20210710","id":"8418030","type":"FIDA","code":"FIDA"},{"buy":"1.71","sell":"1.71","company":"1Coin","brand":"Curve DAO Token","updated":"2021-07-10 20:05:17","brand1":"CDT","day":"20210710","id":"8420489","type":"CRV","code":"CRV"},{"buy":"1.63","sell":"1.63","company":"1Coin","brand":"Mdex","updated":"2021-07-10 18:05:15","brand1":"Mdex","day":"20210710","id":"8420475","type":"MDX","code":"MDX"},{"buy":"1.62","sell":"1.62","company":"1Coin","brand":"Nexo","updated":"2021-07-10 22:05:15","brand1":"Nexo","day":"20210710","id":"8420474","type":"NEXO","code":"NEXO"},{"buy":"1.58","sell":"1.58","company":"1Coin","brand":"Stratis","updated":"2021-07-10 22:05:23","brand1":"S","day":"20210710","id":"8420543","type":"STRAX","code":"TRAX"},{"buy":"1.54","sell":"1.54","company":"1Coin","brand":"Metal","updated":"2021-07-10 22:05:42","brand1":"M","day":"20210710","id":"8420660","type":"MTL","code":"TL"},{"buy":"1.50","sell":"1.50","company":"1Coin","brand":"Kyber Network","updated":"2021-07-10 20:03:26","brand1":"KN","day":"20210710","id":"8420027","type":"KNC","code":"C"},{"buy":"1.44","sell":"1.44","company":"1Coin","brand":"Unibright","updated":"2021-07-10 22:05:23","brand1":"U","day":"20210710","id":"8420535","type":"UBT","code":"BT"},{"buy":"1.36","sell":"1.36","company":"1Coin","brand":"Tokocrypto","updated":"2021-07-10 12:05:37","brand1":"T","day":"20210710","id":"8418493","type":"TKO","code":"KO"},{"buy":"1.34","sell":"1.34","company":"1Coin","brand":"Enjin Coin","updated":"2021-07-10 20:03:19","brand1":"EC","day":"20210710","id":"8419967","type":"ENJ","code":"ENJ"},{"buy":"1.34","sell":"1.34","company":"1Coin","brand":"MonaCoin","updated":"2021-07-10 18:01:45","brand1":"M","day":"20210710","id":"8419643","type":"MONA","code":"ONA"},{"buy":"1.34","sell":"1.34","company":"1Coin","brand":"Stacks","updated":"2021-07-10 22:05:11","brand1":"S","day":"20210710","id":"8420447","type":"STX","code":"TX"},{"buy":"1.33","sell":"1.33","company":"1Coin","brand":"Cardano","updated":"2021-07-10 18:11:17","brand1":"C","day":"20210710","id":"8419712","type":"ADA","code":"ADA"},{"buy":"1.33","sell":"1.33","company":"1Coin","brand":"XeniosCoin","updated":"2021-07-10 10:03:48","brand1":"X","day":"20210710","id":"8417978","type":"XNC","code":"NC"},{"buy":"1.23","sell":"1.23","company":"1Coin","brand":"Mina","updated":"2021-07-10 22:05:23","brand1":"Mina","day":"20210710","id":"8420538","type":"MINA","code":"MINA"},{"buy":"1.16","sell":"1.16","company":"1Coin","brand":"Polkastarter","updated":"2021-07-10 19:05:46","brand1":"P","day":"20210710","id":"8420685","type":"POLS","code":"OLS"},{"buy":"1.08","sell":"1.08","company":"1Coin","brand":"Pundi X[new]","updated":"2021-07-10 18:01:37","brand1":"PX","day":"20210710","id":"8419532","type":"PUNDIX","code":"PUNDIX"},{"buy":"1.08","sell":"1.08","company":"1Coin","brand":"WazirX","updated":"2021-07-10 10:03:26","brand1":"W","day":"20210710","id":"8417729","type":"WRX","code":"RX"},{"buy":"1.06","sell":"1.06","company":"1Coin","brand":"DODO","updated":"2021-07-10 22:05:30","brand1":"DODO","day":"20210710","id":"8420597","type":"DODO","code":""},{"buy":"1.05","sell":"1.05","company":"1Coin","brand":"MATH","updated":"2021-07-10 22:05:38","brand1":"MATH","day":"20210710","id":"8420653","type":"MATH","code":""},{"buy":"1.04","sell":"1.04","company":"1Coin","brand":"Polygon","updated":"2021-07-10 09:53:55","brand1":"P","day":"20210710","id":"8418124","type":"MATIC","code":"MATIC"},{"buy":"1.02","sell":"1.02","company":"1Coin","brand":"HedgeTrade","updated":"2021-07-10 18:01:36","brand1":"H","day":"20210710","id":"8419518","type":"HEDG","code":"EDG"},{"buy":"1.01","sell":"1.01","company":"1Coin","brand":"Liquity USD","updated":"2021-07-10 00:04:16","brand1":"LU","day":"20210710","id":"8414864","type":"LUSD","code":"SD"},{"buy":"1.00","sell":"1.00","company":"1Coin","brand":"Gemini Dollar","updated":"2021-07-10 07:01:32","brand1":"GD","day":"20210710","id":"8416509","type":"GUSD","code":"GUSD"},{"buy":"0.99","sell":"0.99","company":"1Coin","brand":"Bitpanda Ecosystem Token","updated":"2021-07-10 08:01:44","brand1":"BET","day":"20210710","id":"8416817","type":"BEST","code":"BEST"},{"buy":"0.98","sell":"0.98","company":"1Coin","brand":"Ampleforth","updated":"2021-07-10 08:01:40","brand1":"A","day":"20210710","id":"8416730","type":"AMPL","code":"MPL"},{"buy":"0.97","sell":"0.97","company":"1Coin","brand":"Storj","updated":"2021-07-10 22:05:22","brand1":"S","day":"20210710","id":"8420515","type":"STORJ","code":"TORJ"},{"buy":"0.96","sell":"0.96","company":"1Coin","brand":"Sologenic","updated":"2021-07-10 22:05:37","brand1":"S","day":"20210710","id":"8420638","type":"SOLO","code":"OLO"},{"buy":"0.95","sell":"0.95","company":"1Coin","brand":"Ark","updated":"2021-07-10 22:05:30","brand1":"Ark","day":"20210710","id":"8420583","type":"ARK","code":"ARK"},{"buy":"0.95","sell":"0.95","company":"1Coin","brand":"Klaytn","updated":"2021-07-10 19:05:10","brand1":"K","day":"20210710","id":"8420427","type":"KLAY","code":"LAY"},{"buy":"0.93","sell":"0.93","company":"1Coin","brand":"ICON","updated":"2021-07-10 22:05:18","brand1":"ICON","day":"20210710","id":"8420495","type":"ICX","code":"ICX"},{"buy":"0.88","sell":"0.88","company":"1Coin","brand":"Algorand","updated":"2021-07-10 20:03:15","brand1":"A","day":"20210710","id":"8419922","type":"ALGO","code":"LGO"},{"buy":"0.88","sell":"0.88","company":"1Coin","brand":"Vai","updated":"2021-07-10 08:01:57","brand1":"Vai","day":"20210710","id":"8417054","type":"VAI","code":"VAI"},{"buy":"0.87","sell":"0.87","company":"1Coin","brand":"TrustSwap","updated":"2021-07-10 08:01:58","brand1":"T","day":"20210710","id":"8417103","type":"SWAP","code":"SWAP"},{"buy":"0.84","sell":"0.84","company":"1Coin","brand":"Audius","updated":"2021-07-10 18:01:43","brand1":"A","day":"20210710","id":"8419612","type":"AUDIO","code":"UDIO"},{"buy":"0.83","sell":"0.83","company":"1Coin","brand":"0x","updated":"2021-07-10 22:05:16","brand1":"0x","day":"20210710","id":"8420487","type":"ZRX","code":"ZRX"},{"buy":"0.80","sell":"0.80","company":"1Coin","brand":"IOTA","updated":"2021-07-10 21:05:11","brand1":"IOTA","day":"20210710","id":"8420435","type":"MIOTA","code":"M"},{"buy":"0.80","sell":"0.80","company":"1Coin","brand":"ZKSwap","updated":"2021-07-10 22:05:27","brand1":"Z","day":"20210710","id":"8420577","type":"ZKS","code":"KS"},{"buy":"0.79","sell":"0.79","company":"1Coin","brand":"Alpha Finance Lab","updated":"2021-07-10 22:05:22","brand1":"AFL","day":"20210710","id":"8420527","type":"ALPHA","code":"ALPHA"},{"buy":"0.77","sell":"0.77","company":"1Coin","brand":"Decentraland","updated":"2021-07-10 22:05:13","brand1":"D","day":"20210710","id":"8420457","type":"MANA","code":"MANA"},{"buy":"0.77","sell":"0.77","company":"1Coin","brand":"Komodo","updated":"2021-07-10 12:05:42","brand1":"K","day":"20210710","id":"8418515","type":"KMD","code":"MD"},{"buy":"0.76","sell":"0.76","company":"1Coin","brand":"Doctors Coin","updated":"2021-07-10 10:03:43","brand1":"DC","day":"20210710","id":"8417923","type":"DRS","code":"DRS"},{"buy":"0.75","sell":"0.75","company":"1Coin","brand":"Origin Token","updated":"2021-07-10 20:03:28","brand1":"OT","day":"20210710","id":"8420035","type":"OGN","code":"OGN"},{"buy":"0.72","sell":"0.72","company":"1Coin","brand":"Ontology Gas","updated":"2021-07-10 10:03:31","brand1":"OG","day":"20210710","id":"8417797","type":"ONG","code":"ONG"},{"buy":"0.72","sell":"0.72","company":"1Coin","brand":"SafePal","updated":"2021-07-10 16:03:53","brand1":"S","day":"20210710","id":"8420194","type":"SFP","code":"FP"},{"buy":"0.70","sell":"0.70","company":"1Coin","brand":"EFFORCE","updated":"2021-07-10 22:05:47","brand1":"E","day":"20210710","id":"8420697","type":"WOZX","code":"WOZX"},{"buy":"0.69","sell":"0.69","company":"1Coin","brand":"Ontology","updated":"2021-07-10 10:03:24","brand1":"O","day":"20210710","id":"8417687","type":"ONT","code":"NT"},{"buy":"0.68","sell":"0.68","company":"1Coin","brand":"Orbit Chain","updated":"2021-07-10 02:01:36","brand1":"OC","day":"20210710","id":"8419525","type":"ORC","code":"ORC"},{"buy":"0.66","sell":"0.66","company":"1Coin","brand":"MaidSafeCoin","updated":"2021-07-10 18:01:24","brand1":"M","day":"20210710","id":"8419365","type":"MAID","code":"AID"},{"buy":"0.66","sell":"0.66","company":"1Coin","brand":"The Graph","updated":"2021-07-10 13:05:11","brand1":"TG","day":"20210710","id":"8420439","type":"GRT","code":"GRT"},{"buy":"0.65","sell":"0.65","company":"1Coin","brand":"Mobilian Coin","updated":"2021-07-10 22:05:44","brand1":"MC","day":"20210710","id":"8420677","type":"MBN","code":"MBN"},{"buy":"0.65","sell":"0.65","company":"1Coin","brand":"Newscrypto","updated":"2021-07-10 20:03:47","brand1":"N","day":"20210710","id":"8420165","type":"NWC","code":"WC"},{"buy":"0.64","sell":"0.64","company":"1Coin","brand":"Wootrade","updated":"2021-07-10 10:03:29","brand1":"W","day":"20210710","id":"8417750","type":"WOO","code":"OO"},{"buy":"0.63","sell":"0.63","company":"1Coin","brand":"RNDR Token","updated":"2021-07-10 20:03:48","brand1":"RT","day":"20210710","id":"8420172","type":"RNDR","code":"RNDR"},{"buy":"0.62","sell":"0.62","company":"1Coin","brand":"XRP","updated":"2021-07-10 20:53:54","brand1":"XRP","day":"20210710","id":"8420267","type":"XRP","code":""},{"buy":"0.61","sell":"0.61","company":"1Coin","brand":"SwissBorg","updated":"2021-07-10 20:03:23","brand1":"S","day":"20210710","id":"8420000","type":"CHSB","code":"CHB"},{"buy":"0.61","sell":"0.61","company":"1Coin","brand":"Tribe","updated":"2021-07-10 00:01:39","brand1":"T","day":"20210710","id":"8419557","type":"TRIBE","code":"RIBE"},{"buy":"0.58","sell":"0.58","company":"1Coin","brand":"Wanchain","updated":"2021-07-10 10:03:37","brand1":"W","day":"20210710","id":"8417853","type":"WAN","code":"AN"},{"buy":"0.56","sell":"0.56","company":"1Coin","brand":"Basic Attention Token","updated":"2021-07-10 18:01:17","brand1":"BAT","day":"20210710","id":"8419264","type":"BAT","code":""},{"buy":"0.53","sell":"0.53","company":"1Coin","brand":"Hxro","updated":"2021-07-10 02:05:59","brand1":"Hxro","day":"20210710","id":"8415432","type":"HXRO","code":"HXRO"},{"buy":"0.52","sell":"0.52","company":"1Coin","brand":"The Sandbox","updated":"2021-07-10 20:03:24","brand1":"TS","day":"20210710","id":"8420018","type":"SAND","code":"SAND"},{"buy":"0.50","sell":"0.50","company":"1Coin","brand":"Ultra","updated":"2021-07-10 20:03:34","brand1":"U","day":"20210710","id":"8420086","type":"UOS","code":"OS"},{"buy":"0.49","sell":"0.49","company":"1Coin","brand":"Rally","updated":"2021-07-10 18:01:43","brand1":"R","day":"20210710","id":"8419616","type":"RLY","code":"LY"},{"buy":"0.43","sell":"0.43","company":"1Coin","brand":"GNY","updated":"2021-07-10 18:01:49","brand1":"GNY","day":"20210710","id":"8419679","type":"GNY","code":""},{"buy":"0.43","sell":"0.43","company":"1Coin","brand":"Ocean Protocol","updated":"2021-07-10 12:05:22","brand1":"OP","day":"20210710","id":"8418398","type":"OCEAN","code":"OCEAN"},{"buy":"0.42","sell":"0.42","company":"1Coin","brand":"Cartesi","updated":"2021-07-10 12:05:27","brand1":"C","day":"20210710","id":"8418434","type":"CTSI","code":"TSI"},{"buy":"0.40","sell":"0.40","company":"1Coin","brand":"Steem","updated":"2021-07-10 12:05:28","brand1":"S","day":"20210710","id":"8418440","type":"STEEM","code":"TEEM"},{"buy":"0.38","sell":"0.38","company":"1Coin","brand":"BitMax Token","updated":"2021-07-10 18:01:24","brand1":"BT","day":"20210710","id":"8419369","type":"BTMX","code":"MX"},{"buy":"0.38","sell":"0.38","company":"1Coin","brand":"Venus XVS","updated":"2021-07-10 18:01:48","brand1":"VX","day":"20210710","id":"8419665","type":"VXVS","code":"VS"},{"buy":"0.36","sell":"0.36","company":"1Coin","brand":"AllianceBlock","updated":"2021-07-10 02:03:53","brand1":"A","day":"20210710","id":"8420187","type":"ALBT","code":"LBT"},{"buy":"0.36","sell":"0.36","company":"1Coin","brand":"Ren","updated":"2021-07-10 18:01:21","brand1":"Ren","day":"20210710","id":"8419333","type":"REN","code":"REN"},{"buy":"0.35","sell":"0.35","company":"1Coin","brand":"Rakon","updated":"2021-07-10 18:01:48","brand1":"R","day":"20210710","id":"8419649","type":"RKN","code":"KN"},{"buy":"0.35","sell":"0.35","company":"1Coin","brand":"Theta Fuel","updated":"2021-07-10 10:03:17","brand1":"TF","day":"20210710","id":"8417594","type":"TFUEL","code":"UEL"},{"buy":"0.32","sell":"0.32","company":"1Coin","brand":"Golem","updated":"2021-07-10 10:03:27","brand1":"G","day":"20210710","id":"8417732","type":"GNT","code":"NT"},{"buy":"0.32","sell":"0.32","company":"1Coin","brand":"Trust Wallet Token","updated":"2021-07-10 18:01:49","brand1":"TWT","day":"20210710","id":"8419696","type":"TWT","code":""},{"buy":"0.31","sell":"0.31","company":"1Coin","brand":"Hive","updated":"2021-07-10 07:01:40","brand1":"Hive","day":"20210710","id":"8416709","type":"HIVE","code":"HIVE"},{"buy":"0.31","sell":"0.31","company":"1Coin","brand":"Orchid","updated":"2021-07-10 18:01:26","brand1":"O","day":"20210710","id":"8419408","type":"OXT","code":"XT"},{"buy":"0.30","sell":"0.30","company":"1Coin","brand":"Fetch.ai","updated":"2021-07-10 18:01:25","brand1":"F","day":"20210710","id":"8419395","type":"FET","code":"ET"},{"buy":"0.30","sell":"0.30","company":"1Coin","brand":"ZB Token","updated":"2021-07-10 10:03:35","brand1":"ZT","day":"20210710","id":"8417843","type":"ZB","code":"ZB"},{"buy":"0.27","sell":"0.27","company":"1Coin","brand":"Keep Network","updated":"2021-07-10 18:01:39","brand1":"KN","day":"20210710","id":"8419569","type":"KEEP","code":"KEEP"},{"buy":"0.27","sell":"0.27","company":"1Coin","brand":"OriginTrail","updated":"2021-07-10 22:05:43","brand1":"O","day":"20210710","id":"8420673","type":"TRAC","code":"TRAC"},{"buy":"0.26","sell":"0.26","company":"1Coin","brand":"Chiliz","updated":"2021-07-10 17:01:13","brand1":"C","day":"20210710","id":"8419193","type":"CHZ","code":"HZ"},{"buy":"0.25","sell":"0.25","company":"1Coin","brand":"Civic","updated":"2021-07-10 08:01:37","brand1":"C","day":"20210710","id":"8416650","type":"CVC","code":"V"},{"buy":"0.25","sell":"0.25","company":"1Coin","brand":"Stellar Lumens","updated":"2021-07-10 07:40:58","brand1":"SL","day":"20210710","id":"8416094","type":"XLM","code":"XLM"},{"buy":"0.24","sell":"0.24","company":"1Coin","brand":"Small Love Potion","updated":"2021-07-10 10:03:49","brand1":"SLP","day":"20210710","id":"8417992","type":"SLP","code":""},{"buy":"0.23","sell":"0.23","company":"1Coin","brand":"Fantom","updated":"2021-07-10 17:01:20","brand1":"F","day":"20210710","id":"8419315","type":"FTM","code":"TM"},{"buy":"0.23","sell":"0.23","company":"1Coin","brand":"SingularityNET","updated":"2021-07-10 10:03:31","brand1":"S","day":"20210710","id":"8417808","type":"AGIX","code":"AGIX"},{"buy":"0.22","sell":"0.22","company":"1Coin","brand":"NKN","updated":"2021-07-10 08:01:39","brand1":"NKN","day":"20210710","id":"8416694","type":"NKN","code":""},{"buy":"0.22","sell":"0.22","company":"1Coin","brand":"Utrust","updated":"2021-07-10 08:03:49","brand1":"U","day":"20210710","id":"8417983","type":"UTK","code":"TK"},{"buy":"0.20","sell":"0.20","company":"1Coin","brand":"aelf","updated":"2021-07-10 10:03:44","brand1":"aelf","day":"20210710","id":"8417952","type":"ELF","code":"ELF"},{"buy":"0.20","sell":"0.20","company":"1Coin","brand":"NOIA Network","updated":"2021-07-10 18:01:49","brand1":"NN","day":"20210710","id":"8419686","type":"NOIA","code":"NOIA"},{"buy":"0.19","sell":"0.19","company":"1Coin","brand":"Polymath","updated":"2021-07-10 07:01:41","brand1":"P","day":"20210710","id":"8416740","type":"POLY","code":"OLY"},{"buy":"0.16","sell":"0.16","company":"1Coin","brand":"Chromia","updated":"2021-07-10 00:00:00","brand1":"C","day":"20210710","id":"8420699","type":"CHR","code":"HR"},{"buy":"0.16","sell":"0.16","company":"1Coin","brand":"Constellation","updated":"2021-07-10 20:03:31","brand1":"C","day":"20210710","id":"8420056","type":"DAG","code":"DAG"},{"buy":"0.13","sell":"0.13","company":"1Coin","brand":"WAX","updated":"2021-07-10 08:01:34","brand1":"WAX","day":"20210710","id":"8416564","type":"WAXP","code":"P"},{"buy":"0.10","sell":"0.10","company":"1Coin","brand":"Alien Worlds","updated":"2021-07-10 08:01:54","brand1":"AW","day":"20210710","id":"8417020","type":"TLM","code":"TLM"},{"buy":"0.09","sell":"0.09","company":"1Coin","brand":"Harmony","updated":"2021-07-10 02:01:26","brand1":"H","day":"20210710","id":"8416335","type":"ONE","code":"ONE"},{"buy":"0.05","sell":"0.05","company":"1Coin","brand":"KardiaChain","updated":"2021-07-10 18:01:41","brand1":"K","day":"20210710","id":"8419592","type":"KAI","code":"AI"}]}],"time":4,"excute1_time":0,"excute2_time":3,"excute3_time":0,"count1":0,"count2":338}