
{"golds":[{"updated":"2021-07-11 00:00:01","date":"20210711","gold":[],"value":[{"buy":"56,770.00","sell":"57,550.00","company":"SJC","brand":"Long Xuyên","updated":"2021-07-11 00:00:01","brand1":"LX","day":"20210711","id":"8421517","type":"Vàng SJC","code":""},{"buy":"56,750.00","sell":"57,520.00","company":"SJC","brand":"Bạc Liêu","updated":"2021-07-11 00:00:01","brand1":"BL","day":"20210711","id":"8421518","type":"Vàng SJC","code":""},{"buy":"56,750.00","sell":"57,500.00","company":"SJC","brand":"Biên Hòa","updated":"2021-07-11 00:00:01","brand1":"BH","day":"20210711","id":"8421514","type":"Vàng SJC","code":""},{"buy":"56,750.00","sell":"57,520.00","company":"SJC","brand":"Cà Mau","updated":"2021-07-11 00:00:01","brand1":"CM","day":"20210711","id":"8421511","type":"Vàng SJC","code":""},{"buy":"56,750.00","sell":"57,520.00","company":"SJC","brand":"Hà Nội","updated":"2021-07-11 00:00:01","brand1":"HN","day":"20210711","id":"8421508","type":"Vàng SJC","code":""},{"buy":"56,750.00","sell":"57,500.00","company":"SJC","brand":"Hồ Chí Minh","updated":"2021-07-11 00:00:01","brand1":"HCM","day":"20210711","id":"8421499","type":"Vàng SJC 1L","code":""},{"buy":"56,750.00","sell":"57,500.00","company":"SJC","brand":"Miền Tây","updated":"2021-07-11 00:00:01","brand1":"MT","day":"20210711","id":"8421515","type":"Vàng SJC","code":""},{"buy":"56,750.00","sell":"57,520.00","company":"SJC","brand":"Nha Trang","updated":"2021-07-11 00:00:01","brand1":"NT","day":"20210711","id":"8421510","type":"Vàng SJC","code":""},{"buy":"56,750.00","sell":"57,500.00","company":"SJC","brand":"Quãng Ngãi","updated":"2021-07-11 00:00:01","brand1":"QN","day":"20210711","id":"8421516","type":"Vàng SJC","code":""},{"buy":"56,750.00","sell":"57,520.00","company":"SJC","brand":"Đà  Nẵng","updated":"2021-07-11 00:00:01","brand1":"ĐN","day":"20210711","id":"8421509","type":"Vàng SJC","code":""},{"buy":"56,730.00","sell":"57,520.00","company":"SJC","brand":"Bình Phước","updated":"2021-07-11 00:00:01","brand1":"BP","day":"20210711","id":"8421513","type":"Vàng SJC","code":""},{"buy":"56,730.00","sell":"57,520.00","company":"SJC","brand":"Hạ Long","updated":"2021-07-11 00:00:01","brand1":"HL","day":"20210711","id":"8421521","type":"Vàng SJC","code":""},{"buy":"56,730.00","sell":"57,520.00","company":"SJC","brand":"Phan Rang","updated":"2021-07-11 00:00:01","brand1":"PR","day":"20210711","id":"8421520","type":"Vàng SJC","code":""},{"buy":"56,730.00","sell":"57,520.00","company":"SJC","brand":"Quảng Nam","updated":"2021-07-11 00:00:01","brand1":"QN","day":"20210711","id":"8421522","type":"Vàng SJC","code":""},{"buy":"56,730.00","sell":"57,520.00","company":"SJC","brand":"Quy Nhơn","updated":"2021-07-11 00:00:01","brand1":"QN","day":"20210711","id":"8421519","type":"Vàng SJC","code":""},{"buy":"56,720.00","sell":"57,530.00","company":"SJC","brand":"Huế","updated":"2021-07-11 00:00:01","brand1":"Huế","day":"20210711","id":"8421512","type":"Vàng SJC","code":""},{"buy":"51,100.00","sell":"51,900.00","company":"SJC","brand":"Hồ Chí Minh","updated":"2021-07-11 00:00:01","brand1":"HCM","day":"20210711","id":"8421502","type":"Vàng nhẫn SJC 99,99 0,5 chỉ","code":"nhẫn  99,99 0,5 chỉ"},{"buy":"51,100.00","sell":"51,800.00","company":"SJC","brand":"Hồ Chí Minh","updated":"2021-07-11 00:00:01","brand1":"HCM","day":"20210711","id":"8421500","type":"Vàng nhẫn SJC 99,99 1 chỉ, 2 chỉ, 5 chỉ","code":"nhẫn  99,99 1 chỉ, 2 chỉ, 5 chỉ"},{"buy":"50,800.00","sell":"51,500.00","company":"SJC","brand":"Hồ Chí Minh","updated":"2021-07-11 00:00:01","brand1":"HCM","day":"20210711","id":"8421503","type":"Vàng nữ trang 99,99%","code":"nữ trang 99,99%"},{"buy":"49,990.00","sell":"50,990.00","company":"SJC","brand":"Hồ Chí Minh","updated":"2021-07-11 00:00:01","brand1":"HCM","day":"20210711","id":"8421504","type":"Vàng nữ trang 99%","code":"nữ trang 99%"},{"buy":"36,779.00","sell":"38,779.00","company":"SJC","brand":"Hồ Chí Minh","updated":"2021-07-11 00:00:01","brand1":"HCM","day":"20210711","id":"8421505","type":"Vàng nữ trang 75%","code":"nữ trang 75%"},{"buy":"28,178.00","sell":"30,178.00","company":"SJC","brand":"Hồ Chí Minh","updated":"2021-07-11 00:00:01","brand1":"HCM","day":"20210711","id":"8421506","type":"Vàng nữ trang 58,3%","code":"nữ trang 58,3%"},{"buy":"19,628.00","sell":"21,628.00","company":"SJC","brand":"Hồ Chí Minh","updated":"2021-07-11 00:00:01","brand1":"HCM","day":"20210711","id":"8421507","type":"Vàng nữ trang 41,7%","code":"nữ trang 41,7%"},{"buy":"56,800.00","sell":"57,300.00","company":"DOJI","brand":"","updated":"2021-07-11 00:00:01","brand1":"","day":"20210711","id":"8421493","type":"AVPL \/ DOJI CT buôn","code":"AVPL \/  CT buôn"},{"buy":"56,800.00","sell":"57,300.00","company":"DOJI","brand":"","updated":"2021-07-11 00:00:01","brand1":"","day":"20210711","id":"8421492","type":"AVPL \/ DOJI CT lẻ","code":"AVPL \/  CT"},{"buy":"56,750.00","sell":"57,300.00","company":"DOJI","brand":"Hồ Chí Minh","updated":"2021-07-11 00:00:01","brand1":"HCM","day":"20210711","id":"8421487","type":"AVPL \/ DOJI HCM buôn","code":"AVPL \/   buôn"},{"buy":"56,750.00","sell":"57,300.00","company":"DOJI","brand":"Hồ Chí Minh","updated":"2021-07-11 00:00:01","brand1":"HCM","day":"20210711","id":"8421486","type":"AVPL \/ DOJI HCM lẻ","code":"AVPL \/"},{"buy":"56,700.00","sell":"57,350.00","company":"DOJI","brand":"","updated":"2021-07-11 00:00:01","brand1":"","day":"20210711","id":"8421489","type":"AVPL \/ DOJI ĐN buôn","code":"AVPL \/  ĐN buôn"},{"buy":"56,700.00","sell":"57,350.00","company":"DOJI","brand":"","updated":"2021-07-11 00:00:01","brand1":"","day":"20210711","id":"8421488","type":"AVPL \/ DOJI ĐN lẻ","code":"AVPL \/  ĐN"},{"buy":"56,700.00","sell":"57,300.00","company":"DOJI","brand":"Hà Nội","updated":"2021-07-11 00:00:01","brand1":"HN","day":"20210711","id":"8421485","type":"AVPL \/ DOJI HN buôn","code":"AVPL \/   buôn"},{"buy":"56,700.00","sell":"57,300.00","company":"DOJI","brand":"Hà Nội","updated":"2021-07-11 00:00:01","brand1":"HN","day":"20210711","id":"8421484","type":"AVPL \/ DOJI HN lẻ","code":"AVPL \/"},{"buy":"51,100.00","sell":"51,500.00","company":"DOJI","brand":"Hà Nội","updated":"2021-07-11 00:00:01","brand1":"HN","day":"20210711","id":"8421490","type":"Nguyên liêu 9999 - HN","code":"Nguyên liêu 9999 -"},{"buy":"51,050.00","sell":"51,450.00","company":"DOJI","brand":"Hà Nội","updated":"2021-07-11 00:00:01","brand1":"HN","day":"20210711","id":"8421491","type":"Nguyên liêu 999 - HN","code":"Nguyên liêu 999 -"},{"buy":"5,675.00","sell":"5,730.00","company":"DOJI","brand":"Hồ Chí Minh","updated":"2021-07-11 00:00:01","brand1":"HCM","day":"20210711","id":"8421472","type":"Kim Ngưu","code":"Kim Ngưu"},{"buy":"5,675.00","sell":"5,730.00","company":"DOJI","brand":"Hồ Chí Minh","updated":"2021-07-11 00:00:01","brand1":"HCM","day":"20210711","id":"8421473","type":"Kim Thần Tài","code":"Kim Thần Tài"},{"buy":"5,675.00","sell":"5,730.00","company":"DOJI","brand":"Hồ Chí Minh","updated":"2021-07-11 00:00:01","brand1":"HCM","day":"20210711","id":"8421474","type":"Lộc Phát Tài","code":"Lộc Phát Tài"},{"buy":"5,670.00","sell":"5,735.00","company":"DOJI","brand":"","updated":"2021-07-11 00:00:01","brand1":"","day":"20210711","id":"8421464","type":"Kim Thần Tài","code":"Kim Thần Tài"},{"buy":"5,670.00","sell":"5,735.00","company":"DOJI","brand":"","updated":"2021-07-11 00:00:01","brand1":"","day":"20210711","id":"8421463","type":"Lộc Phát Tài","code":"Lộc Phát Tài"},{"buy":"5,670.00","sell":"5,730.00","company":"DOJI","brand":"Hà Nội","updated":"2021-07-11 00:00:01","brand1":"HN","day":"20210711","id":"8421450","type":"Kim Ngân Tài","code":"Kim Ngân Tài"},{"buy":"5,670.00","sell":"5,730.00","company":"DOJI","brand":"Hà Nội","updated":"2021-07-11 00:00:01","brand1":"HN","day":"20210711","id":"8421447","type":"Kim Ngưu","code":"Kim Ngưu"},{"buy":"5,670.00","sell":"5,730.00","company":"DOJI","brand":"Hà Nội","updated":"2021-07-11 00:00:01","brand1":"HN","day":"20210711","id":"8421448","type":"Kim Thần Tài","code":"Kim Thần Tài"},{"buy":"5,670.00","sell":"5,730.00","company":"DOJI","brand":"Hà Nội","updated":"2021-07-11 00:00:01","brand1":"HN","day":"20210711","id":"8421449","type":"Lộc Phát Tài","code":"Lộc Phát Tài"},{"buy":"5,115.00","sell":"5,180.00","company":"DOJI","brand":"Hà Nội","updated":"2021-07-11 00:00:01","brand1":"HN","day":"20210711","id":"8421451","type":"Hưng Thịnh Vượng","code":"Hưng Thịnh Vượng"},{"buy":"5,115.00","sell":"5,135.00","company":"DOJI","brand":"Hồ Chí Minh","updated":"2021-07-11 00:00:01","brand1":"HCM","day":"20210711","id":"8421476","type":"Nguyên liệu 9999","code":"Nguyên liệu 9999"},{"buy":"5,115.00","sell":"5,180.00","company":"DOJI","brand":"Hồ Chí Minh","updated":"2021-07-11 00:00:01","brand1":"HCM","day":"20210711","id":"8421475","type":"Nhẫn H.T.V","code":"Nhẫn H.T.V"},{"buy":"5,110.00","sell":"5,150.00","company":"DOJI","brand":"Hà Nội","updated":"2021-07-11 00:00:01","brand1":"HN","day":"20210711","id":"8421452","type":"Nguyên liệu 99.99","code":"Nguyên liệu 99.99"},{"buy":"5,110.00","sell":"5,130.00","company":"DOJI","brand":"Hồ Chí Minh","updated":"2021-07-11 00:00:01","brand1":"HCM","day":"20210711","id":"8421477","type":"Nguyên liệu 999","code":"Nguyên liệu 999"},{"buy":"5,107.00","sell":"5,152.00","company":"DOJI","brand":"","updated":"2021-07-11 00:00:01","brand1":"","day":"20210711","id":"8421461","type":"Nguyên liệu 9999","code":"Nguyên liệu 9999"},{"buy":"5,105.00","sell":"5,145.00","company":"DOJI","brand":"Hà Nội","updated":"2021-07-11 00:00:01","brand1":"HN","day":"20210711","id":"8421453","type":"Nguyên liệu 99.9","code":"Nguyên liệu 99.9"},{"buy":"5,102.00","sell":"5,147.00","company":"DOJI","brand":"","updated":"2021-07-11 00:00:01","brand1":"","day":"20210711","id":"8421462","type":"Nguyên liệu 999","code":"Nguyên liệu 999"},{"buy":"5,080.00","sell":"5,180.00","company":"DOJI","brand":"Hà Nội","updated":"2021-07-11 00:00:01","brand1":"HN","day":"20210711","id":"8421454","type":"Nữ trang 99.99","code":"Nữ trang 99.99"},{"buy":"5,080.00","sell":"5,180.00","company":"DOJI","brand":"Hồ Chí Minh","updated":"2021-07-11 00:00:01","brand1":"HCM","day":"20210711","id":"8421478","type":"Nữ trang 99.99","code":"Nữ trang 99.99"},{"buy":"5,080.00","sell":"5,180.00","company":"DOJI","brand":"Nhẫn DOJI Hưng Thịnh Vượng","updated":"2021-07-11 00:00:01","brand1":"NDHTV","day":"20210711","id":"8421465","type":"Nữ trang 99.99","code":"Nữ trang 99.99"},{"buy":"5,070.00","sell":"5,170.00","company":"DOJI","brand":"Hà Nội","updated":"2021-07-11 00:00:01","brand1":"HN","day":"20210711","id":"8421455","type":"Nữ trang 99.9","code":"Nữ trang 99.9"},{"buy":"5,070.00","sell":"5,170.00","company":"DOJI","brand":"Hồ Chí Minh","updated":"2021-07-11 00:00:01","brand1":"HCM","day":"20210711","id":"8421479","type":"Nữ trang 99.9","code":"Nữ trang 99.9"},{"buy":"5,070.00","sell":"5,170.00","company":"DOJI","brand":"Nhẫn DOJI Hưng Thịnh Vượng","updated":"2021-07-11 00:00:01","brand1":"NDHTV","day":"20210711","id":"8421466","type":"Nữ trang 99.9","code":"Nữ trang 99.9"},{"buy":"5,000.00","sell":"5,135.00","company":"DOJI","brand":"Hà Nội","updated":"2021-07-11 00:00:01","brand1":"HN","day":"20210711","id":"8421456","type":"Nữ trang 99","code":"Nữ trang 99"},{"buy":"5,000.00","sell":"5,135.00","company":"DOJI","brand":"Hồ Chí Minh","updated":"2021-07-11 00:00:01","brand1":"HCM","day":"20210711","id":"8421480","type":"Nữ trang 99","code":"Nữ trang 99"},{"buy":"5,000.00","sell":"5,135.00","company":"DOJI","brand":"Nhẫn DOJI Hưng Thịnh Vượng","updated":"2021-07-11 00:00:01","brand1":"NDHTV","day":"20210711","id":"8421467","type":"Nữ trang 99","code":"Nữ trang 99"},{"buy":"3,785.00","sell":"3,985.00","company":"DOJI","brand":"Hà Nội","updated":"2021-07-11 00:00:01","brand1":"HN","day":"20210711","id":"8421457","type":"Nữ trang 18k","code":"Nữ trang 18k"},{"buy":"3,785.00","sell":"3,985.00","company":"DOJI","brand":"Hồ Chí Minh","updated":"2021-07-11 00:00:01","brand1":"HCM","day":"20210711","id":"8421481","type":"Nữ Trang 18k","code":"Nữ Trang 18k"},{"buy":"3,785.00","sell":"3,985.00","company":"DOJI","brand":"Nhẫn DOJI Hưng Thịnh Vượng","updated":"2021-07-11 00:00:01","brand1":"NDHTV","day":"20210711","id":"8421468","type":"Nữ trang 18k","code":"Nữ trang 18k"},{"buy":"3,409.00","sell":"3,709.00","company":"DOJI","brand":"Hà Nội","updated":"2021-07-11 00:00:01","brand1":"HN","day":"20210711","id":"8421458","type":"Nữ trang 16k","code":"Nữ trang 16k"},{"buy":"3,409.00","sell":"3,709.00","company":"DOJI","brand":"Nhẫn DOJI Hưng Thịnh Vượng","updated":"2021-07-11 00:00:01","brand1":"NDHTV","day":"20210711","id":"8421469","type":"Nữ trang 68","code":"Nữ trang 68"},{"buy":"2,842.00","sell":"3,042.00","company":"DOJI","brand":"Hà Nội","updated":"2021-07-11 00:00:01","brand1":"HN","day":"20210711","id":"8421459","type":"Nữ trang 14k","code":"Nữ trang 14k"},{"buy":"2,842.00","sell":"3,042.00","company":"DOJI","brand":"Hồ Chí Minh","updated":"2021-07-11 00:00:01","brand1":"HCM","day":"20210711","id":"8421482","type":"Nữ Trang 14k","code":"Nữ Trang 14k"},{"buy":"2,842.00","sell":"3,042.00","company":"DOJI","brand":"Nhẫn DOJI Hưng Thịnh Vượng","updated":"2021-07-11 00:00:01","brand1":"NDHTV","day":"20210711","id":"8421470","type":"Nữ trang 14k","code":"Nữ trang 14k"},{"buy":"2,718.00","sell":"2,788.00","company":"DOJI","brand":"Hồ Chí Minh","updated":"2021-07-11 00:00:01","brand1":"HCM","day":"20210711","id":"8421483","type":"Nữ trang 68","code":"Nữ trang 68"},{"buy":"1,426.00","sell":"1,576.00","company":"DOJI","brand":"Hà Nội","updated":"2021-07-11 00:00:01","brand1":"HN","day":"20210711","id":"8421460","type":"Nữ trang 10k","code":"Nữ trang 10k"},{"buy":"1,426.00","sell":"1,576.00","company":"DOJI","brand":"Nhẫn DOJI Hưng Thịnh Vượng","updated":"2021-07-11 00:00:01","brand1":"NDHTV","day":"20210711","id":"8421471","type":"Nữ trang 10k","code":"Nữ trang 10k"},{"buy":"56,800.00","sell":"57,520.00","company":"3BANKS","brand":"VIETINBANK GOLD","updated":"2021-07-11 00:01:51","brand1":"VG","day":"20210711","id":"8421498","type":"SJC","code":"SJC"},{"buy":"56,700.00","sell":"57,300.00","company":"3BANKS","brand":"SCB","updated":"2021-07-11 00:38:03","brand1":"SCB","day":"20210711","id":"8421618","type":"SJC","code":"SJC"},{"buy":"56,450.00","sell":"57,650.00","company":"3BANKS","brand":"MARITIME BANK","updated":"2021-07-11 00:17:22","brand1":"MB","day":"20210711","id":"8421575","type":"SJC","code":"SJC"},{"buy":"52,000.00","sell":"54,000.00","company":"3BANKS","brand":"SACOMBANK","updated":"2021-07-11 00:32:55","brand1":"S","day":"20210711","id":"8421598","type":"SJC","code":"JC"},{"buy":"56,950.00","sell":"57,250.00","company":"2GROUP","brand":"Mi Hồng SJC","updated":"2021-07-11 00:07:01","brand1":"MHS","day":"20210711","id":"8421523","type":"SJC","code":"SJC"},{"buy":"56,850.00","sell":"57,500.00","company":"2GROUP","brand":"PNJ SJC","updated":"2021-07-11 00:07:01","brand1":"PS","day":"20210711","id":"8421532","type":"SJC","code":"SJC"},{"buy":"56,800.00","sell":"57,290.00","company":"2GROUP","brand":"PHÚ QUÝ SJC","updated":"2021-07-11 00:01:51","brand1":"PQS","day":"20210711","id":"8421496","type":"SJC","code":"SJC"},{"buy":"51,350.00","sell":"52,750.00","company":"2GROUP","brand":"PNJ 1L","updated":"2021-07-11 00:07:01","brand1":"P1","day":"20210711","id":"8421531","type":"SJC","code":"SJC"},{"buy":"1,807.90","sell":"1,808.90","company":"2GROUP","brand":"SPOT GOLD","updated":"2021-07-11 00:01:51","brand1":"SG","day":"20210711","id":"8421494","type":"SJC","code":"SJC"},{"buy":"74.63","sell":"74.63","company":"2GROUP","brand":"OIL","updated":"2021-07-11 00:01:51","brand1":"OIL","day":"20210711","id":"8421495","type":"SJC","code":"SJC"},{"buy":"51,300.00","sell":"52,000.00","company":"1OTHER","brand":"Nhẫn PHÚ QUÝ 24K","updated":"2021-07-11 00:01:51","brand1":"NPQ2","day":"20210711","id":"8421497","type":"SJC","code":"SJC"},{"buy":"51,150.00","sell":"51,750.00","company":"1OTHER","brand":"PNJ Nhẫn 24K","updated":"2021-07-11 00:07:01","brand1":"PN2","day":"20210711","id":"8421534","type":"SJC","code":"SJC"},{"buy":"51,100.00","sell":"51,450.00","company":"1OTHER","brand":"Mi Hồng 999","updated":"2021-07-11 00:07:01","brand1":"MH9","day":"20210711","id":"8421524","type":"SJC","code":"SJC"},{"buy":"51,100.00","sell":"51,800.00","company":"1OTHER","brand":"Nhẫn SJC 99,99","updated":"2021-07-11 00:00:01","brand1":"NS9","day":"20210711","id":"8421501","type":"SJC*","code":"SJC*"},{"buy":"50,650.00","sell":"51,450.00","company":"1OTHER","brand":"PNJ NT 24K","updated":"2021-07-11 00:07:01","brand1":"PN2","day":"20210711","id":"8421533","type":"SJC","code":"SJC"},{"buy":"50,100.00","sell":"51,100.00","company":"1OTHER","brand":"Mi Hồng 985","updated":"2021-07-11 00:07:01","brand1":"MH9","day":"20210711","id":"8421525","type":"SJC","code":"SJC"},{"buy":"49,900.00","sell":"50,900.00","company":"1OTHER","brand":"Mi Hồng 980","updated":"2021-07-11 00:07:01","brand1":"MH9","day":"20210711","id":"8421526","type":"SJC","code":"SJC"},{"buy":"37,340.00","sell":"38,740.00","company":"1OTHER","brand":"PNJ NT 18K","updated":"2021-07-11 00:07:01","brand1":"PN1","day":"20210711","id":"8421535","type":"SJC","code":"SJC"},{"buy":"33,700.00","sell":"35,700.00","company":"1OTHER","brand":"Mi Hồng 750","updated":"2021-07-11 00:07:01","brand1":"MH7","day":"20210711","id":"8421528","type":"SJC","code":"SJC"},{"buy":"31,000.00","sell":"32,700.00","company":"1OTHER","brand":"Mi Hồng 680","updated":"2021-07-11 00:07:01","brand1":"MH6","day":"20210711","id":"8421529","type":"SJC","code":"SJC"},{"buy":"30,000.00","sell":"31,700.00","company":"1OTHER","brand":"Mi Hồng 610","updated":"2021-07-11 00:07:01","brand1":"MH6","day":"20210711","id":"8421530","type":"SJC","code":"SJC"},{"buy":"28,850.00","sell":"30,250.00","company":"1OTHER","brand":"PNJ NT 14K","updated":"2021-07-11 00:07:01","brand1":"PN1","day":"20210711","id":"8421536","type":"SJC","code":"SJC"},{"buy":"20,150.00","sell":"21,550.00","company":"1OTHER","brand":"PNJ NT 10K","updated":"2021-07-11 00:07:01","brand1":"PN1","day":"20210711","id":"8421537","type":"SJC","code":"SJC"},{"buy":"0.00","sell":"48,200.00","company":"1OTHER","brand":"Mi Hồng 950","updated":"2021-07-11 00:07:01","brand1":"MH9","day":"20210711","id":"8421527","type":"SJC","code":"SJC"},{"buy":"33,425.76","sell":"33,425.76","company":"1Coin","brand":"Wrapped Bitcoin","updated":"2021-07-11 01:08:02","brand1":"WB","day":"20210711","id":"8421662","type":"WBTC","code":"TC"},{"buy":"33,412.11","sell":"33,412.11","company":"1Coin","brand":"Bitcoin","updated":"2021-07-11 01:08:01","brand1":"B","day":"20210711","id":"8421655","type":"BTC","code":"TC"},{"buy":"2,089.87","sell":"2,089.87","company":"1Coin","brand":"Ethereum","updated":"2021-07-11 01:08:01","brand1":"E","day":"20210711","id":"8421656","type":"ETH","code":"TH"},{"buy":"2,089.87","sell":"2,089.87","company":"1Coin","brand":"Ethereum 2","updated":"2021-07-11 01:08:01","brand1":"E2","day":"20210711","id":"8421657","type":"ETH2","code":"ETH2"},{"buy":"486.65","sell":"486.65","company":"1Coin","brand":"Bitcoin Cash","updated":"2021-07-11 01:08:02","brand1":"BC","day":"20210711","id":"8421660","type":"BCH","code":"H"},{"buy":"313.90","sell":"313.90","company":"1Coin","brand":"Binance Coin","updated":"2021-07-11 01:08:01","brand1":"BC","day":"20210711","id":"8421658","type":"BNB","code":"BNB"},{"buy":"293.22","sell":"293.22","company":"1Coin","brand":"Aave","updated":"2021-07-11 01:08:03","brand1":"Aave","day":"20210711","id":"8421664","type":"AAVE","code":"AAVE"},{"buy":"208.71","sell":"208.71","company":"1Coin","brand":"Monero","updated":"2021-07-11 01:08:03","brand1":"M","day":"20210711","id":"8421665","type":"XMR","code":"XR"},{"buy":"131.47","sell":"131.47","company":"1Coin","brand":"Litecoin","updated":"2021-07-11 01:08:02","brand1":"L","day":"20210711","id":"8421661","type":"LTC","code":"TC"},{"buy":"54.16","sell":"54.16","company":"1Coin","brand":"Filecoin","updated":"2021-07-11 00:57:52","brand1":"F","day":"20210711","id":"8421651","type":"FIL","code":"IL"},{"buy":"48.72","sell":"48.72","company":"1Coin","brand":"Ethereum Classic","updated":"2021-07-11 00:47:41","brand1":"EC","day":"20210711","id":"8421631","type":"ETC","code":"ETC"},{"buy":"38.82","sell":"38.82","company":"1Coin","brand":"Internet Computer","updated":"2021-07-11 01:08:02","brand1":"IC","day":"20210711","id":"8421663","type":"ICP","code":"P"},{"buy":"31.94","sell":"31.94","company":"1Coin","brand":"Solana","updated":"2021-07-11 00:57:51","brand1":"S","day":"20210711","id":"8421646","type":"SOL","code":"OL"},{"buy":"20.09","sell":"20.09","company":"1Coin","brand":"Uniswap","updated":"2021-07-11 00:57:51","brand1":"U","day":"20210711","id":"8421643","type":"UNI","code":"NI"},{"buy":"17.97","sell":"17.97","company":"1Coin","brand":"Chainlink","updated":"2021-07-11 00:57:51","brand1":"C","day":"20210711","id":"8421647","type":"LINK","code":"LINK"},{"buy":"15.18","sell":"15.18","company":"1Coin","brand":"Polkadot","updated":"2021-07-11 01:08:01","brand1":"P","day":"20210711","id":"8421659","type":"DOT","code":"DOT"},{"buy":"7.61","sell":"7.61","company":"1Coin","brand":"Terra","updated":"2021-07-11 01:08:03","brand1":"T","day":"20210711","id":"8421666","type":"LUNA","code":"LUNA"},{"buy":"5.90","sell":"5.90","company":"1Coin","brand":"THETA","updated":"2021-07-11 00:57:52","brand1":"T","day":"20210711","id":"8421649","type":"THETA","code":"HEA"},{"buy":"3.90","sell":"3.90","company":"1Coin","brand":"EOS","updated":"2021-07-11 00:47:42","brand1":"EOS","day":"20210711","id":"8421636","type":"EOS","code":""},{"buy":"1.33","sell":"1.33","company":"1Coin","brand":"Cardano","updated":"2021-07-11 00:27:30","brand1":"C","day":"20210711","id":"8421580","type":"ADA","code":"ADA"},{"buy":"1.03","sell":"1.03","company":"1Coin","brand":"Polygon","updated":"2021-07-11 00:37:42","brand1":"P","day":"20210711","id":"8421611","type":"MATIC","code":"MATIC"},{"buy":"0.62","sell":"0.62","company":"1Coin","brand":"XRP","updated":"2021-07-11 00:37:41","brand1":"XRP","day":"20210711","id":"8421603","type":"XRP","code":""},{"buy":"0.24","sell":"0.24","company":"1Coin","brand":"Stellar Lumens","updated":"2021-07-11 00:27:31","brand1":"SL","day":"20210711","id":"8421591","type":"XLM","code":"XLM"}]}],"time":2,"excute1_time":0,"excute2_time":1,"excute3_time":0,"count1":0,"count2":117}