
{"golds":[{"updated":"2021-07-17 09:48:50","date":"20210717","gold":[],"value":[{"buy":"56,870.00","sell":"57,550.00","company":"SJC","brand":"Long Xuyên","updated":"2021-07-17 09:48:50","brand1":"LX","day":"20210717","id":"8475118","type":"Vàng SJC","code":""},{"buy":"56,850.00","sell":"57,520.00","company":"SJC","brand":"Bạc Liêu","updated":"2021-07-17 09:48:50","brand1":"BL","day":"20210717","id":"8475119","type":"Vàng SJC","code":""},{"buy":"56,850.00","sell":"57,500.00","company":"SJC","brand":"Biên Hòa","updated":"2021-07-17 09:48:50","brand1":"BH","day":"20210717","id":"8475115","type":"Vàng SJC","code":""},{"buy":"56,850.00","sell":"57,520.00","company":"SJC","brand":"Cà Mau","updated":"2021-07-17 09:48:50","brand1":"CM","day":"20210717","id":"8475112","type":"Vàng SJC","code":""},{"buy":"56,850.00","sell":"57,520.00","company":"SJC","brand":"Hà Nội","updated":"2021-07-17 09:48:50","brand1":"HN","day":"20210717","id":"8475109","type":"Vàng SJC","code":""},{"buy":"56,850.00","sell":"57,500.00","company":"SJC","brand":"Hồ Chí Minh","updated":"2021-07-17 09:48:50","brand1":"HCM","day":"20210717","id":"8475100","type":"Vàng SJC 1L","code":""},{"buy":"56,850.00","sell":"57,500.00","company":"SJC","brand":"Miền Tây","updated":"2021-07-17 09:48:50","brand1":"MT","day":"20210717","id":"8475116","type":"Vàng SJC","code":""},{"buy":"56,850.00","sell":"57,520.00","company":"SJC","brand":"Nha Trang","updated":"2021-07-17 09:48:50","brand1":"NT","day":"20210717","id":"8475111","type":"Vàng SJC","code":""},{"buy":"56,850.00","sell":"57,500.00","company":"SJC","brand":"Quãng Ngãi","updated":"2021-07-17 09:48:50","brand1":"QN","day":"20210717","id":"8475117","type":"Vàng SJC","code":""},{"buy":"56,850.00","sell":"57,520.00","company":"SJC","brand":"Đà  Nẵng","updated":"2021-07-17 09:48:50","brand1":"ĐN","day":"20210717","id":"8475110","type":"Vàng SJC","code":""},{"buy":"56,830.00","sell":"57,520.00","company":"SJC","brand":"Bình Phước","updated":"2021-07-17 09:48:50","brand1":"BP","day":"20210717","id":"8475114","type":"Vàng SJC","code":""},{"buy":"56,830.00","sell":"57,520.00","company":"SJC","brand":"Hạ Long","updated":"2021-07-17 09:48:50","brand1":"HL","day":"20210717","id":"8475122","type":"Vàng SJC","code":""},{"buy":"56,830.00","sell":"57,520.00","company":"SJC","brand":"Phan Rang","updated":"2021-07-17 09:48:50","brand1":"PR","day":"20210717","id":"8475121","type":"Vàng SJC","code":""},{"buy":"56,830.00","sell":"57,520.00","company":"SJC","brand":"Quảng Nam","updated":"2021-07-17 09:48:50","brand1":"QN","day":"20210717","id":"8475123","type":"Vàng SJC","code":""},{"buy":"56,830.00","sell":"57,520.00","company":"SJC","brand":"Quy Nhơn","updated":"2021-07-17 09:48:50","brand1":"QN","day":"20210717","id":"8475120","type":"Vàng SJC","code":""},{"buy":"56,820.00","sell":"57,530.00","company":"SJC","brand":"Huế","updated":"2021-07-17 09:48:50","brand1":"Huế","day":"20210717","id":"8475113","type":"Vàng SJC","code":""},{"buy":"51,250.00","sell":"52,050.00","company":"SJC","brand":"Hồ Chí Minh","updated":"2021-07-17 09:48:50","brand1":"HCM","day":"20210717","id":"8475103","type":"Vàng nhẫn SJC 99,99 0,5 chỉ","code":"nhẫn  99,99 0,5 chỉ"},{"buy":"51,250.00","sell":"51,950.00","company":"SJC","brand":"Hồ Chí Minh","updated":"2021-07-17 09:48:50","brand1":"HCM","day":"20210717","id":"8475101","type":"Vàng nhẫn SJC 99,99 1 chỉ, 2 chỉ, 5 chỉ","code":"nhẫn  99,99 1 chỉ, 2 chỉ, 5 chỉ"},{"buy":"50,950.00","sell":"51,650.00","company":"SJC","brand":"Hồ Chí Minh","updated":"2021-07-17 09:48:50","brand1":"HCM","day":"20210717","id":"8475104","type":"Vàng nữ trang 99,99%","code":"nữ trang 99,99%"},{"buy":"50,139.00","sell":"51,139.00","company":"SJC","brand":"Hồ Chí Minh","updated":"2021-07-17 09:48:50","brand1":"HCM","day":"20210717","id":"8475105","type":"Vàng nữ trang 99%","code":"nữ trang 99%"},{"buy":"36,891.00","sell":"38,891.00","company":"SJC","brand":"Hồ Chí Minh","updated":"2021-07-17 09:48:50","brand1":"HCM","day":"20210717","id":"8475106","type":"Vàng nữ trang 75%","code":"nữ trang 75%"},{"buy":"28,265.00","sell":"30,265.00","company":"SJC","brand":"Hồ Chí Minh","updated":"2021-07-17 09:48:50","brand1":"HCM","day":"20210717","id":"8475107","type":"Vàng nữ trang 58,3%","code":"nữ trang 58,3%"},{"buy":"19,690.00","sell":"21,690.00","company":"SJC","brand":"Hồ Chí Minh","updated":"2021-07-17 09:48:50","brand1":"HCM","day":"20210717","id":"8475108","type":"Vàng nữ trang 41,7%","code":"nữ trang 41,7%"},{"buy":"56,850.00","sell":"57,600.00","company":"DOJI","brand":"Hồ Chí Minh","updated":"2021-07-17 17:13:00","brand1":"HCM","day":"20210717","id":"8477206","type":"AVPL \/ DOJI HCM buôn","code":"AVPL \/   buôn"},{"buy":"56,850.00","sell":"57,500.00","company":"DOJI","brand":"Hồ Chí Minh","updated":"2021-07-17 17:13:00","brand1":"HCM","day":"20210717","id":"8477205","type":"AVPL \/ DOJI HCM lẻ","code":"AVPL \/"},{"buy":"56,800.00","sell":"57,500.00","company":"DOJI","brand":"","updated":"2021-07-17 17:13:00","brand1":"","day":"20210717","id":"8477212","type":"AVPL \/ DOJI CT buôn","code":"AVPL \/  CT buôn"},{"buy":"56,800.00","sell":"57,500.00","company":"DOJI","brand":"","updated":"2021-07-17 17:13:00","brand1":"","day":"20210717","id":"8477211","type":"AVPL \/ DOJI CT lẻ","code":"AVPL \/  CT"},{"buy":"56,800.00","sell":"57,500.00","company":"DOJI","brand":"","updated":"2021-07-17 17:13:00","brand1":"","day":"20210717","id":"8477208","type":"AVPL \/ DOJI ĐN buôn","code":"AVPL \/  ĐN buôn"},{"buy":"56,800.00","sell":"57,500.00","company":"DOJI","brand":"","updated":"2021-07-17 17:13:00","brand1":"","day":"20210717","id":"8477207","type":"AVPL \/ DOJI ĐN lẻ","code":"AVPL \/  ĐN"},{"buy":"56,800.00","sell":"57,450.00","company":"DOJI","brand":"Hà Nội","updated":"2021-07-17 17:13:00","brand1":"HN","day":"20210717","id":"8477204","type":"AVPL \/ DOJI HN buôn","code":"AVPL \/   buôn"},{"buy":"56,800.00","sell":"57,450.00","company":"DOJI","brand":"Hà Nội","updated":"2021-07-17 17:13:00","brand1":"HN","day":"20210717","id":"8477203","type":"AVPL \/ DOJI HN lẻ","code":"AVPL \/"},{"buy":"51,250.00","sell":"51,500.00","company":"DOJI","brand":"Hà Nội","updated":"2021-07-17 17:13:00","brand1":"HN","day":"20210717","id":"8477209","type":"Nguyên liêu 9999 - HN","code":"Nguyên liêu 9999 -"},{"buy":"51,200.00","sell":"51,450.00","company":"DOJI","brand":"Hà Nội","updated":"2021-07-17 17:13:00","brand1":"HN","day":"20210717","id":"8477210","type":"Nguyên liêu 999 - HN","code":"Nguyên liêu 999 -"},{"buy":"5,685.00","sell":"5,750.00","company":"DOJI","brand":"Hồ Chí Minh","updated":"2021-07-17 17:13:00","brand1":"HCM","day":"20210717","id":"8477191","type":"Kim Ngưu","code":"Kim Ngưu"},{"buy":"5,685.00","sell":"5,750.00","company":"DOJI","brand":"Hồ Chí Minh","updated":"2021-07-17 17:13:00","brand1":"HCM","day":"20210717","id":"8477192","type":"Kim Thần Tài","code":"Kim Thần Tài"},{"buy":"5,685.00","sell":"5,750.00","company":"DOJI","brand":"Hồ Chí Minh","updated":"2021-07-17 17:13:00","brand1":"HCM","day":"20210717","id":"8477193","type":"Lộc Phát Tài","code":"Lộc Phát Tài"},{"buy":"5,680.00","sell":"5,750.00","company":"DOJI","brand":"","updated":"2021-07-17 17:13:00","brand1":"","day":"20210717","id":"8477183","type":"Kim Thần Tài","code":"Kim Thần Tài"},{"buy":"5,680.00","sell":"5,750.00","company":"DOJI","brand":"","updated":"2021-07-17 17:13:00","brand1":"","day":"20210717","id":"8477182","type":"Lộc Phát Tài","code":"Lộc Phát Tài"},{"buy":"5,680.00","sell":"5,745.00","company":"DOJI","brand":"Hà Nội","updated":"2021-07-17 17:13:00","brand1":"HN","day":"20210717","id":"8477169","type":"Kim Ngân Tài","code":"Kim Ngân Tài"},{"buy":"5,680.00","sell":"5,745.00","company":"DOJI","brand":"Hà Nội","updated":"2021-07-17 17:13:00","brand1":"HN","day":"20210717","id":"8477166","type":"Kim Ngưu","code":"Kim Ngưu"},{"buy":"5,680.00","sell":"5,745.00","company":"DOJI","brand":"Hà Nội","updated":"2021-07-17 17:13:00","brand1":"HN","day":"20210717","id":"8477167","type":"Kim Thần Tài","code":"Kim Thần Tài"},{"buy":"5,680.00","sell":"5,745.00","company":"DOJI","brand":"Hà Nội","updated":"2021-07-17 17:13:00","brand1":"HN","day":"20210717","id":"8477168","type":"Lộc Phát Tài","code":"Lộc Phát Tài"},{"buy":"5,145.00","sell":"5,165.00","company":"DOJI","brand":"Hồ Chí Minh","updated":"2021-07-17 17:13:00","brand1":"HCM","day":"20210717","id":"8477195","type":"Nguyên liệu 9999","code":"Nguyên liệu 9999"},{"buy":"5,140.00","sell":"5,160.00","company":"DOJI","brand":"Hồ Chí Minh","updated":"2021-07-17 17:13:00","brand1":"HCM","day":"20210717","id":"8477196","type":"Nguyên liệu 999","code":"Nguyên liệu 999"},{"buy":"5,130.00","sell":"5,180.00","company":"DOJI","brand":"Hà Nội","updated":"2021-07-17 17:13:00","brand1":"HN","day":"20210717","id":"8477170","type":"Hưng Thịnh Vượng","code":"Hưng Thịnh Vượng"},{"buy":"5,130.00","sell":"5,180.00","company":"DOJI","brand":"Hồ Chí Minh","updated":"2021-07-17 17:13:00","brand1":"HCM","day":"20210717","id":"8477194","type":"Nhẫn H.T.V","code":"Nhẫn H.T.V"},{"buy":"5,125.00","sell":"5,150.00","company":"DOJI","brand":"Hà Nội","updated":"2021-07-17 17:13:00","brand1":"HN","day":"20210717","id":"8477171","type":"Nguyên liệu 99.99","code":"Nguyên liệu 99.99"},{"buy":"5,122.00","sell":"5,152.00","company":"DOJI","brand":"","updated":"2021-07-17 17:13:00","brand1":"","day":"20210717","id":"8477180","type":"Nguyên liệu 9999","code":"Nguyên liệu 9999"},{"buy":"5,120.00","sell":"5,145.00","company":"DOJI","brand":"Hà Nội","updated":"2021-07-17 17:13:00","brand1":"HN","day":"20210717","id":"8477172","type":"Nguyên liệu 99.9","code":"Nguyên liệu 99.9"},{"buy":"5,118.00","sell":"5,147.00","company":"DOJI","brand":"","updated":"2021-07-17 17:13:00","brand1":"","day":"20210717","id":"8477181","type":"Nguyên liệu 999","code":"Nguyên liệu 999"},{"buy":"5,095.00","sell":"5,180.00","company":"DOJI","brand":"Hà Nội","updated":"2021-07-17 17:13:00","brand1":"HN","day":"20210717","id":"8477173","type":"Nữ trang 99.99","code":"Nữ trang 99.99"},{"buy":"5,095.00","sell":"5,180.00","company":"DOJI","brand":"Hồ Chí Minh","updated":"2021-07-17 17:13:00","brand1":"HCM","day":"20210717","id":"8477197","type":"Nữ trang 99.99","code":"Nữ trang 99.99"},{"buy":"5,095.00","sell":"5,180.00","company":"DOJI","brand":"Nhẫn DOJI Hưng Thịnh Vượng","updated":"2021-07-17 17:13:00","brand1":"NDHTV","day":"20210717","id":"8477184","type":"Nữ trang 99.99","code":"Nữ trang 99.99"},{"buy":"5,085.00","sell":"5,170.00","company":"DOJI","brand":"Hà Nội","updated":"2021-07-17 17:13:00","brand1":"HN","day":"20210717","id":"8477174","type":"Nữ trang 99.9","code":"Nữ trang 99.9"},{"buy":"5,085.00","sell":"5,170.00","company":"DOJI","brand":"Hồ Chí Minh","updated":"2021-07-17 17:13:00","brand1":"HCM","day":"20210717","id":"8477198","type":"Nữ trang 99.9","code":"Nữ trang 99.9"},{"buy":"5,085.00","sell":"5,170.00","company":"DOJI","brand":"Nhẫn DOJI Hưng Thịnh Vượng","updated":"2021-07-17 17:13:00","brand1":"NDHTV","day":"20210717","id":"8477185","type":"Nữ trang 99.9","code":"Nữ trang 99.9"},{"buy":"5,015.00","sell":"5,135.00","company":"DOJI","brand":"Hà Nội","updated":"2021-07-17 17:13:00","brand1":"HN","day":"20210717","id":"8477175","type":"Nữ trang 99","code":"Nữ trang 99"},{"buy":"5,015.00","sell":"5,135.00","company":"DOJI","brand":"Hồ Chí Minh","updated":"2021-07-17 17:13:00","brand1":"HCM","day":"20210717","id":"8477199","type":"Nữ trang 99","code":"Nữ trang 99"},{"buy":"5,015.00","sell":"5,135.00","company":"DOJI","brand":"Nhẫn DOJI Hưng Thịnh Vượng","updated":"2021-07-17 17:13:00","brand1":"NDHTV","day":"20210717","id":"8477186","type":"Nữ trang 99","code":"Nữ trang 99"},{"buy":"3,785.00","sell":"3,985.00","company":"DOJI","brand":"Hà Nội","updated":"2021-07-17 17:13:00","brand1":"HN","day":"20210717","id":"8477176","type":"Nữ trang 18k","code":"Nữ trang 18k"},{"buy":"3,785.00","sell":"3,985.00","company":"DOJI","brand":"Hồ Chí Minh","updated":"2021-07-17 17:13:00","brand1":"HCM","day":"20210717","id":"8477200","type":"Nữ Trang 18k","code":"Nữ Trang 18k"},{"buy":"3,785.00","sell":"3,985.00","company":"DOJI","brand":"Nhẫn DOJI Hưng Thịnh Vượng","updated":"2021-07-17 17:13:00","brand1":"NDHTV","day":"20210717","id":"8477187","type":"Nữ trang 18k","code":"Nữ trang 18k"},{"buy":"3,394.00","sell":"3,694.00","company":"DOJI","brand":"Hà Nội","updated":"2021-07-17 17:13:00","brand1":"HN","day":"20210717","id":"8477177","type":"Nữ trang 16k","code":"Nữ trang 16k"},{"buy":"3,394.00","sell":"3,694.00","company":"DOJI","brand":"Nhẫn DOJI Hưng Thịnh Vượng","updated":"2021-07-17 17:13:00","brand1":"NDHTV","day":"20210717","id":"8477188","type":"Nữ trang 68","code":"Nữ trang 68"},{"buy":"2,842.00","sell":"3,042.00","company":"DOJI","brand":"Hà Nội","updated":"2021-07-17 17:13:00","brand1":"HN","day":"20210717","id":"8477178","type":"Nữ trang 14k","code":"Nữ trang 14k"},{"buy":"2,842.00","sell":"3,042.00","company":"DOJI","brand":"Hồ Chí Minh","updated":"2021-07-17 17:13:00","brand1":"HCM","day":"20210717","id":"8477201","type":"Nữ Trang 14k","code":"Nữ Trang 14k"},{"buy":"2,842.00","sell":"3,042.00","company":"DOJI","brand":"Nhẫn DOJI Hưng Thịnh Vượng","updated":"2021-07-17 17:13:00","brand1":"NDHTV","day":"20210717","id":"8477189","type":"Nữ trang 14k","code":"Nữ trang 14k"},{"buy":"2,718.00","sell":"2,788.00","company":"DOJI","brand":"Hồ Chí Minh","updated":"2021-07-17 17:13:00","brand1":"HCM","day":"20210717","id":"8477202","type":"Nữ trang 68","code":"Nữ trang 68"},{"buy":"1,426.00","sell":"1,576.00","company":"DOJI","brand":"Hà Nội","updated":"2021-07-17 17:13:00","brand1":"HN","day":"20210717","id":"8477179","type":"Nữ trang 10k","code":"Nữ trang 10k"},{"buy":"1,426.00","sell":"1,576.00","company":"DOJI","brand":"Nhẫn DOJI Hưng Thịnh Vượng","updated":"2021-07-17 17:13:00","brand1":"NDHTV","day":"20210717","id":"8477190","type":"Nữ trang 10k","code":"Nữ trang 10k"},{"buy":"56,800.00","sell":"57,500.00","company":"3BANKS","brand":"SCB","updated":"2021-07-17 08:30:12","brand1":"SCB","day":"20210717","id":"8474638","type":"SJC","code":"SJC"},{"buy":"56,750.00","sell":"57,520.00","company":"3BANKS","brand":"VIETINBANK GOLD","updated":"2021-07-17 00:13:43","brand1":"VG","day":"20210717","id":"8471013","type":"SJC","code":"SJC"},{"buy":"56,600.00","sell":"57,950.00","company":"3BANKS","brand":"MARITIME BANK","updated":"2021-07-17 08:40:46","brand1":"MB","day":"20210717","id":"8474710","type":"SJC","code":"SJC"},{"buy":"52,900.00","sell":"53,900.00","company":"3BANKS","brand":"SACOMBANK","updated":"2021-07-17 02:25:58","brand1":"S","day":"20210717","id":"8471281","type":"SJC","code":"JC"},{"buy":"56,950.00","sell":"57,250.00","company":"2GROUP","brand":"Mi Hồng SJC","updated":"2021-07-17 00:03:19","brand1":"MHS","day":"20210717","id":"8470900","type":"SJC","code":"SJC"},{"buy":"56,850.00","sell":"57,450.00","company":"2GROUP","brand":"PHÚ QUÝ SJC","updated":"2021-07-17 10:39:12","brand1":"PQS","day":"20210717","id":"8475301","type":"SJC","code":"SJC"},{"buy":"56,850.00","sell":"57,500.00","company":"2GROUP","brand":"PNJ SJC","updated":"2021-07-17 09:47:29","brand1":"PS","day":"20210717","id":"8475099","type":"SJC","code":"SJC"},{"buy":"51,600.00","sell":"53,000.00","company":"2GROUP","brand":"PNJ 1L","updated":"2021-07-17 08:30:12","brand1":"P1","day":"20210717","id":"8474639","type":"SJC","code":"SJC"},{"buy":"1,812.20","sell":"1,813.20","company":"2GROUP","brand":"SPOT GOLD","updated":"2021-07-17 04:04:17","brand1":"SG","day":"20210717","id":"8472802","type":"SJC","code":"SJC"},{"buy":"71.45","sell":"71.45","company":"2GROUP","brand":"OIL","updated":"2021-07-17 04:14:37","brand1":"OIL","day":"20210717","id":"8472822","type":"SJC","code":"SJC"},{"buy":"51,400.00","sell":"52,000.00","company":"1OTHER","brand":"PNJ Nhẫn 24K","updated":"2021-07-17 08:30:12","brand1":"PN2","day":"20210717","id":"8474641","type":"SJC","code":"SJC"},{"buy":"51,350.00","sell":"52,050.00","company":"1OTHER","brand":"Nhẫn PHÚ QUÝ 24K","updated":"2021-07-17 07:59:10","brand1":"NPQ2","day":"20210717","id":"8474181","type":"SJC","code":"SJC"},{"buy":"51,250.00","sell":"51,950.00","company":"1OTHER","brand":"Nhẫn SJC 99,99","updated":"2021-07-17 09:48:50","brand1":"NS9","day":"20210717","id":"8475102","type":"SJC*","code":"SJC*"},{"buy":"51,100.00","sell":"51,450.00","company":"1OTHER","brand":"Mi Hồng 999","updated":"2021-07-17 00:03:19","brand1":"MH9","day":"20210717","id":"8470901","type":"SJC","code":"SJC"},{"buy":"50,900.00","sell":"51,700.00","company":"1OTHER","brand":"PNJ NT 24K","updated":"2021-07-17 08:30:12","brand1":"PN2","day":"20210717","id":"8474640","type":"SJC","code":"SJC"},{"buy":"50,100.00","sell":"51,100.00","company":"1OTHER","brand":"Mi Hồng 985","updated":"2021-07-17 00:03:19","brand1":"MH9","day":"20210717","id":"8470902","type":"SJC","code":"SJC"},{"buy":"49,900.00","sell":"50,900.00","company":"1OTHER","brand":"Mi Hồng 980","updated":"2021-07-17 00:03:19","brand1":"MH9","day":"20210717","id":"8470903","type":"SJC","code":"SJC"},{"buy":"37,530.00","sell":"38,930.00","company":"1OTHER","brand":"PNJ NT 18K","updated":"2021-07-17 08:30:12","brand1":"PN1","day":"20210717","id":"8474642","type":"SJC","code":"SJC"},{"buy":"33,700.00","sell":"35,700.00","company":"1OTHER","brand":"Mi Hồng 750","updated":"2021-07-17 00:03:19","brand1":"MH7","day":"20210717","id":"8470905","type":"SJC","code":"SJC"},{"buy":"31,000.00","sell":"32,700.00","company":"1OTHER","brand":"Mi Hồng 680","updated":"2021-07-17 00:03:19","brand1":"MH6","day":"20210717","id":"8470906","type":"SJC","code":"SJC"},{"buy":"30,000.00","sell":"31,700.00","company":"1OTHER","brand":"Mi Hồng 610","updated":"2021-07-17 00:03:19","brand1":"MH6","day":"20210717","id":"8470907","type":"SJC","code":"SJC"},{"buy":"29,000.00","sell":"30,400.00","company":"1OTHER","brand":"PNJ NT 14K","updated":"2021-07-17 08:30:12","brand1":"PN1","day":"20210717","id":"8474643","type":"SJC","code":"SJC"},{"buy":"20,260.00","sell":"21,660.00","company":"1OTHER","brand":"PNJ NT 10K","updated":"2021-07-17 08:30:12","brand1":"PN1","day":"20210717","id":"8474644","type":"SJC","code":"SJC"},{"buy":"0.00","sell":"48,200.00","company":"1OTHER","brand":"Mi Hồng 950","updated":"2021-07-17 00:03:19","brand1":"MH9","day":"20210717","id":"8470904","type":"SJC","code":"SJC"},{"buy":"31,772.04","sell":"31,772.04","company":"1Coin","brand":"Bitcoin","updated":"2021-07-17 23:49:40","brand1":"B","day":"20210717","id":"8478384","type":"BTC","code":"TC"},{"buy":"31,760.76","sell":"31,760.76","company":"1Coin","brand":"Wrapped Bitcoin","updated":"2021-07-17 23:49:42","brand1":"WB","day":"20210717","id":"8478394","type":"WBTC","code":"TC"},{"buy":"31,563.51","sell":"31,563.51","company":"1Coin","brand":"Bitcoin BEP2","updated":"2021-07-17 20:05:57","brand1":"BB","day":"20210717","id":"8477926","type":"BTCB","code":"BTCB"},{"buy":"31,502.13","sell":"31,502.13","company":"1Coin","brand":"renBTC","updated":"2021-07-17 20:06:06","brand1":"r","day":"20210717","id":"8478032","type":"RENBTC","code":"RENBTC"},{"buy":"31,436.33","sell":"31,436.33","company":"1Coin","brand":"Huobi BTC","updated":"2021-07-17 18:04:13","brand1":"HB","day":"20210717","id":"8477550","type":"HBTC","code":"TC"},{"buy":"27,360.43","sell":"27,360.43","company":"1Coin","brand":"yearn.finance","updated":"2021-07-17 20:06:00","brand1":"y","day":"20210717","id":"8477971","type":"YFI","code":"YFI"},{"buy":"2,405.65","sell":"2,405.65","company":"1Coin","brand":"Maker","updated":"2021-07-17 20:05:56","brand1":"M","day":"20210717","id":"8477922","type":"MKR","code":"KR"},{"buy":"2,185.38","sell":"2,185.38","company":"1Coin","brand":"DFI.Money","updated":"2021-07-17 18:04:25","brand1":"D","day":"20210717","id":"8477666","type":"YFII","code":"YFII"},{"buy":"1,911.70","sell":"1,911.70","company":"1Coin","brand":"Ethereum","updated":"2021-07-17 23:49:41","brand1":"E","day":"20210717","id":"8478385","type":"ETH","code":"TH"},{"buy":"1,911.70","sell":"1,911.70","company":"1Coin","brand":"Ethereum 2","updated":"2021-07-17 23:49:41","brand1":"E2","day":"20210717","id":"8478386","type":"ETH2","code":"ETH2"},{"buy":"1,868.67","sell":"1,868.67","company":"1Coin","brand":"stETH","updated":"2021-07-17 18:04:15","brand1":"s","day":"20210717","id":"8477553","type":"STETH","code":"STETH"},{"buy":"1,814.17","sell":"1,814.17","company":"1Coin","brand":"PAX Gold","updated":"2021-07-17 18:04:13","brand1":"PG","day":"20210717","id":"8477543","type":"PAXG","code":"PAXG"},{"buy":"630.07","sell":"630.07","company":"1Coin","brand":"Venus BTC","updated":"2021-07-17 18:04:20","brand1":"VB","day":"20210717","id":"8477611","type":"VBTC","code":"TC"},{"buy":"439.19","sell":"439.19","company":"1Coin","brand":"Bitcoin Cash","updated":"2021-07-17 23:49:41","brand1":"BC","day":"20210717","id":"8478390","type":"BCH","code":"H"},{"buy":"374.02","sell":"374.02","company":"1Coin","brand":"Compound","updated":"2021-07-17 20:05:57","brand1":"C","day":"20210717","id":"8477935","type":"COMP","code":"OMP"},{"buy":"302.42","sell":"302.42","company":"1Coin","brand":"Binance Coin","updated":"2021-07-17 23:49:41","brand1":"BC","day":"20210717","id":"8478387","type":"BNB","code":"BNB"},{"buy":"299.81","sell":"299.81","company":"1Coin","brand":"Wrapped BNB","updated":"2021-07-17 18:04:13","brand1":"WB","day":"20210717","id":"8477547","type":"WBNB","code":"NB"},{"buy":"258.22","sell":"258.22","company":"1Coin","brand":"Alchemix","updated":"2021-07-17 18:04:30","brand1":"A","day":"20210717","id":"8477710","type":"ALCX","code":"LCX"},{"buy":"255.12","sell":"255.12","company":"1Coin","brand":"Aave","updated":"2021-07-17 23:49:43","brand1":"Aave","day":"20210717","id":"8478399","type":"AAVE","code":"AAVE"},{"buy":"194.87","sell":"194.87","company":"1Coin","brand":"Monero","updated":"2021-07-17 23:49:43","brand1":"M","day":"20210717","id":"8478398","type":"XMR","code":"XR"},{"buy":"180.68","sell":"180.68","company":"1Coin","brand":"Gnosis","updated":"2021-07-17 18:04:03","brand1":"G","day":"20210717","id":"8477454","type":"GNO","code":"NO"},{"buy":"180.01","sell":"180.01","company":"1Coin","brand":"Kusama","updated":"2021-07-17 20:05:58","brand1":"K","day":"20210717","id":"8477945","type":"KSM","code":"SM"},{"buy":"167.50","sell":"167.50","company":"1Coin","brand":"Cream Finance","updated":"2021-07-17 18:04:21","brand1":"CF","day":"20210717","id":"8477621","type":"CREAM","code":"CREAM"},{"buy":"123.29","sell":"123.29","company":"1Coin","brand":"Bitcoin SV","updated":"2021-07-17 20:05:57","brand1":"BS","day":"20210717","id":"8477923","type":"BSV","code":"V"},{"buy":"120.55","sell":"120.55","company":"1Coin","brand":"Litecoin","updated":"2021-07-17 23:49:42","brand1":"L","day":"20210717","id":"8478391","type":"LTC","code":"TC"},{"buy":"116.79","sell":"116.79","company":"1Coin","brand":"Dash","updated":"2021-07-17 20:06:00","brand1":"Dash","day":"20210717","id":"8477960","type":"DASH","code":"DASH"},{"buy":"111.87","sell":"111.87","company":"1Coin","brand":"Decred","updated":"2021-07-17 20:05:58","brand1":"D","day":"20210717","id":"8477948","type":"DCR","code":"CR"},{"buy":"102.52","sell":"102.52","company":"1Coin","brand":"Counos X","updated":"2021-07-17 18:04:13","brand1":"CX","day":"20210717","id":"8477544","type":"CCXX","code":"CX"},{"buy":"94.27","sell":"94.27","company":"1Coin","brand":"Zcash","updated":"2021-07-17 20:06:00","brand1":"Z","day":"20210717","id":"8477965","type":"ZEC","code":"EC"},{"buy":"77.47","sell":"77.47","company":"1Coin","brand":"Enzyme","updated":"2021-07-17 18:04:09","brand1":"E","day":"20210717","id":"8477529","type":"MLN","code":"MLN"},{"buy":"74.44","sell":"74.44","company":"1Coin","brand":"Elrond","updated":"2021-07-17 20:05:58","brand1":"E","day":"20210717","id":"8477953","type":"EGLD","code":"GLD"},{"buy":"71.33","sell":"71.33","company":"1Coin","brand":"NXM","updated":"2021-07-17 18:04:16","brand1":"NXM","day":"20210717","id":"8477573","type":"NXM","code":""},{"buy":"68.00","sell":"68.00","company":"1Coin","brand":"Quant","updated":"2021-07-17 20:06:01","brand1":"Q","day":"20210717","id":"8477982","type":"QNT","code":"NT"},{"buy":"49.96","sell":"49.96","company":"1Coin","brand":"Wrapped NXM","updated":"2021-07-17 18:04:25","brand1":"WN","day":"20210717","id":"8477669","type":"WNXM","code":"XM"},{"buy":"49.93","sell":"49.93","company":"1Coin","brand":"Horizen","updated":"2021-07-17 20:06:04","brand1":"H","day":"20210717","id":"8477999","type":"ZEN","code":"ZEN"},{"buy":"45.84","sell":"45.84","company":"1Coin","brand":"Filecoin","updated":"2021-07-17 23:29:22","brand1":"F","day":"20210717","id":"8478363","type":"FIL","code":"IL"},{"buy":"41.06","sell":"41.06","company":"1Coin","brand":"Ethereum Classic","updated":"2021-07-17 23:49:42","brand1":"EC","day":"20210717","id":"8478395","type":"ETC","code":"ETC"},{"buy":"38.25","sell":"38.25","company":"1Coin","brand":"Strike","updated":"2021-07-17 18:04:13","brand1":"S","day":"20210717","id":"8477542","type":"STRK","code":"TRK"},{"buy":"37.54","sell":"37.54","company":"1Coin","brand":"Venus ETH","updated":"2021-07-17 18:04:29","brand1":"VE","day":"20210717","id":"8477691","type":"VETH","code":"TH"},{"buy":"37.21","sell":"37.21","company":"1Coin","brand":"Bitcoin Gold","updated":"2021-07-17 20:06:02","brand1":"BG","day":"20210717","id":"8477991","type":"BTG","code":"BTG"},{"buy":"32.99","sell":"32.99","company":"1Coin","brand":"Internet Computer","updated":"2021-07-17 23:49:42","brand1":"IC","day":"20210717","id":"8478396","type":"ICP","code":"P"},{"buy":"30.62","sell":"30.62","company":"1Coin","brand":"Numeraire","updated":"2021-07-17 18:04:09","brand1":"N","day":"20210717","id":"8477524","type":"NMR","code":"MR"},{"buy":"29.63","sell":"29.63","company":"1Coin","brand":"Neo","updated":"2021-07-17 20:05:57","brand1":"Neo","day":"20210717","id":"8477929","type":"NEO","code":"NEO"},{"buy":"26.72","sell":"26.72","company":"1Coin","brand":"Solana","updated":"2021-07-17 23:49:42","brand1":"S","day":"20210717","id":"8478392","type":"SOL","code":"OL"},{"buy":"26.46","sell":"26.46","company":"1Coin","brand":"FTX Token","updated":"2021-07-17 20:05:56","brand1":"FT","day":"20210717","id":"8477919","type":"FTT","code":"T"},{"buy":"24.20","sell":"24.20","company":"1Coin","brand":"Bitcoin Cash ABC","updated":"2021-07-17 18:04:16","brand1":"BCA","day":"20210717","id":"8477576","type":"BCHA","code":"BCHA"},{"buy":"23.09","sell":"23.09","company":"1Coin","brand":"BarnBridge","updated":"2021-07-17 18:04:26","brand1":"B","day":"20210717","id":"8477673","type":"BOND","code":"OND"},{"buy":"21.81","sell":"21.81","company":"1Coin","brand":"Augur","updated":"2021-07-17 18:04:04","brand1":"A","day":"20210717","id":"8477467","type":"REP","code":"REP"},{"buy":"21.81","sell":"21.81","company":"1Coin","brand":"REPv2","updated":"2021-07-17 18:04:04","brand1":"R","day":"20210717","id":"8477470","type":"REPV2","code":"EPV2"},{"buy":"18.95","sell":"18.95","company":"1Coin","brand":"Axie Infinity Shards","updated":"2021-07-17 20:06:00","brand1":"AIS","day":"20210717","id":"8477962","type":"AXS","code":"AXS"},{"buy":"17.61","sell":"17.61","company":"1Coin","brand":"Balancer","updated":"2021-07-17 18:04:12","brand1":"B","day":"20210717","id":"8477539","type":"BAL","code":"AL"},{"buy":"16.32","sell":"16.32","company":"1Coin","brand":"Uniswap","updated":"2021-07-17 23:49:41","brand1":"U","day":"20210717","id":"8478389","type":"UNI","code":"NI"},{"buy":"15.84","sell":"15.84","company":"1Coin","brand":"Flow","updated":"2021-07-17 20:06:01","brand1":"Flow","day":"20210717","id":"8477988","type":"FLOW","code":"FLOW"},{"buy":"15.69","sell":"15.69","company":"1Coin","brand":"Uquid Coin","updated":"2021-07-17 18:04:08","brand1":"UC","day":"20210717","id":"8477520","type":"UQC","code":"UQC"},{"buy":"15.66","sell":"15.66","company":"1Coin","brand":"Livepeer","updated":"2021-07-17 20:06:06","brand1":"L","day":"20210717","id":"8478035","type":"LPT","code":"PT"},{"buy":"15.64","sell":"15.64","company":"1Coin","brand":"Venus","updated":"2021-07-17 18:04:08","brand1":"V","day":"20210717","id":"8477510","type":"XVS","code":"XS"},{"buy":"15.45","sell":"15.45","company":"1Coin","brand":"Chainlink","updated":"2021-07-17 23:49:42","brand1":"C","day":"20210717","id":"8478393","type":"LINK","code":"LINK"},{"buy":"15.32","sell":"15.32","company":"1Coin","brand":"KLAYswap Protocol","updated":"2021-07-17 18:04:21","brand1":"KP","day":"20210717","id":"8477612","type":"KSP","code":"KSP"},{"buy":"14.19","sell":"14.19","company":"1Coin","brand":"Bitcoin Standard Hashrate Token","updated":"2021-07-17 18:04:08","brand1":"BSHT","day":"20210717","id":"8477513","type":"BTCST","code":"BTCST"},{"buy":"13.54","sell":"13.54","company":"1Coin","brand":"Ampleforth Governance Token","updated":"2021-07-17 18:04:21","brand1":"AGT","day":"20210717","id":"8477624","type":"FORTH","code":"FORTH"},{"buy":"13.09","sell":"13.09","company":"1Coin","brand":"Waves","updated":"2021-07-17 20:05:58","brand1":"W","day":"20210717","id":"8477954","type":"WAVES","code":"AVES"},{"buy":"12.73","sell":"12.73","company":"1Coin","brand":"PancakeSwap","updated":"2021-07-17 20:05:56","brand1":"P","day":"20210717","id":"8477918","type":"CAKE","code":"CAKE"},{"buy":"12.23","sell":"12.23","company":"1Coin","brand":"Polkadot","updated":"2021-07-17 23:49:41","brand1":"P","day":"20210717","id":"8478388","type":"DOT","code":"DOT"},{"buy":"11.20","sell":"11.20","company":"1Coin","brand":"Prometeus","updated":"2021-07-17 18:04:06","brand1":"P","day":"20210717","id":"8477498","type":"PROM","code":"ROM"},{"buy":"11.12","sell":"11.12","company":"1Coin","brand":"Cosmos","updated":"2021-07-17 20:05:56","brand1":"C","day":"20210717","id":"8477920","type":"ATOM","code":"ATOM"},{"buy":"10.87","sell":"10.87","company":"1Coin","brand":"Helium","updated":"2021-07-17 20:06:01","brand1":"H","day":"20210717","id":"8477977","type":"HNT","code":"NT"},{"buy":"10.85","sell":"10.85","company":"1Coin","brand":"Avalanche","updated":"2021-07-17 20:05:57","brand1":"A","day":"20210717","id":"8477938","type":"AVAX","code":"VX"},{"buy":"10.85","sell":"10.85","company":"1Coin","brand":"NewYork Exchange","updated":"2021-07-17 18:04:29","brand1":"NE","day":"20210717","id":"8477688","type":"NYE","code":"NYE"},{"buy":"10.81","sell":"10.81","company":"1Coin","brand":"OKB","updated":"2021-07-17 20:06:02","brand1":"OKB","day":"20210717","id":"8477992","type":"OKB","code":""},{"buy":"10.31","sell":"10.31","company":"1Coin","brand":"The Transfer Token","updated":"2021-07-17 18:04:15","brand1":"TTT","day":"20210717","id":"8477557","type":"TTT","code":""},{"buy":"9.92","sell":"9.92","company":"1Coin","brand":"MCO","updated":"2021-07-17 18:04:09","brand1":"MCO","day":"20210717","id":"8477521","type":"MCO","code":""},{"buy":"9.84","sell":"9.84","company":"1Coin","brand":"KuCoin Token","updated":"2021-07-17 20:06:02","brand1":"KT","day":"20210717","id":"8477989","type":"KCS","code":"KCS"},{"buy":"9.83","sell":"9.83","company":"1Coin","brand":"Rocket Pool","updated":"2021-07-17 18:04:22","brand1":"RP","day":"20210717","id":"8477632","type":"RPL","code":"L"},{"buy":"8.88","sell":"8.88","company":"1Coin","brand":"Synthetix Network Token","updated":"2021-07-17 20:06:00","brand1":"SNT","day":"20210717","id":"8477968","type":"SNX","code":"SNX"},{"buy":"8.50","sell":"8.50","company":"1Coin","brand":"Huobi Token","updated":"2021-07-17 20:05:58","brand1":"HT","day":"20210717","id":"8477951","type":"HT","code":""},{"buy":"8.22","sell":"8.22","company":"1Coin","brand":"UMA","updated":"2021-07-17 20:06:05","brand1":"UMA","day":"20210717","id":"8478022","type":"UMA","code":""},{"buy":"8.21","sell":"8.21","company":"1Coin","brand":"Arweave","updated":"2021-07-17 18:04:02","brand1":"A","day":"20210717","id":"8477448","type":"AR","code":"R"},{"buy":"7.81","sell":"7.81","company":"1Coin","brand":"Perpetual Protocol","updated":"2021-07-17 18:04:17","brand1":"PP","day":"20210717","id":"8477584","type":"PERP","code":"PERP"},{"buy":"7.66","sell":"7.66","company":"1Coin","brand":"Badger DAO","updated":"2021-07-17 18:04:29","brand1":"BD","day":"20210717","id":"8477694","type":"BADGER","code":"BADGER"},{"buy":"7.06","sell":"7.06","company":"1Coin","brand":"SushiSwap","updated":"2021-07-17 20:06:01","brand1":"S","day":"20210717","id":"8477981","type":"SUSHI","code":"UHI"},{"buy":"7.05","sell":"7.05","company":"1Coin","brand":"Ethernity Chain","updated":"2021-07-17 18:04:29","brand1":"EC","day":"20210717","id":"8477678","type":"ERN","code":"ERN"},{"buy":"6.78","sell":"6.78","company":"1Coin","brand":"Zelwin","updated":"2021-07-17 18:04:16","brand1":"Z","day":"20210717","id":"8477570","type":"ZLW","code":"LW"},{"buy":"6.63","sell":"6.63","company":"1Coin","brand":"TitanSwap","updated":"2021-07-17 18:04:17","brand1":"T","day":"20210717","id":"8477582","type":"TITAN","code":"IAN"},{"buy":"6.38","sell":"6.38","company":"1Coin","brand":"Terra","updated":"2021-07-17 20:05:56","brand1":"T","day":"20210717","id":"8477915","type":"LUNA","code":"LUNA"},{"buy":"6.27","sell":"6.27","company":"1Coin","brand":"Injective Protocol","updated":"2021-07-17 18:04:05","brand1":"IP","day":"20210717","id":"8477496","type":"INJ","code":"INJ"},{"buy":"6.17","sell":"6.17","company":"1Coin","brand":"LUKSO","updated":"2021-07-17 18:04:24","brand1":"L","day":"20210717","id":"8477662","type":"LYXE","code":"YXE"},{"buy":"6.08","sell":"6.08","company":"1Coin","brand":"Venus BNB","updated":"2021-07-17 18:04:16","brand1":"VB","day":"20210717","id":"8477569","type":"VBNB","code":"NB"},{"buy":"5.81","sell":"5.81","company":"1Coin","brand":"Persistence","updated":"2021-07-17 18:04:18","brand1":"P","day":"20210717","id":"8477601","type":"XPRT","code":"XRT"},{"buy":"5.57","sell":"5.57","company":"1Coin","brand":"Qtum","updated":"2021-07-17 20:06:04","brand1":"Qtum","day":"20210717","id":"8478002","type":"QTUM","code":"QTUM"},{"buy":"5.49","sell":"5.49","company":"1Coin","brand":"MyNeighborAlice","updated":"2021-07-17 18:04:24","brand1":"M","day":"20210717","id":"8477643","type":"ALICE","code":"ALICE"},{"buy":"5.27","sell":"5.27","company":"1Coin","brand":"Celsius","updated":"2021-07-17 20:06:00","brand1":"C","day":"20210717","id":"8477955","type":"CEL","code":"EL"},{"buy":"5.11","sell":"5.11","company":"1Coin","brand":"Gitcoin","updated":"2021-07-17 17:04:30","brand1":"G","day":"20210717","id":"8477711","type":"GTC","code":"TC"},{"buy":"4.97","sell":"4.97","company":"1Coin","brand":"Band Protocol","updated":"2021-07-17 18:04:08","brand1":"BP","day":"20210717","id":"8477507","type":"BAND","code":"BAND"},{"buy":"4.93","sell":"4.93","company":"1Coin","brand":"Energy Web Token","updated":"2021-07-17 18:04:09","brand1":"EWT","day":"20210717","id":"8477527","type":"EWT","code":""},{"buy":"4.90","sell":"4.90","company":"1Coin","brand":"Ergo","updated":"2021-07-17 18:04:08","brand1":"Ergo","day":"20210717","id":"8477517","type":"ERG","code":"ERG"},{"buy":"4.53","sell":"4.53","company":"1Coin","brand":"INO COIN","updated":"2021-07-17 18:04:15","brand1":"IC","day":"20210717","id":"8477560","type":"INO","code":"INO"},{"buy":"4.44","sell":"4.44","company":"1Coin","brand":"THETA","updated":"2021-07-17 23:39:32","brand1":"T","day":"20210717","id":"8478380","type":"THETA","code":"HEA"},{"buy":"4.24","sell":"4.24","company":"1Coin","brand":"THORChain","updated":"2021-07-17 20:06:01","brand1":"T","day":"20210717","id":"8477974","type":"RUNE","code":"RUNE"},{"buy":"4.17","sell":"4.17","company":"1Coin","brand":"Orion Protocol","updated":"2021-07-17 18:04:21","brand1":"OP","day":"20210717","id":"8477615","type":"ORN","code":"ORN"},{"buy":"3.80","sell":"3.80","company":"1Coin","brand":"Nano","updated":"2021-07-17 20:06:05","brand1":"Nano","day":"20210717","id":"8478023","type":"NANO","code":"NANO"},{"buy":"3.79","sell":"3.79","company":"1Coin","brand":"Kava.io","updated":"2021-07-17 18:04:03","brand1":"K","day":"20210717","id":"8477457","type":"KAVA","code":"AVA"},{"buy":"3.69","sell":"3.69","company":"1Coin","brand":"EOS","updated":"2021-07-17 23:49:43","brand1":"EOS","day":"20210717","id":"8478397","type":"EOS","code":""},{"buy":"3.66","sell":"3.66","company":"1Coin","brand":"OMG Network","updated":"2021-07-17 20:06:05","brand1":"ON","day":"20210717","id":"8478014","type":"OMG","code":"OMG"},{"buy":"3.36","sell":"3.36","company":"1Coin","brand":"Aragon","updated":"2021-07-17 18:04:11","brand1":"A","day":"20210717","id":"8477532","type":"ANT","code":"NT"},{"buy":"3.02","sell":"3.02","company":"1Coin","brand":"Mirror Protocol","updated":"2021-07-17 17:04:17","brand1":"MP","day":"20210717","id":"8477593","type":"MIR","code":"MIR"},{"buy":"2.94","sell":"2.94","company":"1Coin","brand":"UNUS SED LEO","updated":"2021-07-17 20:05:56","brand1":"USL","day":"20210717","id":"8477914","type":"LEO","code":"LEO"},{"buy":"2.90","sell":"2.90","company":"1Coin","brand":"GateToken","updated":"2021-07-17 18:04:05","brand1":"G","day":"20210717","id":"8477474","type":"GT","code":"T"},{"buy":"2.79","sell":"2.79","company":"1Coin","brand":"Elitium","updated":"2021-07-17 18:04:29","brand1":"E","day":"20210717","id":"8477685","type":"EUM","code":"UM"},{"buy":"2.78","sell":"2.78","company":"1Coin","brand":"Bancor Network Token","updated":"2021-07-17 20:06:02","brand1":"BNT","day":"20210717","id":"8477993","type":"BNT","code":""},{"buy":"2.78","sell":"2.78","company":"1Coin","brand":"Raydium","updated":"2021-07-17 17:04:20","brand1":"R","day":"20210717","id":"8477608","type":"RAY","code":"AY"},{"buy":"2.63","sell":"2.63","company":"1Coin","brand":"Serum","updated":"2021-07-17 18:04:12","brand1":"S","day":"20210717","id":"8477536","type":"SRM","code":"RM"},{"buy":"2.49","sell":"2.49","company":"1Coin","brand":"Akash Network","updated":"2021-07-17 18:04:18","brand1":"AN","day":"20210717","id":"8477602","type":"AKT","code":"AKT"},{"buy":"2.49","sell":"2.49","company":"1Coin","brand":"TomoChain","updated":"2021-07-17 18:04:05","brand1":"T","day":"20210717","id":"8477482","type":"TOMO","code":"OMO"},{"buy":"2.43","sell":"2.43","company":"1Coin","brand":"Tezos","updated":"2021-07-17 20:05:57","brand1":"T","day":"20210717","id":"8477932","type":"XTZ","code":"XZ"},{"buy":"2.40","sell":"2.40","company":"1Coin","brand":"iExec RLC","updated":"2021-07-17 18:04:05","brand1":"iR","day":"20210717","id":"8477493","type":"RLC","code":"RLC"},{"buy":"2.39","sell":"2.39","company":"1Coin","brand":"CRYPTO20","updated":"2021-07-17 18:04:24","brand1":"C","day":"20210717","id":"8477651","type":"C20","code":"20"},{"buy":"2.35","sell":"2.35","company":"1Coin","brand":"Dawn Protocol","updated":"2021-07-17 15:04:20","brand1":"DP","day":"20210717","id":"8477607","type":"DAWN","code":"DAWN"},{"buy":"2.29","sell":"2.29","company":"1Coin","brand":"Lisk","updated":"2021-07-17 20:06:07","brand1":"Lisk","day":"20210717","id":"8478040","type":"LSK","code":"LSK"},{"buy":"2.26","sell":"2.26","company":"1Coin","brand":"Celo","updated":"2021-07-17 20:06:03","brand1":"Celo","day":"20210717","id":"8477996","type":"CGLD","code":"CGLD"},{"buy":"2.19","sell":"2.19","company":"1Coin","brand":"Tokenlon Network Token","updated":"2021-07-17 18:04:25","brand1":"TNT","day":"20210717","id":"8477663","type":"LON","code":"LON"},{"buy":"2.12","sell":"2.12","company":"1Coin","brand":"Pirate Chain","updated":"2021-07-17 18:04:16","brand1":"PC","day":"20210717","id":"8477579","type":"ARRR","code":"ARRR"},{"buy":"2.04","sell":"2.04","company":"1Coin","brand":"1inch","updated":"2021-07-17 20:06:06","brand1":"1","day":"20210717","id":"8478029","type":"1INCH","code":"INCH"},{"buy":"1.98","sell":"1.98","company":"1Coin","brand":"DeFiChain","updated":"2021-07-17 18:04:16","brand1":"D","day":"20210717","id":"8477566","type":"DFI","code":"FI"},{"buy":"1.96","sell":"1.96","company":"1Coin","brand":"Creditcoin","updated":"2021-07-17 18:04:15","brand1":"C","day":"20210717","id":"8477556","type":"CTC","code":"T"},{"buy":"1.96","sell":"1.96","company":"1Coin","brand":"NEAR Protocol","updated":"2021-07-17 20:06:01","brand1":"NP","day":"20210717","id":"8477987","type":"NEAR","code":"NEAR"},{"buy":"1.94","sell":"1.94","company":"1Coin","brand":"KOK","updated":"2021-07-17 16:04:17","brand1":"KOK","day":"20210717","id":"8477595","type":"KOK","code":""},{"buy":"1.93","sell":"1.93","company":"1Coin","brand":"Travala.com","updated":"2021-07-17 18:04:24","brand1":"T","day":"20210717","id":"8477648","type":"AVA","code":"AVA"},{"buy":"1.90","sell":"1.90","company":"1Coin","brand":"Anchor Protocol","updated":"2021-07-17 16:04:20","brand1":"AP","day":"20210717","id":"8477606","type":"ANC","code":"ANC"},{"buy":"1.90","sell":"1.90","company":"1Coin","brand":"BakeryToken","updated":"2021-07-17 20:06:05","brand1":"B","day":"20210717","id":"8478011","type":"BAKE","code":"AKE"},{"buy":"1.84","sell":"1.84","company":"1Coin","brand":"Voyager Token","updated":"2021-07-17 20:06:06","brand1":"VT","day":"20210717","id":"8478026","type":"VGX","code":"VGX"},{"buy":"1.72","sell":"1.72","company":"1Coin","brand":"Bitcoin Diamond","updated":"2021-07-17 20:06:06","brand1":"BD","day":"20210717","id":"8478037","type":"BCD","code":"BCD"},{"buy":"1.64","sell":"1.64","company":"1Coin","brand":"Swipe","updated":"2021-07-17 18:04:07","brand1":"S","day":"20210717","id":"8477503","type":"SXP","code":"XP"},{"buy":"1.58","sell":"1.58","company":"1Coin","brand":"Tokocrypto","updated":"2021-07-17 18:04:19","brand1":"T","day":"20210717","id":"8477605","type":"TKO","code":"KO"},{"buy":"1.56","sell":"1.56","company":"1Coin","brand":"Populous","updated":"2021-07-17 18:04:25","brand1":"P","day":"20210717","id":"8477670","type":"PPT","code":"T"},{"buy":"1.52","sell":"1.52","company":"1Coin","brand":"Stratis","updated":"2021-07-17 16:04:05","brand1":"S","day":"20210717","id":"8477483","type":"STRAX","code":"TRAX"},{"buy":"1.48","sell":"1.48","company":"1Coin","brand":"Metal","updated":"2021-07-17 18:04:24","brand1":"M","day":"20210717","id":"8477640","type":"MTL","code":"TL"},{"buy":"1.46","sell":"1.46","company":"1Coin","brand":"Clover Finance","updated":"2021-07-17 18:04:18","brand1":"CF","day":"20210717","id":"8477598","type":"CLV","code":"CLV"},{"buy":"1.44","sell":"1.44","company":"1Coin","brand":"Mdex","updated":"2021-07-17 18:03:57","brand1":"Mdex","day":"20210717","id":"8477381","type":"MDX","code":"MDX"},{"buy":"1.42","sell":"1.42","company":"1Coin","brand":"Curve DAO Token","updated":"2021-07-17 20:06:04","brand1":"CDT","day":"20210717","id":"8478005","type":"CRV","code":"CRV"},{"buy":"1.40","sell":"1.40","company":"1Coin","brand":"Nexo","updated":"2021-07-17 19:06:02","brand1":"Nexo","day":"20210717","id":"8477990","type":"NEXO","code":"NEXO"},{"buy":"1.33","sell":"1.33","company":"1Coin","brand":"Oxygen","updated":"2021-07-17 14:00:52","brand1":"O","day":"20210717","id":"8476328","type":"OXY","code":"XY"},{"buy":"1.28","sell":"1.28","company":"1Coin","brand":"Kyber Network","updated":"2021-07-17 18:04:04","brand1":"KN","day":"20210717","id":"8477461","type":"KNC","code":"C"},{"buy":"1.24","sell":"1.24","company":"1Coin","brand":"XeniosCoin","updated":"2021-07-17 18:04:24","brand1":"X","day":"20210717","id":"8477655","type":"XNC","code":"NC"},{"buy":"1.23","sell":"1.23","company":"1Coin","brand":"MonaCoin","updated":"2021-07-17 18:04:26","brand1":"M","day":"20210717","id":"8477674","type":"MONA","code":"ONA"},{"buy":"1.19","sell":"1.19","company":"1Coin","brand":"Enjin Coin","updated":"2021-07-17 14:06:01","brand1":"EC","day":"20210717","id":"8477978","type":"ENJ","code":"ENJ"},{"buy":"1.19","sell":"1.19","company":"1Coin","brand":"STASIS EURO","updated":"2021-07-17 04:00:46","brand1":"SE","day":"20210717","id":"8471856","type":"EURS","code":"EURS"},{"buy":"1.17","sell":"1.17","company":"1Coin","brand":"Cardano","updated":"2021-07-17 21:17:06","brand1":"C","day":"20210717","id":"8478142","type":"ADA","code":"ADA"},{"buy":"1.12","sell":"1.12","company":"1Coin","brand":"Unibright","updated":"2021-07-17 16:02:23","brand1":"U","day":"20210717","id":"8476843","type":"UBT","code":"BT"},{"buy":"1.10","sell":"1.10","company":"1Coin","brand":"Pundi X[new]","updated":"2021-07-17 18:04:17","brand1":"PX","day":"20210717","id":"8477592","type":"PUNDIX","code":"PUNDIX"},{"buy":"1.04","sell":"1.04","company":"1Coin","brand":"Mina","updated":"2021-07-17 17:04:06","brand1":"Mina","day":"20210717","id":"8477500","type":"MINA","code":"MINA"},{"buy":"1.02","sell":"1.02","company":"1Coin","brand":"MiL.k","updated":"2021-07-17 18:04:26","brand1":"M","day":"20210717","id":"8477677","type":"MLK","code":"LK"},{"buy":"1.02","sell":"1.02","company":"1Coin","brand":"Stacks","updated":"2021-07-17 20:06:00","brand1":"S","day":"20210717","id":"8477957","type":"STX","code":"TX"},{"buy":"1.00","sell":"1.00","company":"1Coin","brand":"Frax","updated":"2021-07-17 11:00:39","brand1":"Frax","day":"20210717","id":"8476123","type":"FRAX","code":"FRAX"},{"buy":"0.98","sell":"0.98","company":"1Coin","brand":"Polkastarter","updated":"2021-07-17 16:02:46","brand1":"P","day":"20210717","id":"8477052","type":"POLS","code":"OLS"},{"buy":"0.97","sell":"0.97","company":"1Coin","brand":"Sologenic","updated":"2021-07-17 16:02:33","brand1":"S","day":"20210717","id":"8476962","type":"SOLO","code":"OLO"},{"buy":"0.95","sell":"0.95","company":"1Coin","brand":"Ampleforth","updated":"2021-07-17 11:00:34","brand1":"A","day":"20210717","id":"8476027","type":"AMPL","code":"MPL"},{"buy":"0.94","sell":"0.94","company":"1Coin","brand":"Audius","updated":"2021-07-17 15:04:21","brand1":"A","day":"20210717","id":"8477618","type":"AUDIO","code":"UDIO"},{"buy":"0.93","sell":"0.93","company":"1Coin","brand":"WazirX","updated":"2021-07-17 18:04:03","brand1":"W","day":"20210717","id":"8477453","type":"WRX","code":"RX"},{"buy":"0.91","sell":"0.91","company":"1Coin","brand":"DODO","updated":"2021-07-17 18:04:21","brand1":"DODO","day":"20210717","id":"8477629","type":"DODO","code":""},{"buy":"0.89","sell":"0.89","company":"1Coin","brand":"Klaytn","updated":"2021-07-17 08:04:29","brand1":"K","day":"20210717","id":"8474220","type":"KLAY","code":"LAY"},{"buy":"0.88","sell":"0.88","company":"1Coin","brand":"HedgeTrade","updated":"2021-07-17 18:04:17","brand1":"H","day":"20210717","id":"8477587","type":"HEDG","code":"EDG"},{"buy":"0.87","sell":"0.87","company":"1Coin","brand":"Ark","updated":"2021-07-17 13:02:28","brand1":"Ark","day":"20210717","id":"8476898","type":"ARK","code":"ARK"},{"buy":"0.86","sell":"0.86","company":"1Coin","brand":"WhiteCoin","updated":"2021-07-17 18:04:16","brand1":"W","day":"20210717","id":"8477564","type":"XWC","code":"XC"},{"buy":"0.80","sell":"0.80","company":"1Coin","brand":"ICON","updated":"2021-07-17 20:06:05","brand1":"ICON","day":"20210717","id":"8478019","type":"ICX","code":"ICX"},{"buy":"0.80","sell":"0.80","company":"1Coin","brand":"Polygon","updated":"2021-07-17 23:39:32","brand1":"P","day":"20210717","id":"8478378","type":"MATIC","code":"MATIC"},{"buy":"0.78","sell":"0.78","company":"1Coin","brand":"Algorand","updated":"2021-07-17 18:03:51","brand1":"A","day":"20210717","id":"8477306","type":"ALGO","code":"LGO"},{"buy":"0.78","sell":"0.78","company":"1Coin","brand":"TrustSwap","updated":"2021-07-17 18:04:31","brand1":"T","day":"20210717","id":"8477716","type":"SWAP","code":"SWAP"},{"buy":"0.77","sell":"0.77","company":"1Coin","brand":"Bitpanda Ecosystem Token","updated":"2021-07-17 18:04:17","brand1":"BET","day":"20210717","id":"8477589","type":"BEST","code":"BEST"},{"buy":"0.77","sell":"0.77","company":"1Coin","brand":"Storj","updated":"2021-07-17 18:04:05","brand1":"S","day":"20210717","id":"8477479","type":"STORJ","code":"TORJ"},{"buy":"0.75","sell":"0.75","company":"1Coin","brand":"Phala.Network","updated":"2021-07-17 16:02:27","brand1":"P","day":"20210717","id":"8476888","type":"PHA","code":"HA"},{"buy":"0.74","sell":"0.74","company":"1Coin","brand":"Origin Token","updated":"2021-07-17 10:02:20","brand1":"OT","day":"20210717","id":"8476817","type":"OGN","code":"OGN"},{"buy":"0.73","sell":"0.73","company":"1Coin","brand":"Doctors Coin","updated":"2021-07-17 14:00:41","brand1":"DC","day":"20210717","id":"8476161","type":"DRS","code":"DRS"},{"buy":"0.69","sell":"0.69","company":"1Coin","brand":"IOTA","updated":"2021-07-17 18:05:57","brand1":"IOTA","day":"20210717","id":"8477937","type":"MIOTA","code":"M"},{"buy":"0.69","sell":"0.69","company":"1Coin","brand":"Ontology Gas","updated":"2021-07-17 18:04:05","brand1":"OG","day":"20210717","id":"8477488","type":"ONG","code":"ONG"},{"buy":"0.69","sell":"0.69","company":"1Coin","brand":"SafePal","updated":"2021-07-17 18:04:30","brand1":"S","day":"20210717","id":"8477699","type":"SFP","code":"FP"},{"buy":"0.68","sell":"0.68","company":"1Coin","brand":"EFFORCE","updated":"2021-07-17 18:04:29","brand1":"E","day":"20210717","id":"8477682","type":"WOZX","code":"WOZX"},{"buy":"0.64","sell":"0.64","company":"1Coin","brand":"Komodo","updated":"2021-07-17 11:02:41","brand1":"K","day":"20210717","id":"8477032","type":"KMD","code":"MD"},{"buy":"0.64","sell":"0.64","company":"1Coin","brand":"RNDR Token","updated":"2021-07-17 18:04:22","brand1":"RT","day":"20210717","id":"8477636","type":"RNDR","code":"RNDR"},{"buy":"0.64","sell":"0.64","company":"1Coin","brand":"ZKSwap","updated":"2021-07-17 14:00:33","brand1":"Z","day":"20210717","id":"8476010","type":"ZKS","code":"KS"},{"buy":"0.63","sell":"0.63","company":"1Coin","brand":"Ontology","updated":"2021-07-17 20:06:04","brand1":"O","day":"20210717","id":"8478000","type":"ONT","code":"NT"},{"buy":"0.62","sell":"0.62","company":"1Coin","brand":"0x","updated":"2021-07-17 20:06:05","brand1":"0x","day":"20210717","id":"8478008","type":"ZRX","code":"ZRX"},{"buy":"0.61","sell":"0.61","company":"1Coin","brand":"Decentraland","updated":"2021-07-17 20:06:00","brand1":"D","day":"20210717","id":"8477966","type":"MANA","code":"MANA"},{"buy":"0.59","sell":"0.59","company":"1Coin","brand":"Orbit Chain","updated":"2021-07-17 13:00:39","brand1":"OC","day":"20210717","id":"8476105","type":"ORC","code":"ORC"},{"buy":"0.58","sell":"0.58","company":"1Coin","brand":"Tribe","updated":"2021-07-17 15:02:35","brand1":"T","day":"20210717","id":"8476980","type":"TRIBE","code":"RIBE"},{"buy":"0.58","sell":"0.58","company":"1Coin","brand":"XRP","updated":"2021-07-17 09:56:19","brand1":"XRP","day":"20210717","id":"8475175","type":"XRP","code":""},{"buy":"0.57","sell":"0.57","company":"1Coin","brand":"The Graph","updated":"2021-07-17 11:02:08","brand1":"TG","day":"20210717","id":"8476703","type":"GRT","code":"GRT"},{"buy":"0.56","sell":"0.56","company":"1Coin","brand":"MaidSafeCoin","updated":"2021-07-17 14:00:25","brand1":"M","day":"20210717","id":"8475852","type":"MAID","code":"AID"},{"buy":"0.55","sell":"0.55","company":"1Coin","brand":"Basic Attention Token","updated":"2021-07-17 20:06:01","brand1":"BAT","day":"20210717","id":"8477984","type":"BAT","code":""},{"buy":"0.54","sell":"0.54","company":"1Coin","brand":"Newscrypto","updated":"2021-07-17 08:05:02","brand1":"N","day":"20210717","id":"8474547","type":"NWC","code":"WC"},{"buy":"0.53","sell":"0.53","company":"1Coin","brand":"Alpha Finance Lab","updated":"2021-07-17 12:02:24","brand1":"AFL","day":"20210717","id":"8476879","type":"ALPHA","code":"ALPHA"},{"buy":"0.52","sell":"0.52","company":"1Coin","brand":"Hxro","updated":"2021-07-17 06:02:43","brand1":"Hxro","day":"20210717","id":"8473294","type":"HXRO","code":"HXRO"},{"buy":"0.52","sell":"0.52","company":"1Coin","brand":"SwissBorg","updated":"2021-07-17 18:06:05","brand1":"S","day":"20210717","id":"8478025","type":"CHSB","code":"CHB"},{"buy":"0.49","sell":"0.49","company":"1Coin","brand":"Automata Network","updated":"2021-07-17 16:02:41","brand1":"AN","day":"20210717","id":"8477026","type":"ATA","code":"ATA"},{"buy":"0.49","sell":"0.49","company":"1Coin","brand":"Ultra","updated":"2021-07-17 14:00:31","brand1":"U","day":"20210717","id":"8475989","type":"UOS","code":"OS"},{"buy":"0.49","sell":"0.49","company":"1Coin","brand":"Wanchain","updated":"2021-07-17 17:04:24","brand1":"W","day":"20210717","id":"8477652","type":"WAN","code":"AN"},{"buy":"0.45","sell":"0.45","company":"1Coin","brand":"Rally","updated":"2021-07-17 18:04:24","brand1":"R","day":"20210717","id":"8477659","type":"RLY","code":"LY"},{"buy":"0.44","sell":"0.44","company":"1Coin","brand":"The Sandbox","updated":"2021-07-17 17:04:01","brand1":"TS","day":"20210717","id":"8477442","type":"SAND","code":"SAND"},{"buy":"0.43","sell":"0.43","company":"1Coin","brand":"Wootrade","updated":"2021-07-17 16:02:21","brand1":"W","day":"20210717","id":"8476825","type":"WOO","code":"OO"},{"buy":"0.40","sell":"0.40","company":"1Coin","brand":"Cartesi","updated":"2021-07-17 14:00:30","brand1":"C","day":"20210717","id":"8475964","type":"CTSI","code":"TSI"},{"buy":"0.40","sell":"0.40","company":"1Coin","brand":"Rakon","updated":"2021-07-17 14:00:46","brand1":"R","day":"20210717","id":"8476235","type":"RKN","code":"KN"},{"buy":"0.38","sell":"0.38","company":"1Coin","brand":"Ocean Protocol","updated":"2021-07-17 18:04:04","brand1":"OP","day":"20210717","id":"8477472","type":"OCEAN","code":"OCEAN"},{"buy":"0.37","sell":"0.37","company":"1Coin","brand":"Steem","updated":"2021-07-17 07:04:46","brand1":"S","day":"20210717","id":"8474409","type":"STEEM","code":"TEEM"},{"buy":"0.32","sell":"0.32","company":"1Coin","brand":"AllianceBlock","updated":"2021-07-17 08:05:07","brand1":"A","day":"20210717","id":"8474594","type":"ALBT","code":"LBT"},{"buy":"0.32","sell":"0.32","company":"1Coin","brand":"Venus XVS","updated":"2021-07-17 04:02:59","brand1":"VX","day":"20210717","id":"8473503","type":"VXVS","code":"VS"},{"buy":"0.31","sell":"0.31","company":"1Coin","brand":"Trust Wallet Token","updated":"2021-07-17 11:02:44","brand1":"TWT","day":"20210717","id":"8477043","type":"TWT","code":""},{"buy":"0.30","sell":"0.30","company":"1Coin","brand":"Hive","updated":"2021-07-17 08:04:49","brand1":"Hive","day":"20210717","id":"8474428","type":"HIVE","code":"HIVE"},{"buy":"0.29","sell":"0.29","company":"1Coin","brand":"Golem","updated":"2021-07-17 04:00:29","brand1":"G","day":"20210717","id":"8471627","type":"GNT","code":"NT"},{"buy":"0.28","sell":"0.28","company":"1Coin","brand":"Small Love Potion","updated":"2021-07-17 18:04:08","brand1":"SLP","day":"20210717","id":"8477514","type":"SLP","code":""},{"buy":"0.27","sell":"0.27","company":"1Coin","brand":"MarketPeak","updated":"2021-07-17 00:00:00","brand1":"M","day":"20210717","id":"8473524","type":"PEAK","code":"PEAK"},{"buy":"0.27","sell":"0.27","company":"1Coin","brand":"Theta Fuel","updated":"2021-07-17 14:00:15","brand1":"TF","day":"20210717","id":"8475680","type":"TFUEL","code":"UEL"},{"buy":"0.26","sell":"0.26","company":"1Coin","brand":"Keep Network","updated":"2021-07-17 10:02:35","brand1":"KN","day":"20210717","id":"8476979","type":"KEEP","code":"KEEP"},{"buy":"0.23","sell":"0.23","company":"1Coin","brand":"Stellar Lumens","updated":"2021-07-17 09:05:28","brand1":"SL","day":"20210717","id":"8474807","type":"XLM","code":"XLM"},{"buy":"0.22","sell":"0.22","company":"1Coin","brand":"Fetch.ai","updated":"2021-07-17 16:02:23","brand1":"F","day":"20210717","id":"8476859","type":"FET","code":"ET"},{"buy":"0.21","sell":"0.21","company":"1Coin","brand":"Loopring","updated":"2021-07-17 06:02:35","brand1":"L","day":"20210717","id":"8473210","type":"LRC","code":"RC"},{"buy":"0.21","sell":"0.21","company":"1Coin","brand":"NKN","updated":"2021-07-17 14:00:30","brand1":"NKN","day":"20210717","id":"8475974","type":"NKN","code":""},{"buy":"0.20","sell":"0.20","company":"1Coin","brand":"Chromia","updated":"2021-07-17 13:02:40","brand1":"C","day":"20210717","id":"8477018","type":"CHR","code":"HR"},{"buy":"0.20","sell":"0.20","company":"1Coin","brand":"NOIA Network","updated":"2021-07-17 14:00:51","brand1":"NN","day":"20210717","id":"8476312","type":"NOIA","code":"NOIA"},{"buy":"0.19","sell":"0.19","company":"1Coin","brand":"Fantom","updated":"2021-07-17 07:02:16","brand1":"F","day":"20210717","id":"8476778","type":"FTM","code":"TM"},{"buy":"0.19","sell":"0.19","company":"1Coin","brand":"Hedera Hashgraph","updated":"2021-07-17 20:05:58","brand1":"HH","day":"20210717","id":"8477942","type":"HBAR","code":"HBAR"},{"buy":"0.19","sell":"0.19","company":"1Coin","brand":"SKALE","updated":"2021-07-17 18:04:04","brand1":"S","day":"20210717","id":"8477473","type":"SKL","code":"KL"},{"buy":"0.18","sell":"0.18","company":"1Coin","brand":"Alien Worlds","updated":"2021-07-17 14:02:35","brand1":"AW","day":"20210717","id":"8476969","type":"TLM","code":"TLM"},{"buy":"0.17","sell":"0.17","company":"1Coin","brand":"Dogecoin","updated":"2021-07-17 08:05:27","brand1":"D","day":"20210717","id":"8474799","type":"DOGE","code":"OGE"},{"buy":"0.17","sell":"0.17","company":"1Coin","brand":"HEX","updated":"2021-07-17 16:02:28","brand1":"HEX","day":"20210717","id":"8476905","type":"HEX","code":""},{"buy":"0.16","sell":"0.16","company":"1Coin","brand":"NEM","updated":"2021-07-17 08:04:31","brand1":"NEM","day":"20210717","id":"8474243","type":"XEM","code":"XEM"},{"buy":"0.15","sell":"0.15","company":"1Coin","brand":"Constellation","updated":"2021-07-17 14:00:27","brand1":"C","day":"20210717","id":"8475902","type":"DAG","code":"DAG"},{"buy":"0.12","sell":"0.12","company":"1Coin","brand":"district0x","updated":"2021-07-17 06:02:59","brand1":"d","day":"20210717","id":"8473495","type":"DNT","code":"DNT"},{"buy":"0.11","sell":"0.11","company":"1Coin","brand":"COTI","updated":"2021-07-17 10:00:52","brand1":"COTI","day":"20210717","id":"8476355","type":"COTI","code":""},{"buy":"0.11","sell":"0.11","company":"1Coin","brand":"Sport and Leisure","updated":"2021-07-17 18:04:30","brand1":"SaL","day":"20210717","id":"8477707","type":"SNL","code":"SNL"},{"buy":"0.09","sell":"0.09","company":"1Coin","brand":"Centrality","updated":"2021-07-17 14:00:43","brand1":"C","day":"20210717","id":"8476205","type":"CENNZ","code":"ENNZ"},{"buy":"0.09","sell":"0.09","company":"1Coin","brand":"Streamr","updated":"2021-07-17 14:00:51","brand1":"S","day":"20210717","id":"8476314","type":"DATA","code":"DATA"},{"buy":"0.08","sell":"0.08","company":"1Coin","brand":"Casper","updated":"2021-07-17 08:05:06","brand1":"C","day":"20210717","id":"8474591","type":"CSPR","code":"SPR"},{"buy":"0.06","sell":"0.06","company":"1Coin","brand":"Oasis Network","updated":"2021-07-17 00:00:00","brand1":"ON","day":"20210717","id":"8472548","type":"ROSE","code":"ROSE"},{"buy":"0.01","sell":"0.01","company":"1Coin","brand":"QuarkChain","updated":"2021-07-17 00:00:00","brand1":"Q","day":"20210717","id":"8471892","type":"QKC","code":"KC"}]}],"time":4,"excute1_time":0,"excute2_time":3,"excute3_time":0,"count1":0,"count2":327}