
{"golds":[{"updated":"2021-07-18 00:00:01","date":"20210718","gold":[],"value":[{"buy":"56,870.00","sell":"57,550.00","company":"SJC","brand":"Long Xuyên","updated":"2021-07-18 00:00:01","brand1":"LX","day":"20210718","id":"8478445","type":"Vàng SJC","code":""},{"buy":"56,850.00","sell":"57,520.00","company":"SJC","brand":"Bạc Liêu","updated":"2021-07-18 00:00:01","brand1":"BL","day":"20210718","id":"8478446","type":"Vàng SJC","code":""},{"buy":"56,850.00","sell":"57,500.00","company":"SJC","brand":"Biên Hòa","updated":"2021-07-18 00:00:01","brand1":"BH","day":"20210718","id":"8478442","type":"Vàng SJC","code":""},{"buy":"56,850.00","sell":"57,520.00","company":"SJC","brand":"Cà Mau","updated":"2021-07-18 00:00:01","brand1":"CM","day":"20210718","id":"8478439","type":"Vàng SJC","code":""},{"buy":"56,850.00","sell":"57,520.00","company":"SJC","brand":"Hà Nội","updated":"2021-07-18 00:00:01","brand1":"HN","day":"20210718","id":"8478436","type":"Vàng SJC","code":""},{"buy":"56,850.00","sell":"57,500.00","company":"SJC","brand":"Hồ Chí Minh","updated":"2021-07-18 00:00:01","brand1":"HCM","day":"20210718","id":"8478427","type":"Vàng SJC 1L","code":""},{"buy":"56,850.00","sell":"57,500.00","company":"SJC","brand":"Miền Tây","updated":"2021-07-18 00:00:01","brand1":"MT","day":"20210718","id":"8478443","type":"Vàng SJC","code":""},{"buy":"56,850.00","sell":"57,520.00","company":"SJC","brand":"Nha Trang","updated":"2021-07-18 00:00:01","brand1":"NT","day":"20210718","id":"8478438","type":"Vàng SJC","code":""},{"buy":"56,850.00","sell":"57,500.00","company":"SJC","brand":"Quãng Ngãi","updated":"2021-07-18 00:00:01","brand1":"QN","day":"20210718","id":"8478444","type":"Vàng SJC","code":""},{"buy":"56,850.00","sell":"57,520.00","company":"SJC","brand":"Đà  Nẵng","updated":"2021-07-18 00:00:01","brand1":"ĐN","day":"20210718","id":"8478437","type":"Vàng SJC","code":""},{"buy":"56,830.00","sell":"57,520.00","company":"SJC","brand":"Bình Phước","updated":"2021-07-18 00:00:01","brand1":"BP","day":"20210718","id":"8478441","type":"Vàng SJC","code":""},{"buy":"56,830.00","sell":"57,520.00","company":"SJC","brand":"Hạ Long","updated":"2021-07-18 00:00:01","brand1":"HL","day":"20210718","id":"8478449","type":"Vàng SJC","code":""},{"buy":"56,830.00","sell":"57,520.00","company":"SJC","brand":"Phan Rang","updated":"2021-07-18 00:00:01","brand1":"PR","day":"20210718","id":"8478448","type":"Vàng SJC","code":""},{"buy":"56,830.00","sell":"57,520.00","company":"SJC","brand":"Quảng Nam","updated":"2021-07-18 00:00:01","brand1":"QN","day":"20210718","id":"8478450","type":"Vàng SJC","code":""},{"buy":"56,830.00","sell":"57,520.00","company":"SJC","brand":"Quy Nhơn","updated":"2021-07-18 00:00:01","brand1":"QN","day":"20210718","id":"8478447","type":"Vàng SJC","code":""},{"buy":"56,820.00","sell":"57,530.00","company":"SJC","brand":"Huế","updated":"2021-07-18 00:00:01","brand1":"Huế","day":"20210718","id":"8478440","type":"Vàng SJC","code":""},{"buy":"51,250.00","sell":"52,050.00","company":"SJC","brand":"Hồ Chí Minh","updated":"2021-07-18 00:00:01","brand1":"HCM","day":"20210718","id":"8478430","type":"Vàng nhẫn SJC 99,99 0,5 chỉ","code":"nhẫn  99,99 0,5 chỉ"},{"buy":"51,250.00","sell":"51,950.00","company":"SJC","brand":"Hồ Chí Minh","updated":"2021-07-18 00:00:01","brand1":"HCM","day":"20210718","id":"8478428","type":"Vàng nhẫn SJC 99,99 1 chỉ, 2 chỉ, 5 chỉ","code":"nhẫn  99,99 1 chỉ, 2 chỉ, 5 chỉ"},{"buy":"50,950.00","sell":"51,650.00","company":"SJC","brand":"Hồ Chí Minh","updated":"2021-07-18 00:00:01","brand1":"HCM","day":"20210718","id":"8478431","type":"Vàng nữ trang 99,99%","code":"nữ trang 99,99%"},{"buy":"50,139.00","sell":"51,139.00","company":"SJC","brand":"Hồ Chí Minh","updated":"2021-07-18 00:00:01","brand1":"HCM","day":"20210718","id":"8478432","type":"Vàng nữ trang 99%","code":"nữ trang 99%"},{"buy":"36,891.00","sell":"38,891.00","company":"SJC","brand":"Hồ Chí Minh","updated":"2021-07-18 00:00:01","brand1":"HCM","day":"20210718","id":"8478433","type":"Vàng nữ trang 75%","code":"nữ trang 75%"},{"buy":"28,265.00","sell":"30,265.00","company":"SJC","brand":"Hồ Chí Minh","updated":"2021-07-18 00:00:01","brand1":"HCM","day":"20210718","id":"8478434","type":"Vàng nữ trang 58,3%","code":"nữ trang 58,3%"},{"buy":"19,690.00","sell":"21,690.00","company":"SJC","brand":"Hồ Chí Minh","updated":"2021-07-18 00:00:01","brand1":"HCM","day":"20210718","id":"8478435","type":"Vàng nữ trang 41,7%","code":"nữ trang 41,7%"},{"buy":"56,800.00","sell":"57,500.00","company":"DOJI","brand":"","updated":"2021-07-18 09:16:00","brand1":"","day":"20210718","id":"8480354","type":"AVPL \/ DOJI CT buôn","code":"AVPL \/  CT buôn"},{"buy":"56,800.00","sell":"57,500.00","company":"DOJI","brand":"","updated":"2021-07-18 09:16:00","brand1":"","day":"20210718","id":"8480353","type":"AVPL \/ DOJI CT lẻ","code":"AVPL \/  CT"},{"buy":"56,800.00","sell":"57,500.00","company":"DOJI","brand":"","updated":"2021-07-18 09:16:00","brand1":"","day":"20210718","id":"8480350","type":"AVPL \/ DOJI ĐN buôn","code":"AVPL \/  ĐN buôn"},{"buy":"56,800.00","sell":"57,500.00","company":"DOJI","brand":"","updated":"2021-07-18 09:16:00","brand1":"","day":"20210718","id":"8480349","type":"AVPL \/ DOJI ĐN lẻ","code":"AVPL \/  ĐN"},{"buy":"56,800.00","sell":"57,450.00","company":"DOJI","brand":"Hà Nội","updated":"2021-07-18 09:16:00","brand1":"HN","day":"20210718","id":"8480346","type":"AVPL \/ DOJI HN buôn","code":"AVPL \/   buôn"},{"buy":"56,800.00","sell":"57,450.00","company":"DOJI","brand":"Hà Nội","updated":"2021-07-18 09:16:00","brand1":"HN","day":"20210718","id":"8480345","type":"AVPL \/ DOJI HN lẻ","code":"AVPL \/"},{"buy":"56,800.00","sell":"57,450.00","company":"DOJI","brand":"Hồ Chí Minh","updated":"2021-07-18 09:16:00","brand1":"HCM","day":"20210718","id":"8480348","type":"AVPL \/ DOJI HCM buôn","code":"AVPL \/   buôn"},{"buy":"56,800.00","sell":"57,450.00","company":"DOJI","brand":"Hồ Chí Minh","updated":"2021-07-18 09:16:00","brand1":"HCM","day":"20210718","id":"8480347","type":"AVPL \/ DOJI HCM lẻ","code":"AVPL \/"},{"buy":"51,250.00","sell":"51,550.00","company":"DOJI","brand":"Hà Nội","updated":"2021-07-18 09:16:00","brand1":"HN","day":"20210718","id":"8480351","type":"Nguyên liêu 9999 - HN","code":"Nguyên liêu 9999 -"},{"buy":"51,200.00","sell":"51,500.00","company":"DOJI","brand":"Hà Nội","updated":"2021-07-18 09:16:00","brand1":"HN","day":"20210718","id":"8480352","type":"Nguyên liêu 999 - HN","code":"Nguyên liêu 999 -"},{"buy":"5,680.00","sell":"5,750.00","company":"DOJI","brand":"","updated":"2021-07-18 09:16:00","brand1":"","day":"20210718","id":"8480325","type":"Kim Thần Tài","code":"Kim Thần Tài"},{"buy":"5,680.00","sell":"5,750.00","company":"DOJI","brand":"","updated":"2021-07-18 09:16:00","brand1":"","day":"20210718","id":"8480324","type":"Lộc Phát Tài","code":"Lộc Phát Tài"},{"buy":"5,680.00","sell":"5,745.00","company":"DOJI","brand":"Hà Nội","updated":"2021-07-18 09:16:00","brand1":"HN","day":"20210718","id":"8480311","type":"Kim Ngân Tài","code":"Kim Ngân Tài"},{"buy":"5,680.00","sell":"5,745.00","company":"DOJI","brand":"Hà Nội","updated":"2021-07-18 09:16:00","brand1":"HN","day":"20210718","id":"8480308","type":"Kim Ngưu","code":"Kim Ngưu"},{"buy":"5,680.00","sell":"5,745.00","company":"DOJI","brand":"Hà Nội","updated":"2021-07-18 09:16:00","brand1":"HN","day":"20210718","id":"8480309","type":"Kim Thần Tài","code":"Kim Thần Tài"},{"buy":"5,680.00","sell":"5,745.00","company":"DOJI","brand":"Hà Nội","updated":"2021-07-18 09:16:00","brand1":"HN","day":"20210718","id":"8480310","type":"Lộc Phát Tài","code":"Lộc Phát Tài"},{"buy":"5,680.00","sell":"5,745.00","company":"DOJI","brand":"Hồ Chí Minh","updated":"2021-07-18 09:16:00","brand1":"HCM","day":"20210718","id":"8480333","type":"Kim Ngưu","code":"Kim Ngưu"},{"buy":"5,680.00","sell":"5,745.00","company":"DOJI","brand":"Hồ Chí Minh","updated":"2021-07-18 09:16:00","brand1":"HCM","day":"20210718","id":"8480334","type":"Kim Thần Tài","code":"Kim Thần Tài"},{"buy":"5,680.00","sell":"5,745.00","company":"DOJI","brand":"Hồ Chí Minh","updated":"2021-07-18 09:16:00","brand1":"HCM","day":"20210718","id":"8480335","type":"Lộc Phát Tài","code":"Lộc Phát Tài"},{"buy":"5,130.00","sell":"5,185.00","company":"DOJI","brand":"Hà Nội","updated":"2021-07-18 09:16:00","brand1":"HN","day":"20210718","id":"8480312","type":"Hưng Thịnh Vượng","code":"Hưng Thịnh Vượng"},{"buy":"5,130.00","sell":"5,185.00","company":"DOJI","brand":"Hồ Chí Minh","updated":"2021-07-18 09:16:00","brand1":"HCM","day":"20210718","id":"8480336","type":"Nhẫn H.T.V","code":"Nhẫn H.T.V"},{"buy":"5,125.00","sell":"5,155.00","company":"DOJI","brand":"Hà Nội","updated":"2021-07-18 09:16:00","brand1":"HN","day":"20210718","id":"8480313","type":"Nguyên liệu 99.99","code":"Nguyên liệu 99.99"},{"buy":"5,125.00","sell":"5,150.00","company":"DOJI","brand":"Hồ Chí Minh","updated":"2021-07-18 09:16:00","brand1":"HCM","day":"20210718","id":"8480337","type":"Nguyên liệu 9999","code":"Nguyên liệu 9999"},{"buy":"5,122.00","sell":"5,152.00","company":"DOJI","brand":"","updated":"2021-07-18 09:16:00","brand1":"","day":"20210718","id":"8480322","type":"Nguyên liệu 9999","code":"Nguyên liệu 9999"},{"buy":"5,120.00","sell":"5,150.00","company":"DOJI","brand":"Hà Nội","updated":"2021-07-18 09:16:00","brand1":"HN","day":"20210718","id":"8480314","type":"Nguyên liệu 99.9","code":"Nguyên liệu 99.9"},{"buy":"5,120.00","sell":"5,145.00","company":"DOJI","brand":"Hồ Chí Minh","updated":"2021-07-18 09:16:00","brand1":"HCM","day":"20210718","id":"8480338","type":"Nguyên liệu 999","code":"Nguyên liệu 999"},{"buy":"5,118.00","sell":"5,147.00","company":"DOJI","brand":"","updated":"2021-07-18 09:16:00","brand1":"","day":"20210718","id":"8480323","type":"Nguyên liệu 999","code":"Nguyên liệu 999"},{"buy":"5,095.00","sell":"5,185.00","company":"DOJI","brand":"Hà Nội","updated":"2021-07-18 09:16:00","brand1":"HN","day":"20210718","id":"8480315","type":"Nữ trang 99.99","code":"Nữ trang 99.99"},{"buy":"5,095.00","sell":"5,185.00","company":"DOJI","brand":"Hồ Chí Minh","updated":"2021-07-18 09:16:00","brand1":"HCM","day":"20210718","id":"8480339","type":"Nữ trang 99.99","code":"Nữ trang 99.99"},{"buy":"5,095.00","sell":"5,185.00","company":"DOJI","brand":"Nhẫn DOJI Hưng Thịnh Vượng","updated":"2021-07-18 09:16:00","brand1":"NDHTV","day":"20210718","id":"8480326","type":"Nữ trang 99.99","code":"Nữ trang 99.99"},{"buy":"5,085.00","sell":"5,175.00","company":"DOJI","brand":"Hà Nội","updated":"2021-07-18 09:16:00","brand1":"HN","day":"20210718","id":"8480316","type":"Nữ trang 99.9","code":"Nữ trang 99.9"},{"buy":"5,085.00","sell":"5,175.00","company":"DOJI","brand":"Hồ Chí Minh","updated":"2021-07-18 09:16:00","brand1":"HCM","day":"20210718","id":"8480340","type":"Nữ trang 99.9","code":"Nữ trang 99.9"},{"buy":"5,085.00","sell":"5,175.00","company":"DOJI","brand":"Nhẫn DOJI Hưng Thịnh Vượng","updated":"2021-07-18 09:16:00","brand1":"NDHTV","day":"20210718","id":"8480327","type":"Nữ trang 99.9","code":"Nữ trang 99.9"},{"buy":"5,015.00","sell":"5,140.00","company":"DOJI","brand":"Hà Nội","updated":"2021-07-18 09:16:00","brand1":"HN","day":"20210718","id":"8480317","type":"Nữ trang 99","code":"Nữ trang 99"},{"buy":"5,015.00","sell":"5,140.00","company":"DOJI","brand":"Hồ Chí Minh","updated":"2021-07-18 09:16:00","brand1":"HCM","day":"20210718","id":"8480341","type":"Nữ trang 99","code":"Nữ trang 99"},{"buy":"5,015.00","sell":"5,140.00","company":"DOJI","brand":"Nhẫn DOJI Hưng Thịnh Vượng","updated":"2021-07-18 09:16:00","brand1":"NDHTV","day":"20210718","id":"8480328","type":"Nữ trang 99","code":"Nữ trang 99"},{"buy":"3,789.00","sell":"3,989.00","company":"DOJI","brand":"Hà Nội","updated":"2021-07-18 09:16:00","brand1":"HN","day":"20210718","id":"8480318","type":"Nữ trang 18k","code":"Nữ trang 18k"},{"buy":"3,789.00","sell":"3,989.00","company":"DOJI","brand":"Hồ Chí Minh","updated":"2021-07-18 09:16:00","brand1":"HCM","day":"20210718","id":"8480342","type":"Nữ Trang 18k","code":"Nữ Trang 18k"},{"buy":"3,789.00","sell":"3,989.00","company":"DOJI","brand":"Nhẫn DOJI Hưng Thịnh Vượng","updated":"2021-07-18 09:16:00","brand1":"NDHTV","day":"20210718","id":"8480329","type":"Nữ trang 18k","code":"Nữ trang 18k"},{"buy":"3,403.00","sell":"3,703.00","company":"DOJI","brand":"Hà Nội","updated":"2021-07-18 09:16:00","brand1":"HN","day":"20210718","id":"8480319","type":"Nữ trang 16k","code":"Nữ trang 16k"},{"buy":"3,403.00","sell":"3,703.00","company":"DOJI","brand":"Nhẫn DOJI Hưng Thịnh Vượng","updated":"2021-07-18 09:16:00","brand1":"NDHTV","day":"20210718","id":"8480330","type":"Nữ trang 68","code":"Nữ trang 68"},{"buy":"2,845.00","sell":"3,045.00","company":"DOJI","brand":"Hà Nội","updated":"2021-07-18 09:16:00","brand1":"HN","day":"20210718","id":"8480320","type":"Nữ trang 14k","code":"Nữ trang 14k"},{"buy":"2,845.00","sell":"3,045.00","company":"DOJI","brand":"Hồ Chí Minh","updated":"2021-07-18 09:16:00","brand1":"HCM","day":"20210718","id":"8480343","type":"Nữ Trang 14k","code":"Nữ Trang 14k"},{"buy":"2,845.00","sell":"3,045.00","company":"DOJI","brand":"Nhẫn DOJI Hưng Thịnh Vượng","updated":"2021-07-18 09:16:00","brand1":"NDHTV","day":"20210718","id":"8480331","type":"Nữ trang 14k","code":"Nữ trang 14k"},{"buy":"2,718.00","sell":"2,788.00","company":"DOJI","brand":"Hồ Chí Minh","updated":"2021-07-18 09:16:00","brand1":"HCM","day":"20210718","id":"8480344","type":"Nữ trang 68","code":"Nữ trang 68"},{"buy":"1,426.00","sell":"1,576.00","company":"DOJI","brand":"Hà Nội","updated":"2021-07-18 09:16:00","brand1":"HN","day":"20210718","id":"8480321","type":"Nữ trang 10k","code":"Nữ trang 10k"},{"buy":"1,426.00","sell":"1,576.00","company":"DOJI","brand":"Nhẫn DOJI Hưng Thịnh Vượng","updated":"2021-07-18 09:16:00","brand1":"NDHTV","day":"20210718","id":"8480332","type":"Nữ trang 10k","code":"Nữ trang 10k"},{"buy":"56,800.00","sell":"57,500.00","company":"3BANKS","brand":"SCB","updated":"2021-07-18 00:05:11","brand1":"SCB","day":"20210718","id":"8478498","type":"SJC","code":"SJC"},{"buy":"56,750.00","sell":"57,520.00","company":"3BANKS","brand":"VIETINBANK GOLD","updated":"2021-07-18 00:10:25","brand1":"VG","day":"20210718","id":"8478523","type":"SJC","code":"SJC"},{"buy":"56,600.00","sell":"57,950.00","company":"3BANKS","brand":"MARITIME BANK","updated":"2021-07-18 00:15:34","brand1":"MB","day":"20210718","id":"8478524","type":"SJC","code":"SJC"},{"buy":"52,900.00","sell":"53,900.00","company":"3BANKS","brand":"SACOMBANK","updated":"2021-07-18 00:31:09","brand1":"S","day":"20210718","id":"8478561","type":"SJC","code":"JC"},{"buy":"56,950.00","sell":"57,250.00","company":"2GROUP","brand":"Mi Hồng SJC","updated":"2021-07-18 00:05:11","brand1":"MHS","day":"20210718","id":"8478499","type":"SJC","code":"SJC"},{"buy":"56,850.00","sell":"57,450.00","company":"2GROUP","brand":"PHÚ QUÝ SJC","updated":"2021-07-18 00:31:09","brand1":"PQS","day":"20210718","id":"8478559","type":"SJC","code":"SJC"},{"buy":"56,850.00","sell":"57,500.00","company":"2GROUP","brand":"PNJ SJC","updated":"2021-07-18 00:00:02","brand1":"PS","day":"20210718","id":"8478420","type":"SJC","code":"SJC"},{"buy":"51,600.00","sell":"53,000.00","company":"2GROUP","brand":"PNJ 1L","updated":"2021-07-18 00:00:02","brand1":"P1","day":"20210718","id":"8478419","type":"SJC","code":"SJC"},{"buy":"1,812.20","sell":"1,813.20","company":"2GROUP","brand":"SPOT GOLD","updated":"2021-07-18 00:00:02","brand1":"SG","day":"20210718","id":"8478418","type":"SJC","code":"SJC"},{"buy":"71.45","sell":"71.45","company":"2GROUP","brand":"OIL","updated":"2021-07-18 00:00:02","brand1":"OIL","day":"20210718","id":"8478426","type":"SJC","code":"SJC"},{"buy":"51,400.00","sell":"52,000.00","company":"1OTHER","brand":"PNJ Nhẫn 24K","updated":"2021-07-18 00:00:02","brand1":"PN2","day":"20210718","id":"8478422","type":"SJC","code":"SJC"},{"buy":"51,350.00","sell":"52,050.00","company":"1OTHER","brand":"Nhẫn PHÚ QUÝ 24K","updated":"2021-07-18 00:31:09","brand1":"NPQ2","day":"20210718","id":"8478560","type":"SJC","code":"SJC"},{"buy":"51,250.00","sell":"51,950.00","company":"1OTHER","brand":"Nhẫn SJC 99,99","updated":"2021-07-18 00:00:01","brand1":"NS9","day":"20210718","id":"8478429","type":"SJC*","code":"SJC*"},{"buy":"51,100.00","sell":"51,450.00","company":"1OTHER","brand":"Mi Hồng 999","updated":"2021-07-18 00:05:11","brand1":"MH9","day":"20210718","id":"8478500","type":"SJC","code":"SJC"},{"buy":"50,900.00","sell":"51,700.00","company":"1OTHER","brand":"PNJ NT 24K","updated":"2021-07-18 00:00:02","brand1":"PN2","day":"20210718","id":"8478421","type":"SJC","code":"SJC"},{"buy":"50,100.00","sell":"51,100.00","company":"1OTHER","brand":"Mi Hồng 985","updated":"2021-07-18 00:05:11","brand1":"MH9","day":"20210718","id":"8478501","type":"SJC","code":"SJC"},{"buy":"49,900.00","sell":"50,900.00","company":"1OTHER","brand":"Mi Hồng 980","updated":"2021-07-18 00:05:11","brand1":"MH9","day":"20210718","id":"8478502","type":"SJC","code":"SJC"},{"buy":"37,530.00","sell":"38,930.00","company":"1OTHER","brand":"PNJ NT 18K","updated":"2021-07-18 00:00:02","brand1":"PN1","day":"20210718","id":"8478423","type":"SJC","code":"SJC"},{"buy":"33,700.00","sell":"35,700.00","company":"1OTHER","brand":"Mi Hồng 750","updated":"2021-07-18 00:05:11","brand1":"MH7","day":"20210718","id":"8478504","type":"SJC","code":"SJC"},{"buy":"31,000.00","sell":"32,700.00","company":"1OTHER","brand":"Mi Hồng 680","updated":"2021-07-18 00:05:11","brand1":"MH6","day":"20210718","id":"8478505","type":"SJC","code":"SJC"},{"buy":"30,000.00","sell":"31,700.00","company":"1OTHER","brand":"Mi Hồng 610","updated":"2021-07-18 00:05:11","brand1":"MH6","day":"20210718","id":"8478506","type":"SJC","code":"SJC"},{"buy":"29,000.00","sell":"30,400.00","company":"1OTHER","brand":"PNJ NT 14K","updated":"2021-07-18 00:00:02","brand1":"PN1","day":"20210718","id":"8478424","type":"SJC","code":"SJC"},{"buy":"20,260.00","sell":"21,660.00","company":"1OTHER","brand":"PNJ NT 10K","updated":"2021-07-18 00:00:02","brand1":"PN1","day":"20210718","id":"8478425","type":"SJC","code":"SJC"},{"buy":"0.00","sell":"48,200.00","company":"1OTHER","brand":"Mi Hồng 950","updated":"2021-07-18 00:05:11","brand1":"MH9","day":"20210718","id":"8478503","type":"SJC","code":"SJC"},{"buy":"31,842.67","sell":"31,842.67","company":"1Coin","brand":"Huobi BTC","updated":"2021-07-18 16:06:07","brand1":"HB","day":"20210718","id":"8482486","type":"HBTC","code":"TC"},{"buy":"31,799.70","sell":"31,799.70","company":"1Coin","brand":"renBTC","updated":"2021-07-18 16:05:54","brand1":"r","day":"20210718","id":"8482424","type":"RENBTC","code":"RENBTC"},{"buy":"31,778.34","sell":"31,778.34","company":"1Coin","brand":"Bitcoin BEP2","updated":"2021-07-18 16:05:45","brand1":"BB","day":"20210718","id":"8482373","type":"BTCB","code":"BTCB"},{"buy":"31,752.42","sell":"31,752.42","company":"1Coin","brand":"Wrapped Bitcoin","updated":"2021-07-18 21:10:22","brand1":"WB","day":"20210718","id":"8482970","type":"WBTC","code":"TC"},{"buy":"31,709.27","sell":"31,709.27","company":"1Coin","brand":"Bitcoin","updated":"2021-07-18 21:10:21","brand1":"B","day":"20210718","id":"8482960","type":"BTC","code":"TC"},{"buy":"28,417.69","sell":"28,417.69","company":"1Coin","brand":"yearn.finance","updated":"2021-07-18 16:05:49","brand1":"y","day":"20210718","id":"8482392","type":"YFI","code":"YFI"},{"buy":"2,496.69","sell":"2,496.69","company":"1Coin","brand":"Maker","updated":"2021-07-18 16:05:45","brand1":"M","day":"20210718","id":"8482368","type":"MKR","code":"KR"},{"buy":"2,393.52","sell":"2,393.52","company":"1Coin","brand":"DFI.Money","updated":"2021-07-18 14:04:00","brand1":"D","day":"20210718","id":"8482131","type":"YFII","code":"YFII"},{"buy":"1,950.39","sell":"1,950.39","company":"1Coin","brand":"Ethereum","updated":"2021-07-18 21:10:21","brand1":"E","day":"20210718","id":"8482961","type":"ETH","code":"TH"},{"buy":"1,950.39","sell":"1,950.39","company":"1Coin","brand":"Ethereum 2","updated":"2021-07-18 21:10:21","brand1":"E2","day":"20210718","id":"8482962","type":"ETH2","code":"ETH2"},{"buy":"1,942.14","sell":"1,942.14","company":"1Coin","brand":"stETH","updated":"2021-07-18 14:03:51","brand1":"s","day":"20210718","id":"8482070","type":"STETH","code":"STETH"},{"buy":"1,814.31","sell":"1,814.31","company":"1Coin","brand":"PAX Gold","updated":"2021-07-18 16:06:06","brand1":"PG","day":"20210718","id":"8482481","type":"PAXG","code":"PAXG"},{"buy":"643.47","sell":"643.47","company":"1Coin","brand":"Venus BTC","updated":"2021-07-18 14:03:56","brand1":"VB","day":"20210718","id":"8482109","type":"VBTC","code":"TC"},{"buy":"443.43","sell":"443.43","company":"1Coin","brand":"Bitcoin Cash","updated":"2021-07-18 21:10:22","brand1":"BC","day":"20210718","id":"8482966","type":"BCH","code":"H"},{"buy":"388.57","sell":"388.57","company":"1Coin","brand":"Compound","updated":"2021-07-18 16:05:46","brand1":"C","day":"20210718","id":"8482375","type":"COMP","code":"OMP"},{"buy":"306.11","sell":"306.11","company":"1Coin","brand":"Wrapped BNB","updated":"2021-07-18 16:06:06","brand1":"WB","day":"20210718","id":"8482482","type":"WBNB","code":"NB"},{"buy":"304.55","sell":"304.55","company":"1Coin","brand":"Binance Coin","updated":"2021-07-18 21:10:21","brand1":"BC","day":"20210718","id":"8482963","type":"BNB","code":"BNB"},{"buy":"264.90","sell":"264.90","company":"1Coin","brand":"Alchemix","updated":"2021-07-18 14:04:05","brand1":"A","day":"20210718","id":"8482172","type":"ALCX","code":"LCX"},{"buy":"260.05","sell":"260.05","company":"1Coin","brand":"Aave","updated":"2021-07-18 21:10:23","brand1":"Aave","day":"20210718","id":"8482975","type":"AAVE","code":"AAVE"},{"buy":"202.10","sell":"202.10","company":"1Coin","brand":"Monero","updated":"2021-07-18 21:10:23","brand1":"M","day":"20210718","id":"8482974","type":"XMR","code":"XR"},{"buy":"181.98","sell":"181.98","company":"1Coin","brand":"Kusama","updated":"2021-07-18 16:05:46","brand1":"K","day":"20210718","id":"8482378","type":"KSM","code":"SM"},{"buy":"181.69","sell":"181.69","company":"1Coin","brand":"Gnosis","updated":"2021-07-18 16:05:56","brand1":"G","day":"20210718","id":"8482432","type":"GNO","code":"NO"},{"buy":"174.20","sell":"174.20","company":"1Coin","brand":"Cream Finance","updated":"2021-07-18 14:03:57","brand1":"CF","day":"20210718","id":"8482115","type":"CREAM","code":"CREAM"},{"buy":"124.77","sell":"124.77","company":"1Coin","brand":"Bitcoin SV","updated":"2021-07-18 16:05:45","brand1":"BS","day":"20210718","id":"8482370","type":"BSV","code":"V"},{"buy":"120.48","sell":"120.48","company":"1Coin","brand":"Litecoin","updated":"2021-07-18 21:10:22","brand1":"L","day":"20210718","id":"8482967","type":"LTC","code":"TC"},{"buy":"120.08","sell":"120.08","company":"1Coin","brand":"Dash","updated":"2021-07-18 16:05:48","brand1":"Dash","day":"20210718","id":"8482388","type":"DASH","code":"DASH"},{"buy":"116.12","sell":"116.12","company":"1Coin","brand":"Decred","updated":"2021-07-18 16:05:46","brand1":"D","day":"20210718","id":"8482379","type":"DCR","code":"CR"},{"buy":"108.10","sell":"108.10","company":"1Coin","brand":"Illuvium","updated":"2021-07-18 14:04:06","brand1":"I","day":"20210718","id":"8482181","type":"ILV","code":"LV"},{"buy":"101.72","sell":"101.72","company":"1Coin","brand":"Counos X","updated":"2021-07-18 16:06:06","brand1":"CX","day":"20210718","id":"8482483","type":"CCXX","code":"CX"},{"buy":"95.94","sell":"95.94","company":"1Coin","brand":"Zcash","updated":"2021-07-18 16:05:48","brand1":"Z","day":"20210718","id":"8482390","type":"ZEC","code":"EC"},{"buy":"77.77","sell":"77.77","company":"1Coin","brand":"Elrond","updated":"2021-07-18 16:05:46","brand1":"E","day":"20210718","id":"8482381","type":"EGLD","code":"GLD"},{"buy":"77.01","sell":"77.01","company":"1Coin","brand":"Enzyme","updated":"2021-07-18 16:06:04","brand1":"E","day":"20210718","id":"8482475","type":"MLN","code":"MLN"},{"buy":"74.86","sell":"74.86","company":"1Coin","brand":"NXM","updated":"2021-07-18 14:03:52","brand1":"NXM","day":"20210718","id":"8482083","type":"NXM","code":""},{"buy":"70.60","sell":"70.60","company":"1Coin","brand":"Quant","updated":"2021-07-18 16:05:49","brand1":"Q","day":"20210718","id":"8482400","type":"QNT","code":"NT"},{"buy":"51.20","sell":"51.20","company":"1Coin","brand":"Wrapped NXM","updated":"2021-07-18 14:04:01","brand1":"WN","day":"20210718","id":"8482141","type":"WNXM","code":"XM"},{"buy":"50.66","sell":"50.66","company":"1Coin","brand":"Horizen","updated":"2021-07-18 16:05:52","brand1":"H","day":"20210718","id":"8482412","type":"ZEN","code":"ZEN"},{"buy":"46.84","sell":"46.84","company":"1Coin","brand":"Filecoin","updated":"2021-07-18 21:10:23","brand1":"F","day":"20210718","id":"8482973","type":"FIL","code":"IL"},{"buy":"42.32","sell":"42.32","company":"1Coin","brand":"Ethereum Classic","updated":"2021-07-18 21:00:12","brand1":"EC","day":"20210718","id":"8482953","type":"ETC","code":"ETC"},{"buy":"39.46","sell":"39.46","company":"1Coin","brand":"Venus ETH","updated":"2021-07-18 14:04:04","brand1":"VE","day":"20210718","id":"8482157","type":"VETH","code":"TH"},{"buy":"39.15","sell":"39.15","company":"1Coin","brand":"Bitcoin Gold","updated":"2021-07-18 16:05:50","brand1":"BG","day":"20210718","id":"8482409","type":"BTG","code":"BTG"},{"buy":"38.60","sell":"38.60","company":"1Coin","brand":"Strike","updated":"2021-07-18 16:06:06","brand1":"S","day":"20210718","id":"8482480","type":"STRK","code":"TRK"},{"buy":"33.25","sell":"33.25","company":"1Coin","brand":"Internet Computer","updated":"2021-07-18 21:10:22","brand1":"IC","day":"20210718","id":"8482971","type":"ICP","code":"P"},{"buy":"31.44","sell":"31.44","company":"1Coin","brand":"Numeraire","updated":"2021-07-18 16:06:01","brand1":"N","day":"20210718","id":"8482465","type":"NMR","code":"MR"},{"buy":"30.15","sell":"30.15","company":"1Coin","brand":"Neo","updated":"2021-07-18 16:05:45","brand1":"Neo","day":"20210718","id":"8482374","type":"NEO","code":"NEO"},{"buy":"27.06","sell":"27.06","company":"1Coin","brand":"Solana","updated":"2021-07-18 21:10:22","brand1":"S","day":"20210718","id":"8482968","type":"SOL","code":"OL"},{"buy":"26.88","sell":"26.88","company":"1Coin","brand":"Bitcoin Cash ABC","updated":"2021-07-18 14:03:52","brand1":"BCA","day":"20210718","id":"8482081","type":"BCHA","code":"BCHA"},{"buy":"26.61","sell":"26.61","company":"1Coin","brand":"FTX Token","updated":"2021-07-18 16:05:45","brand1":"FT","day":"20210718","id":"8482367","type":"FTT","code":"T"},{"buy":"23.00","sell":"23.00","company":"1Coin","brand":"BarnBridge","updated":"2021-07-18 14:04:03","brand1":"B","day":"20210718","id":"8482152","type":"BOND","code":"OND"},{"buy":"20.80","sell":"20.80","company":"1Coin","brand":"Augur","updated":"2021-07-18 16:05:58","brand1":"A","day":"20210718","id":"8482440","type":"REP","code":"REP"},{"buy":"20.80","sell":"20.80","company":"1Coin","brand":"REPv2","updated":"2021-07-18 16:05:58","brand1":"R","day":"20210718","id":"8482441","type":"REPV2","code":"EPV2"},{"buy":"19.59","sell":"19.59","company":"1Coin","brand":"Axie Infinity Shards","updated":"2021-07-18 16:05:48","brand1":"AIS","day":"20210718","id":"8482389","type":"AXS","code":"AXS"},{"buy":"18.37","sell":"18.37","company":"1Coin","brand":"Balancer","updated":"2021-07-18 16:06:05","brand1":"B","day":"20210718","id":"8482476","type":"BAL","code":"AL"},{"buy":"16.61","sell":"16.61","company":"1Coin","brand":"Uniswap","updated":"2021-07-18 21:10:22","brand1":"U","day":"20210718","id":"8482965","type":"UNI","code":"NI"},{"buy":"16.37","sell":"16.37","company":"1Coin","brand":"Venus","updated":"2021-07-18 16:06:01","brand1":"V","day":"20210718","id":"8482460","type":"XVS","code":"XS"},{"buy":"16.07","sell":"16.07","company":"1Coin","brand":"Uquid Coin","updated":"2021-07-18 16:06:01","brand1":"UC","day":"20210718","id":"8482464","type":"UQC","code":"UQC"},{"buy":"15.67","sell":"15.67","company":"1Coin","brand":"KLAYswap Protocol","updated":"2021-07-18 14:03:56","brand1":"KP","day":"20210718","id":"8482111","type":"KSP","code":"KSP"},{"buy":"15.66","sell":"15.66","company":"1Coin","brand":"Chainlink","updated":"2021-07-18 21:10:22","brand1":"C","day":"20210718","id":"8482969","type":"LINK","code":"LINK"},{"buy":"15.51","sell":"15.51","company":"1Coin","brand":"Ampleforth Governance Token","updated":"2021-07-18 14:03:56","brand1":"AGT","day":"20210718","id":"8482114","type":"FORTH","code":"FORTH"},{"buy":"15.45","sell":"15.45","company":"1Coin","brand":"Flow","updated":"2021-07-18 16:05:50","brand1":"Flow","day":"20210718","id":"8482406","type":"FLOW","code":"FLOW"},{"buy":"14.17","sell":"14.17","company":"1Coin","brand":"Bitcoin Standard Hashrate Token","updated":"2021-07-18 16:06:01","brand1":"BSHT","day":"20210718","id":"8482463","type":"BTCST","code":"BTCST"},{"buy":"13.57","sell":"13.57","company":"1Coin","brand":"Livepeer","updated":"2021-07-18 16:05:56","brand1":"L","day":"20210718","id":"8482431","type":"LPT","code":"PT"},{"buy":"13.27","sell":"13.27","company":"1Coin","brand":"Waves","updated":"2021-07-18 16:05:47","brand1":"W","day":"20210718","id":"8482383","type":"WAVES","code":"AVES"},{"buy":"13.08","sell":"13.08","company":"1Coin","brand":"PancakeSwap","updated":"2021-07-18 16:05:45","brand1":"P","day":"20210718","id":"8482366","type":"CAKE","code":"CAKE"},{"buy":"12.63","sell":"12.63","company":"1Coin","brand":"Polkadot","updated":"2021-07-18 21:10:21","brand1":"P","day":"20210718","id":"8482964","type":"DOT","code":"DOT"},{"buy":"11.40","sell":"11.40","company":"1Coin","brand":"NewYork Exchange","updated":"2021-07-18 14:04:04","brand1":"NE","day":"20210718","id":"8482156","type":"NYE","code":"NYE"},{"buy":"11.37","sell":"11.37","company":"1Coin","brand":"Prometeus","updated":"2021-07-18 16:05:59","brand1":"P","day":"20210718","id":"8482451","type":"PROM","code":"ROM"},{"buy":"11.12","sell":"11.12","company":"1Coin","brand":"Cosmos","updated":"2021-07-18 16:05:45","brand1":"C","day":"20210718","id":"8482369","type":"ATOM","code":"ATOM"},{"buy":"11.02","sell":"11.02","company":"1Coin","brand":"Helium","updated":"2021-07-18 16:05:49","brand1":"H","day":"20210718","id":"8482396","type":"HNT","code":"NT"},{"buy":"11.00","sell":"11.00","company":"1Coin","brand":"Avalanche","updated":"2021-07-18 16:05:46","brand1":"A","day":"20210718","id":"8482377","type":"AVAX","code":"VX"},{"buy":"10.99","sell":"10.99","company":"1Coin","brand":"OKB","updated":"2021-07-18 16:05:50","brand1":"OKB","day":"20210718","id":"8482410","type":"OKB","code":""},{"buy":"10.46","sell":"10.46","company":"1Coin","brand":"The Transfer Token","updated":"2021-07-18 14:03:51","brand1":"TTT","day":"20210718","id":"8482074","type":"TTT","code":""},{"buy":"10.41","sell":"10.41","company":"1Coin","brand":"KuCoin Token","updated":"2021-07-18 16:05:50","brand1":"KT","day":"20210718","id":"8482402","type":"KCS","code":"KCS"},{"buy":"10.38","sell":"10.38","company":"1Coin","brand":"Rocket Pool","updated":"2021-07-18 14:03:57","brand1":"RP","day":"20210718","id":"8482116","type":"RPL","code":"L"},{"buy":"9.26","sell":"9.26","company":"1Coin","brand":"Synthetix Network Token","updated":"2021-07-18 16:05:49","brand1":"SNT","day":"20210718","id":"8482391","type":"SNX","code":"SNX"},{"buy":"9.10","sell":"9.10","company":"1Coin","brand":"MCO","updated":"2021-07-18 16:06:02","brand1":"MCO","day":"20210718","id":"8482470","type":"MCO","code":""},{"buy":"9.07","sell":"9.07","company":"1Coin","brand":"Arweave","updated":"2021-07-18 16:05:55","brand1":"A","day":"20210718","id":"8482430","type":"AR","code":"R"},{"buy":"8.70","sell":"8.70","company":"1Coin","brand":"Huobi Token","updated":"2021-07-18 16:05:47","brand1":"HT","day":"20210718","id":"8482382","type":"HT","code":""},{"buy":"8.54","sell":"8.54","company":"1Coin","brand":"UMA","updated":"2021-07-18 16:05:53","brand1":"UMA","day":"20210718","id":"8482418","type":"UMA","code":""},{"buy":"8.39","sell":"8.39","company":"1Coin","brand":"Perpetual Protocol","updated":"2021-07-18 14:03:52","brand1":"PP","day":"20210718","id":"8482086","type":"PERP","code":"PERP"},{"buy":"7.77","sell":"7.77","company":"1Coin","brand":"Badger DAO","updated":"2021-07-18 14:04:05","brand1":"BD","day":"20210718","id":"8482171","type":"BADGER","code":"BADGER"},{"buy":"7.56","sell":"7.56","company":"1Coin","brand":"SushiSwap","updated":"2021-07-18 16:05:49","brand1":"S","day":"20210718","id":"8482399","type":"SUSHI","code":"UHI"},{"buy":"7.54","sell":"7.54","company":"1Coin","brand":"Ethernity Chain","updated":"2021-07-18 14:04:02","brand1":"EC","day":"20210718","id":"8482143","type":"ERN","code":"ERN"},{"buy":"6.78","sell":"6.78","company":"1Coin","brand":"Zelwin","updated":"2021-07-18 14:03:52","brand1":"Z","day":"20210718","id":"8482082","type":"ZLW","code":"LW"},{"buy":"6.63","sell":"6.63","company":"1Coin","brand":"Terra","updated":"2021-07-18 16:05:45","brand1":"T","day":"20210718","id":"8482364","type":"LUNA","code":"LUNA"},{"buy":"6.55","sell":"6.55","company":"1Coin","brand":"TitanSwap","updated":"2021-07-18 14:03:52","brand1":"T","day":"20210718","id":"8482087","type":"TITAN","code":"IAN"},{"buy":"6.44","sell":"6.44","company":"1Coin","brand":"LUKSO","updated":"2021-07-18 14:04:00","brand1":"L","day":"20210718","id":"8482129","type":"LYXE","code":"YXE"},{"buy":"6.35","sell":"6.35","company":"1Coin","brand":"Injective Protocol","updated":"2021-07-18 16:06:00","brand1":"IP","day":"20210718","id":"8482453","type":"INJ","code":"INJ"},{"buy":"6.23","sell":"6.23","company":"1Coin","brand":"Gitcoin","updated":"2021-07-18 14:04:01","brand1":"G","day":"20210718","id":"8482138","type":"GTC","code":"TC"},{"buy":"6.18","sell":"6.18","company":"1Coin","brand":"Venus BNB","updated":"2021-07-18 14:03:51","brand1":"VB","day":"20210718","id":"8482078","type":"VBNB","code":"NB"},{"buy":"6.09","sell":"6.09","company":"1Coin","brand":"Persistence","updated":"2021-07-18 14:03:53","brand1":"P","day":"20210718","id":"8482093","type":"XPRT","code":"XRT"},{"buy":"5.87","sell":"5.87","company":"1Coin","brand":"MyNeighborAlice","updated":"2021-07-18 14:03:57","brand1":"M","day":"20210718","id":"8482122","type":"ALICE","code":"ALICE"},{"buy":"5.71","sell":"5.71","company":"1Coin","brand":"Qtum","updated":"2021-07-18 16:05:52","brand1":"Qtum","day":"20210718","id":"8482413","type":"QTUM","code":"QTUM"},{"buy":"5.51","sell":"5.51","company":"1Coin","brand":"Celsius","updated":"2021-07-18 16:05:47","brand1":"C","day":"20210718","id":"8482384","type":"CEL","code":"EL"},{"buy":"5.16","sell":"5.16","company":"1Coin","brand":"Band Protocol","updated":"2021-07-18 16:06:00","brand1":"BP","day":"20210718","id":"8482457","type":"BAND","code":"BAND"},{"buy":"5.09","sell":"5.09","company":"1Coin","brand":"Energy Web Token","updated":"2021-07-18 16:06:02","brand1":"EWT","day":"20210718","id":"8482467","type":"EWT","code":""},{"buy":"4.87","sell":"4.87","company":"1Coin","brand":"Ergo","updated":"2021-07-18 16:06:01","brand1":"Ergo","day":"20210718","id":"8482466","type":"ERG","code":"ERG"},{"buy":"4.61","sell":"4.61","company":"1Coin","brand":"INO COIN","updated":"2021-07-18 14:03:51","brand1":"IC","day":"20210718","id":"8482076","type":"INO","code":"INO"},{"buy":"4.46","sell":"4.46","company":"1Coin","brand":"THETA","updated":"2021-07-18 21:10:23","brand1":"T","day":"20210718","id":"8482972","type":"THETA","code":"HEA"},{"buy":"4.38","sell":"4.38","company":"1Coin","brand":"THORChain","updated":"2021-07-18 15:05:49","brand1":"T","day":"20210718","id":"8482393","type":"RUNE","code":"RUNE"},{"buy":"4.31","sell":"4.31","company":"1Coin","brand":"Orion Protocol","updated":"2021-07-18 12:03:56","brand1":"OP","day":"20210718","id":"8482110","type":"ORN","code":"ORN"},{"buy":"3.88","sell":"3.88","company":"1Coin","brand":"Kava.io","updated":"2021-07-18 16:05:57","brand1":"K","day":"20210718","id":"8482433","type":"KAVA","code":"AVA"},{"buy":"3.83","sell":"3.83","company":"1Coin","brand":"Nano","updated":"2021-07-18 16:05:53","brand1":"Nano","day":"20210718","id":"8482420","type":"NANO","code":"NANO"},{"buy":"3.78","sell":"3.78","company":"1Coin","brand":"OMG Network","updated":"2021-07-18 16:05:53","brand1":"ON","day":"20210718","id":"8482417","type":"OMG","code":"OMG"},{"buy":"3.68","sell":"3.68","company":"1Coin","brand":"EOS","updated":"2021-07-18 20:50:13","brand1":"EOS","day":"20210718","id":"8482941","type":"EOS","code":""},{"buy":"3.60","sell":"3.60","company":"1Coin","brand":"Aragon","updated":"2021-07-18 16:06:02","brand1":"A","day":"20210718","id":"8482473","type":"ANT","code":"NT"},{"buy":"3.02","sell":"3.02","company":"1Coin","brand":"Mirror Protocol","updated":"2021-07-18 14:03:53","brand1":"MP","day":"20210718","id":"8482092","type":"MIR","code":"MIR"},{"buy":"2.97","sell":"2.97","company":"1Coin","brand":"GateToken","updated":"2021-07-18 16:05:57","brand1":"G","day":"20210718","id":"8482434","type":"GT","code":"T"},{"buy":"2.94","sell":"2.94","company":"1Coin","brand":"UNUS SED LEO","updated":"2021-07-18 12:01:31","brand1":"USL","day":"20210718","id":"8480603","type":"LEO","code":"LEO"},{"buy":"2.91","sell":"2.91","company":"1Coin","brand":"Elitium","updated":"2021-07-18 14:04:04","brand1":"E","day":"20210718","id":"8482155","type":"EUM","code":"UM"},{"buy":"2.89","sell":"2.89","company":"1Coin","brand":"Lisk","updated":"2021-07-18 16:05:54","brand1":"Lisk","day":"20210718","id":"8482423","type":"LSK","code":"LSK"},{"buy":"2.88","sell":"2.88","company":"1Coin","brand":"Raydium","updated":"2021-07-18 14:03:55","brand1":"R","day":"20210718","id":"8482108","type":"RAY","code":"AY"},{"buy":"2.86","sell":"2.86","company":"1Coin","brand":"Bancor Network Token","updated":"2021-07-18 14:03:31","brand1":"BNT","day":"20210718","id":"8481975","type":"BNT","code":""},{"buy":"2.85","sell":"2.85","company":"1Coin","brand":"Serum","updated":"2021-07-18 16:06:02","brand1":"S","day":"20210718","id":"8482474","type":"SRM","code":"RM"},{"buy":"2.52","sell":"2.52","company":"1Coin","brand":"CRYPTO20","updated":"2021-07-18 12:02:07","brand1":"C","day":"20210718","id":"8481543","type":"C20","code":"20"},{"buy":"2.52","sell":"2.52","company":"1Coin","brand":"iExec RLC","updated":"2021-07-18 14:03:39","brand1":"iR","day":"20210718","id":"8482025","type":"RLC","code":"RLC"},{"buy":"2.50","sell":"2.50","company":"1Coin","brand":"Akash Network","updated":"2021-07-18 12:02:03","brand1":"AN","day":"20210718","id":"8481419","type":"AKT","code":"AKT"},{"buy":"2.45","sell":"2.45","company":"1Coin","brand":"Tezos","updated":"2021-07-18 12:01:32","brand1":"T","day":"20210718","id":"8480671","type":"XTZ","code":"XZ"},{"buy":"2.44","sell":"2.44","company":"1Coin","brand":"Dawn Protocol","updated":"2021-07-18 14:03:55","brand1":"DP","day":"20210718","id":"8482102","type":"DAWN","code":"DAWN"},{"buy":"2.40","sell":"2.40","company":"1Coin","brand":"Celo","updated":"2021-07-18 15:05:51","brand1":"Celo","day":"20210718","id":"8482411","type":"CGLD","code":"CGLD"},{"buy":"2.38","sell":"2.38","company":"1Coin","brand":"TomoChain","updated":"2021-07-18 16:05:58","brand1":"T","day":"20210718","id":"8482445","type":"TOMO","code":"OMO"},{"buy":"2.24","sell":"2.24","company":"1Coin","brand":"Tokenlon Network Token","updated":"2021-07-18 14:04:01","brand1":"TNT","day":"20210718","id":"8482135","type":"LON","code":"LON"},{"buy":"2.16","sell":"2.16","company":"1Coin","brand":"Creditcoin","updated":"2021-07-18 14:03:51","brand1":"C","day":"20210718","id":"8482073","type":"CTC","code":"T"},{"buy":"2.15","sell":"2.15","company":"1Coin","brand":"Pirate Chain","updated":"2021-07-18 14:03:52","brand1":"PC","day":"20210718","id":"8482085","type":"ARRR","code":"ARRR"},{"buy":"2.06","sell":"2.06","company":"1Coin","brand":"1inch","updated":"2021-07-18 14:03:35","brand1":"1","day":"20210718","id":"8482010","type":"1INCH","code":"INCH"},{"buy":"1.98","sell":"1.98","company":"1Coin","brand":"Voyager Token","updated":"2021-07-18 16:05:54","brand1":"VT","day":"20210718","id":"8482421","type":"VGX","code":"VGX"},{"buy":"1.97","sell":"1.97","company":"1Coin","brand":"DeFiChain","updated":"2021-07-18 08:01:59","brand1":"D","day":"20210718","id":"8481317","type":"DFI","code":"FI"},{"buy":"1.93","sell":"1.93","company":"1Coin","brand":"KOK","updated":"2021-07-18 02:02:10","brand1":"KOK","day":"20210718","id":"8478969","type":"KOK","code":""},{"buy":"1.93","sell":"1.93","company":"1Coin","brand":"Travala.com","updated":"2021-07-18 13:04:00","brand1":"T","day":"20210718","id":"8482126","type":"AVA","code":"AVA"},{"buy":"1.92","sell":"1.92","company":"1Coin","brand":"NEAR Protocol","updated":"2021-07-18 16:05:50","brand1":"NP","day":"20210718","id":"8482403","type":"NEAR","code":"NEAR"},{"buy":"1.90","sell":"1.90","company":"1Coin","brand":"BakeryToken","updated":"2021-07-18 16:05:53","brand1":"B","day":"20210718","id":"8482419","type":"BAKE","code":"AKE"},{"buy":"1.83","sell":"1.83","company":"1Coin","brand":"Bitcoin Diamond","updated":"2021-07-18 16:05:54","brand1":"BD","day":"20210718","id":"8482429","type":"BCD","code":"BCD"},{"buy":"1.72","sell":"1.72","company":"1Coin","brand":"Populous","updated":"2021-07-18 14:04:00","brand1":"P","day":"20210718","id":"8482134","type":"PPT","code":"T"},{"buy":"1.72","sell":"1.72","company":"1Coin","brand":"Swipe","updated":"2021-07-18 16:06:00","brand1":"S","day":"20210718","id":"8482456","type":"SXP","code":"XP"},{"buy":"1.58","sell":"1.58","company":"1Coin","brand":"Tokocrypto","updated":"2021-07-18 14:03:55","brand1":"T","day":"20210718","id":"8482099","type":"TKO","code":"KO"},{"buy":"1.54","sell":"1.54","company":"1Coin","brand":"Metal","updated":"2021-07-18 14:03:59","brand1":"M","day":"20210718","id":"8482125","type":"MTL","code":"TL"},{"buy":"1.49","sell":"1.49","company":"1Coin","brand":"Nexo","updated":"2021-07-18 12:05:49","brand1":"Nexo","day":"20210718","id":"8482401","type":"NEXO","code":"NEXO"},{"buy":"1.49","sell":"1.49","company":"1Coin","brand":"Stratis","updated":"2021-07-18 16:05:58","brand1":"S","day":"20210718","id":"8482442","type":"STRAX","code":"TRAX"},{"buy":"1.48","sell":"1.48","company":"1Coin","brand":"Curve DAO Token","updated":"2021-07-18 12:05:53","brand1":"CDT","day":"20210718","id":"8482414","type":"CRV","code":"CRV"},{"buy":"1.47","sell":"1.47","company":"1Coin","brand":"Mdex","updated":"2021-07-18 14:03:31","brand1":"Mdex","day":"20210718","id":"8481965","type":"MDX","code":"MDX"},{"buy":"1.41","sell":"1.41","company":"1Coin","brand":"Clover Finance","updated":"2021-07-18 14:03:53","brand1":"CF","day":"20210718","id":"8482096","type":"CLV","code":"CLV"},{"buy":"1.33","sell":"1.33","company":"1Coin","brand":"Kyber Network","updated":"2021-07-18 12:01:43","brand1":"KN","day":"20210718","id":"8481024","type":"KNC","code":"C"},{"buy":"1.27","sell":"1.27","company":"1Coin","brand":"MonaCoin","updated":"2021-07-18 14:04:02","brand1":"M","day":"20210718","id":"8482146","type":"MONA","code":"ONA"},{"buy":"1.26","sell":"1.26","company":"1Coin","brand":"XeniosCoin","updated":"2021-07-18 14:04:00","brand1":"X","day":"20210718","id":"8482130","type":"XNC","code":"NC"},{"buy":"1.21","sell":"1.21","company":"1Coin","brand":"Unibright","updated":"2021-07-18 14:03:42","brand1":"U","day":"20210718","id":"8482041","type":"UBT","code":"BT"},{"buy":"1.20","sell":"1.20","company":"1Coin","brand":"Enjin Coin","updated":"2021-07-18 14:03:30","brand1":"EC","day":"20210718","id":"8481950","type":"ENJ","code":"ENJ"},{"buy":"1.19","sell":"1.19","company":"1Coin","brand":"Cardano","updated":"2021-07-18 20:50:10","brand1":"C","day":"20210718","id":"8482929","type":"ADA","code":"ADA"},{"buy":"1.17","sell":"1.17","company":"1Coin","brand":"Pundi X[new]","updated":"2021-07-18 12:02:00","brand1":"PX","day":"20210718","id":"8481361","type":"PUNDIX","code":"PUNDIX"},{"buy":"1.12","sell":"1.12","company":"1Coin","brand":"Mina","updated":"2021-07-18 16:05:58","brand1":"Mina","day":"20210718","id":"8482450","type":"MINA","code":"MINA"},{"buy":"1.06","sell":"1.06","company":"1Coin","brand":"Stacks","updated":"2021-07-18 16:05:48","brand1":"S","day":"20210718","id":"8482387","type":"STX","code":"TX"},{"buy":"1.05","sell":"1.05","company":"1Coin","brand":"MiL.k","updated":"2021-07-18 14:04:02","brand1":"M","day":"20210718","id":"8482149","type":"MLK","code":"LK"},{"buy":"1.04","sell":"1.04","company":"1Coin","brand":"Liquity USD","updated":"2021-07-18 14:03:51","brand1":"LU","day":"20210718","id":"8482077","type":"LUSD","code":"SD"},{"buy":"1.00","sell":"1.00","company":"1Coin","brand":"TerraUSD","updated":"2021-07-18 02:01:49","brand1":"T","day":"20210718","id":"8478732","type":"UST","code":"US"},{"buy":"0.99","sell":"0.99","company":"1Coin","brand":"Polkastarter","updated":"2021-07-18 07:04:06","brand1":"P","day":"20210718","id":"8482179","type":"POLS","code":"OLS"},{"buy":"0.97","sell":"0.97","company":"1Coin","brand":"Sologenic","updated":"2021-07-18 12:02:01","brand1":"S","day":"20210718","id":"8481396","type":"SOLO","code":"OLO"},{"buy":"0.96","sell":"0.96","company":"1Coin","brand":"Ampleforth","updated":"2021-07-18 12:01:56","brand1":"A","day":"20210718","id":"8481256","type":"AMPL","code":"MPL"},{"buy":"0.96","sell":"0.96","company":"1Coin","brand":"Audius","updated":"2021-07-18 12:02:04","brand1":"A","day":"20210718","id":"8481471","type":"AUDIO","code":"UDIO"},{"buy":"0.95","sell":"0.95","company":"1Coin","brand":"WazirX","updated":"2021-07-18 11:01:43","brand1":"W","day":"20210718","id":"8481011","type":"WRX","code":"RX"},{"buy":"0.93","sell":"0.93","company":"1Coin","brand":"DODO","updated":"2021-07-18 14:03:57","brand1":"DODO","day":"20210718","id":"8482119","type":"DODO","code":""},{"buy":"0.91","sell":"0.91","company":"1Coin","brand":"Klaytn","updated":"2021-07-18 11:01:32","brand1":"K","day":"20210718","id":"8480653","type":"KLAY","code":"LAY"},{"buy":"0.90","sell":"0.90","company":"1Coin","brand":"Ark","updated":"2021-07-18 16:06:05","brand1":"Ark","day":"20210718","id":"8482479","type":"ARK","code":"ARK"},{"buy":"0.89","sell":"0.89","company":"1Coin","brand":"HedgeTrade","updated":"2021-07-18 04:04:10","brand1":"H","day":"20210718","id":"8479422","type":"HEDG","code":"EDG"},{"buy":"0.88","sell":"0.88","company":"1Coin","brand":"WhiteCoin","updated":"2021-07-18 02:02:09","brand1":"W","day":"20210718","id":"8478945","type":"XWC","code":"XC"},{"buy":"0.82","sell":"0.82","company":"1Coin","brand":"Polygon","updated":"2021-07-18 20:00:12","brand1":"P","day":"20210718","id":"8482954","type":"MATIC","code":"MATIC"},{"buy":"0.82","sell":"0.82","company":"1Coin","brand":"TrustSwap","updated":"2021-07-18 02:02:21","brand1":"T","day":"20210718","id":"8479077","type":"SWAP","code":"SWAP"},{"buy":"0.80","sell":"0.80","company":"1Coin","brand":"Algorand","updated":"2021-07-18 11:01:31","brand1":"A","day":"20210718","id":"8480630","type":"ALGO","code":"LGO"},{"buy":"0.80","sell":"0.80","company":"1Coin","brand":"Storj","updated":"2021-07-18 06:05:49","brand1":"S","day":"20210718","id":"8479787","type":"STORJ","code":"TORJ"},{"buy":"0.78","sell":"0.78","company":"1Coin","brand":"ICON","updated":"2021-07-18 14:03:34","brand1":"ICON","day":"20210718","id":"8482003","type":"ICX","code":"ICX"},{"buy":"0.76","sell":"0.76","company":"1Coin","brand":"Bitpanda Ecosystem Token","updated":"2021-07-18 00:02:10","brand1":"BET","day":"20210718","id":"8478964","type":"BEST","code":"BEST"},{"buy":"0.76","sell":"0.76","company":"1Coin","brand":"Phala.Network","updated":"2021-07-18 12:01:55","brand1":"P","day":"20210718","id":"8481219","type":"PHA","code":"HA"},{"buy":"0.74","sell":"0.74","company":"1Coin","brand":"Origin Token","updated":"2021-07-18 12:01:44","brand1":"OT","day":"20210718","id":"8481057","type":"OGN","code":"OGN"},{"buy":"0.72","sell":"0.72","company":"1Coin","brand":"Doctors Coin","updated":"2021-07-18 14:03:55","brand1":"DC","day":"20210718","id":"8482107","type":"DRS","code":"DRS"},{"buy":"0.72","sell":"0.72","company":"1Coin","brand":"SafePal","updated":"2021-07-18 02:02:20","brand1":"S","day":"20210718","id":"8479068","type":"SFP","code":"FP"},{"buy":"0.71","sell":"0.71","company":"1Coin","brand":"Ontology Gas","updated":"2021-07-18 02:01:59","brand1":"OG","day":"20210718","id":"8478849","type":"ONG","code":"ONG"},{"buy":"0.70","sell":"0.70","company":"1Coin","brand":"IOTA","updated":"2021-07-18 12:01:32","brand1":"IOTA","day":"20210718","id":"8480677","type":"MIOTA","code":"M"},{"buy":"0.69","sell":"0.69","company":"1Coin","brand":"EFFORCE","updated":"2021-07-18 12:02:11","brand1":"E","day":"20210718","id":"8481685","type":"WOZX","code":"WOZX"},{"buy":"0.68","sell":"0.68","company":"1Coin","brand":"RNDR Token","updated":"2021-07-18 12:02:05","brand1":"RT","day":"20210718","id":"8481493","type":"RNDR","code":"RNDR"},{"buy":"0.67","sell":"0.67","company":"1Coin","brand":"ZKSwap","updated":"2021-07-18 12:01:55","brand1":"Z","day":"20210718","id":"8481230","type":"ZKS","code":"KS"},{"buy":"0.65","sell":"0.65","company":"1Coin","brand":"Komodo","updated":"2021-07-18 12:02:10","brand1":"K","day":"20210718","id":"8481656","type":"KMD","code":"MD"},{"buy":"0.65","sell":"0.65","company":"1Coin","brand":"Ontology","updated":"2021-07-18 08:03:33","brand1":"O","day":"20210718","id":"8481981","type":"ONT","code":"NT"},{"buy":"0.64","sell":"0.64","company":"1Coin","brand":"0x","updated":"2021-07-18 12:01:39","brand1":"0x","day":"20210718","id":"8480916","type":"ZRX","code":"ZRX"},{"buy":"0.62","sell":"0.62","company":"1Coin","brand":"Decentraland","updated":"2021-07-18 14:03:29","brand1":"D","day":"20210718","id":"8481941","type":"MANA","code":"MANA"},{"buy":"0.60","sell":"0.60","company":"1Coin","brand":"Orbit Chain","updated":"2021-07-18 14:03:52","brand1":"OC","day":"20210718","id":"8482089","type":"ORC","code":"ORC"},{"buy":"0.59","sell":"0.59","company":"1Coin","brand":"XRP","updated":"2021-07-18 13:12:30","brand1":"XRP","day":"20210718","id":"8481809","type":"XRP","code":""},{"buy":"0.57","sell":"0.57","company":"1Coin","brand":"The Graph","updated":"2021-07-18 12:01:33","brand1":"TG","day":"20210718","id":"8480689","type":"GRT","code":"GRT"},{"buy":"0.55","sell":"0.55","company":"1Coin","brand":"Basic Attention Token","updated":"2021-07-18 10:03:30","brand1":"BAT","day":"20210718","id":"8481963","type":"BAT","code":""},{"buy":"0.54","sell":"0.54","company":"1Coin","brand":"Hxro","updated":"2021-07-18 02:02:05","brand1":"Hxro","day":"20210718","id":"8478912","type":"HXRO","code":"HXRO"},{"buy":"0.54","sell":"0.54","company":"1Coin","brand":"SwissBorg","updated":"2021-07-18 14:03:33","brand1":"S","day":"20210718","id":"8481987","type":"CHSB","code":"CHB"},{"buy":"0.52","sell":"0.52","company":"1Coin","brand":"Alpha Finance Lab","updated":"2021-07-18 14:03:43","brand1":"AFL","day":"20210718","id":"8482055","type":"ALPHA","code":"ALPHA"},{"buy":"0.51","sell":"0.51","company":"1Coin","brand":"Wanchain","updated":"2021-07-18 12:02:07","brand1":"W","day":"20210718","id":"8481548","type":"WAN","code":"AN"},{"buy":"0.50","sell":"0.50","company":"1Coin","brand":"MaidSafeCoin","updated":"2021-07-18 16:05:57","brand1":"M","day":"20210718","id":"8482439","type":"MAID","code":"AID"},{"buy":"0.49","sell":"0.49","company":"1Coin","brand":"The Sandbox","updated":"2021-07-18 16:05:54","brand1":"TS","day":"20210718","id":"8482426","type":"SAND","code":"SAND"},{"buy":"0.46","sell":"0.46","company":"1Coin","brand":"Automata Network","updated":"2021-07-18 14:04:04","brand1":"AN","day":"20210718","id":"8482168","type":"ATA","code":"ATA"},{"buy":"0.46","sell":"0.46","company":"1Coin","brand":"Rally","updated":"2021-07-18 03:04:16","brand1":"R","day":"20210718","id":"8479456","type":"RLY","code":"LY"},{"buy":"0.43","sell":"0.43","company":"1Coin","brand":"Rakon","updated":"2021-07-18 12:02:05","brand1":"R","day":"20210718","id":"8481514","type":"RKN","code":"KN"},{"buy":"0.43","sell":"0.43","company":"1Coin","brand":"Wootrade","updated":"2021-07-18 12:01:44","brand1":"W","day":"20210718","id":"8481076","type":"WOO","code":"OO"},{"buy":"0.39","sell":"0.39","company":"1Coin","brand":"Hathor","updated":"2021-07-18 12:02:13","brand1":"H","day":"20210718","id":"8481715","type":"HTR","code":"TR"},{"buy":"0.39","sell":"0.39","company":"1Coin","brand":"Ocean Protocol","updated":"2021-07-18 12:01:43","brand1":"OP","day":"20210718","id":"8481050","type":"OCEAN","code":"OCEAN"},{"buy":"0.38","sell":"0.38","company":"1Coin","brand":"Steem","updated":"2021-07-18 12:01:48","brand1":"S","day":"20210718","id":"8481189","type":"STEEM","code":"TEEM"},{"buy":"0.32","sell":"0.32","company":"1Coin","brand":"Ren","updated":"2021-07-18 00:01:41","brand1":"Ren","day":"20210718","id":"8480992","type":"REN","code":"REN"},{"buy":"0.30","sell":"0.30","company":"1Coin","brand":"Golem","updated":"2021-07-18 02:05:47","brand1":"G","day":"20210718","id":"8479772","type":"GNT","code":"NT"},{"buy":"0.28","sell":"0.28","company":"1Coin","brand":"Small Love Potion","updated":"2021-07-18 06:05:53","brand1":"SLP","day":"20210718","id":"8479825","type":"SLP","code":""},{"buy":"0.28","sell":"0.28","company":"1Coin","brand":"Theta Fuel","updated":"2021-07-18 00:05:40","brand1":"TF","day":"20210718","id":"8479691","type":"TFUEL","code":"UEL"},{"buy":"0.27","sell":"0.27","company":"1Coin","brand":"Keep Network","updated":"2021-07-18 10:02:03","brand1":"KN","day":"20210718","id":"8481436","type":"KEEP","code":"KEEP"},{"buy":"0.24","sell":"0.24","company":"1Coin","brand":"Chromia","updated":"2021-07-18 12:02:05","brand1":"C","day":"20210718","id":"8481527","type":"CHR","code":"HR"},{"buy":"0.24","sell":"0.24","company":"1Coin","brand":"Stellar Lumens","updated":"2021-07-18 08:38:03","brand1":"SL","day":"20210718","id":"8480141","type":"XLM","code":"XLM"},{"buy":"0.23","sell":"0.23","company":"1Coin","brand":"Fetch.ai","updated":"2021-07-18 05:01:47","brand1":"F","day":"20210718","id":"8481138","type":"FET","code":"ET"},{"buy":"0.21","sell":"0.21","company":"1Coin","brand":"NOIA Network","updated":"2021-07-18 07:02:09","brand1":"NN","day":"20210718","id":"8481642","type":"NOIA","code":"NOIA"},{"buy":"0.20","sell":"0.20","company":"1Coin","brand":"Alien Worlds","updated":"2021-07-18 12:02:01","brand1":"AW","day":"20210718","id":"8481406","type":"TLM","code":"TLM"},{"buy":"0.20","sell":"0.20","company":"1Coin","brand":"Fantom","updated":"2021-07-18 12:01:40","brand1":"F","day":"20210718","id":"8480946","type":"FTM","code":"TM"},{"buy":"0.20","sell":"0.20","company":"1Coin","brand":"SKALE","updated":"2021-07-18 12:01:43","brand1":"S","day":"20210718","id":"8481037","type":"SKL","code":"KL"},{"buy":"0.19","sell":"0.19","company":"1Coin","brand":"Dogecoin","updated":"2021-07-18 04:03:39","brand1":"D","day":"20210718","id":"8479258","type":"DOGE","code":"OGE"},{"buy":"0.18","sell":"0.18","company":"1Coin","brand":"Polymath","updated":"2021-07-18 05:01:56","brand1":"P","day":"20210718","id":"8481265","type":"POLY","code":"OLY"},{"buy":"0.18","sell":"0.18","company":"1Coin","brand":"Power Ledger","updated":"2021-07-18 05:04:05","brand1":"PL","day":"20210718","id":"8482170","type":"POWR","code":"POWR"},{"buy":"0.17","sell":"0.17","company":"1Coin","brand":"ABBC Coin","updated":"2021-07-18 15:06:02","brand1":"AC","day":"20210718","id":"8482469","type":"ABBC","code":"ABBC"},{"buy":"0.17","sell":"0.17","company":"1Coin","brand":"HEX","updated":"2021-07-18 12:01:56","brand1":"HEX","day":"20210718","id":"8481268","type":"HEX","code":""},{"buy":"0.14","sell":"0.14","company":"1Coin","brand":"NEM","updated":"2021-07-18 12:01:35","brand1":"NEM","day":"20210718","id":"8480744","type":"XEM","code":"XEM"},{"buy":"0.10","sell":"0.10","company":"1Coin","brand":"Casper","updated":"2021-07-18 02:02:17","brand1":"C","day":"20210718","id":"8479038","type":"CSPR","code":"SPR"},{"buy":"0.01","sell":"0.01","company":"1Coin","brand":"Electroneum","updated":"2021-07-18 02:02:10","brand1":"E","day":"20210718","id":"8478978","type":"ETN","code":"TN"}]}],"time":4,"excute1_time":0,"excute2_time":3,"excute3_time":0,"count1":0,"count2":312}