
{"golds":[{"updated":"2021-07-18 00:00:01","date":"20210719","gold":[],"value":[{"buy":"56,870.00","sell":"57,550.00","company":"SJC","brand":"Long Xuyên","updated":"2021-07-18 00:00:01","brand1":"LX","day":"20210719","id":"8484438","type":"Vàng SJC","code":""},{"buy":"56,850.00","sell":"57,520.00","company":"SJC","brand":"Bạc Liêu","updated":"2021-07-18 00:00:01","brand1":"BL","day":"20210719","id":"8484423","type":"Vàng SJC","code":""},{"buy":"56,850.00","sell":"57,500.00","company":"SJC","brand":"Biên Hòa","updated":"2021-07-18 00:00:01","brand1":"BH","day":"20210719","id":"8484424","type":"Vàng SJC","code":""},{"buy":"56,850.00","sell":"57,520.00","company":"SJC","brand":"Cà Mau","updated":"2021-07-18 00:00:01","brand1":"CM","day":"20210719","id":"8484426","type":"Vàng SJC","code":""},{"buy":"56,850.00","sell":"57,520.00","company":"SJC","brand":"Hà Nội","updated":"2021-07-18 00:00:01","brand1":"HN","day":"20210719","id":"8484428","type":"Vàng SJC","code":""},{"buy":"56,850.00","sell":"57,500.00","company":"SJC","brand":"Hồ Chí Minh","updated":"2021-07-18 00:00:01","brand1":"HCM","day":"20210719","id":"8484436","type":"Vàng SJC 1L","code":""},{"buy":"56,850.00","sell":"57,500.00","company":"SJC","brand":"Miền Tây","updated":"2021-07-18 00:00:01","brand1":"MT","day":"20210719","id":"8484439","type":"Vàng SJC","code":""},{"buy":"56,850.00","sell":"57,520.00","company":"SJC","brand":"Nha Trang","updated":"2021-07-18 00:00:01","brand1":"NT","day":"20210719","id":"8484440","type":"Vàng SJC","code":""},{"buy":"56,850.00","sell":"57,500.00","company":"SJC","brand":"Quãng Ngãi","updated":"2021-07-18 00:00:01","brand1":"QN","day":"20210719","id":"8484443","type":"Vàng SJC","code":""},{"buy":"56,850.00","sell":"57,520.00","company":"SJC","brand":"Đà  Nẵng","updated":"2021-07-18 00:00:01","brand1":"ĐN","day":"20210719","id":"8484445","type":"Vàng SJC","code":""},{"buy":"56,830.00","sell":"57,520.00","company":"SJC","brand":"Bình Phước","updated":"2021-07-18 00:00:01","brand1":"BP","day":"20210719","id":"8484425","type":"Vàng SJC","code":""},{"buy":"56,830.00","sell":"57,520.00","company":"SJC","brand":"Hạ Long","updated":"2021-07-18 00:00:01","brand1":"HL","day":"20210719","id":"8484427","type":"Vàng SJC","code":""},{"buy":"56,830.00","sell":"57,520.00","company":"SJC","brand":"Phan Rang","updated":"2021-07-18 00:00:01","brand1":"PR","day":"20210719","id":"8484441","type":"Vàng SJC","code":""},{"buy":"56,830.00","sell":"57,520.00","company":"SJC","brand":"Quảng Nam","updated":"2021-07-18 00:00:01","brand1":"QN","day":"20210719","id":"8484442","type":"Vàng SJC","code":""},{"buy":"56,830.00","sell":"57,520.00","company":"SJC","brand":"Quy Nhơn","updated":"2021-07-18 00:00:01","brand1":"QN","day":"20210719","id":"8484444","type":"Vàng SJC","code":""},{"buy":"56,820.00","sell":"57,530.00","company":"SJC","brand":"Huế","updated":"2021-07-18 00:00:01","brand1":"Huế","day":"20210719","id":"8484437","type":"Vàng SJC","code":""},{"buy":"51,250.00","sell":"52,050.00","company":"SJC","brand":"Hồ Chí Minh","updated":"2021-07-18 00:00:01","brand1":"HCM","day":"20210719","id":"8484429","type":"Vàng nhẫn SJC 99,99 0,5 chỉ","code":"nhẫn  99,99 0,5 chỉ"},{"buy":"51,250.00","sell":"51,950.00","company":"SJC","brand":"Hồ Chí Minh","updated":"2021-07-18 00:00:01","brand1":"HCM","day":"20210719","id":"8484430","type":"Vàng nhẫn SJC 99,99 1 chỉ, 2 chỉ, 5 chỉ","code":"nhẫn  99,99 1 chỉ, 2 chỉ, 5 chỉ"},{"buy":"50,950.00","sell":"51,650.00","company":"SJC","brand":"Hồ Chí Minh","updated":"2021-07-18 00:00:01","brand1":"HCM","day":"20210719","id":"8484435","type":"Vàng nữ trang 99,99%","code":"nữ trang 99,99%"},{"buy":"50,139.00","sell":"51,139.00","company":"SJC","brand":"Hồ Chí Minh","updated":"2021-07-18 00:00:01","brand1":"HCM","day":"20210719","id":"8484434","type":"Vàng nữ trang 99%","code":"nữ trang 99%"},{"buy":"36,891.00","sell":"38,891.00","company":"SJC","brand":"Hồ Chí Minh","updated":"2021-07-18 00:00:01","brand1":"HCM","day":"20210719","id":"8484433","type":"Vàng nữ trang 75%","code":"nữ trang 75%"},{"buy":"28,265.00","sell":"30,265.00","company":"SJC","brand":"Hồ Chí Minh","updated":"2021-07-18 00:00:01","brand1":"HCM","day":"20210719","id":"8484432","type":"Vàng nữ trang 58,3%","code":"nữ trang 58,3%"},{"buy":"19,690.00","sell":"21,690.00","company":"SJC","brand":"Hồ Chí Minh","updated":"2021-07-18 00:00:01","brand1":"HCM","day":"20210719","id":"8484431","type":"Vàng nữ trang 41,7%","code":"nữ trang 41,7%"},{"buy":"56,800.00","sell":"57,500.00","company":"DOJI","brand":"","updated":"2021-07-18 09:16:00","brand1":"","day":"20210719","id":"8484376","type":"AVPL \/ DOJI CT buôn","code":"AVPL \/  CT buôn"},{"buy":"56,800.00","sell":"57,500.00","company":"DOJI","brand":"","updated":"2021-07-18 09:16:00","brand1":"","day":"20210719","id":"8484377","type":"AVPL \/ DOJI CT lẻ","code":"AVPL \/  CT"},{"buy":"56,800.00","sell":"57,500.00","company":"DOJI","brand":"","updated":"2021-07-18 09:16:00","brand1":"","day":"20210719","id":"8484378","type":"AVPL \/ DOJI ĐN buôn","code":"AVPL \/  ĐN buôn"},{"buy":"56,800.00","sell":"57,500.00","company":"DOJI","brand":"","updated":"2021-07-18 09:16:00","brand1":"","day":"20210719","id":"8484379","type":"AVPL \/ DOJI ĐN lẻ","code":"AVPL \/  ĐN"},{"buy":"56,800.00","sell":"57,450.00","company":"DOJI","brand":"Hà Nội","updated":"2021-07-18 09:16:00","brand1":"HN","day":"20210719","id":"8484384","type":"AVPL \/ DOJI HN buôn","code":"AVPL \/   buôn"},{"buy":"56,800.00","sell":"57,450.00","company":"DOJI","brand":"Hà Nội","updated":"2021-07-18 09:16:00","brand1":"HN","day":"20210719","id":"8484385","type":"AVPL \/ DOJI HN lẻ","code":"AVPL \/"},{"buy":"56,800.00","sell":"57,450.00","company":"DOJI","brand":"Hồ Chí Minh","updated":"2021-07-18 09:16:00","brand1":"HCM","day":"20210719","id":"8484402","type":"AVPL \/ DOJI HCM buôn","code":"AVPL \/   buôn"},{"buy":"56,800.00","sell":"57,450.00","company":"DOJI","brand":"Hồ Chí Minh","updated":"2021-07-18 09:16:00","brand1":"HCM","day":"20210719","id":"8484403","type":"AVPL \/ DOJI HCM lẻ","code":"AVPL \/"},{"buy":"51,250.00","sell":"51,550.00","company":"DOJI","brand":"Hà Nội","updated":"2021-07-18 09:16:00","brand1":"HN","day":"20210719","id":"8484394","type":"Nguyên liêu 9999 - HN","code":"Nguyên liêu 9999 -"},{"buy":"51,200.00","sell":"51,500.00","company":"DOJI","brand":"Hà Nội","updated":"2021-07-18 09:16:00","brand1":"HN","day":"20210719","id":"8484393","type":"Nguyên liêu 999 - HN","code":"Nguyên liêu 999 -"},{"buy":"5,680.00","sell":"5,750.00","company":"DOJI","brand":"","updated":"2021-07-18 09:16:00","brand1":"","day":"20210719","id":"8484380","type":"Kim Thần Tài","code":"Kim Thần Tài"},{"buy":"5,680.00","sell":"5,750.00","company":"DOJI","brand":"","updated":"2021-07-18 09:16:00","brand1":"","day":"20210719","id":"8484381","type":"Lộc Phát Tài","code":"Lộc Phát Tài"},{"buy":"5,680.00","sell":"5,745.00","company":"DOJI","brand":"Hà Nội","updated":"2021-07-18 09:16:00","brand1":"HN","day":"20210719","id":"8484387","type":"Kim Ngân Tài","code":"Kim Ngân Tài"},{"buy":"5,680.00","sell":"5,745.00","company":"DOJI","brand":"Hà Nội","updated":"2021-07-18 09:16:00","brand1":"HN","day":"20210719","id":"8484388","type":"Kim Ngưu","code":"Kim Ngưu"},{"buy":"5,680.00","sell":"5,745.00","company":"DOJI","brand":"Hà Nội","updated":"2021-07-18 09:16:00","brand1":"HN","day":"20210719","id":"8484389","type":"Kim Thần Tài","code":"Kim Thần Tài"},{"buy":"5,680.00","sell":"5,745.00","company":"DOJI","brand":"Hà Nội","updated":"2021-07-18 09:16:00","brand1":"HN","day":"20210719","id":"8484390","type":"Lộc Phát Tài","code":"Lộc Phát Tài"},{"buy":"5,680.00","sell":"5,745.00","company":"DOJI","brand":"Hồ Chí Minh","updated":"2021-07-18 09:16:00","brand1":"HCM","day":"20210719","id":"8484404","type":"Kim Ngưu","code":"Kim Ngưu"},{"buy":"5,680.00","sell":"5,745.00","company":"DOJI","brand":"Hồ Chí Minh","updated":"2021-07-18 09:16:00","brand1":"HCM","day":"20210719","id":"8484405","type":"Kim Thần Tài","code":"Kim Thần Tài"},{"buy":"5,680.00","sell":"5,745.00","company":"DOJI","brand":"Hồ Chí Minh","updated":"2021-07-18 09:16:00","brand1":"HCM","day":"20210719","id":"8484406","type":"Lộc Phát Tài","code":"Lộc Phát Tài"},{"buy":"5,130.00","sell":"5,185.00","company":"DOJI","brand":"Hà Nội","updated":"2021-07-18 09:16:00","brand1":"HN","day":"20210719","id":"8484386","type":"Hưng Thịnh Vượng","code":"Hưng Thịnh Vượng"},{"buy":"5,130.00","sell":"5,185.00","company":"DOJI","brand":"Hồ Chí Minh","updated":"2021-07-18 09:16:00","brand1":"HCM","day":"20210719","id":"8484409","type":"Nhẫn H.T.V","code":"Nhẫn H.T.V"},{"buy":"5,125.00","sell":"5,155.00","company":"DOJI","brand":"Hà Nội","updated":"2021-07-18 09:16:00","brand1":"HN","day":"20210719","id":"8484392","type":"Nguyên liệu 99.99","code":"Nguyên liệu 99.99"},{"buy":"5,125.00","sell":"5,150.00","company":"DOJI","brand":"Hồ Chí Minh","updated":"2021-07-18 09:16:00","brand1":"HCM","day":"20210719","id":"8484408","type":"Nguyên liệu 9999","code":"Nguyên liệu 9999"},{"buy":"5,122.00","sell":"5,152.00","company":"DOJI","brand":"","updated":"2021-07-18 09:16:00","brand1":"","day":"20210719","id":"8484383","type":"Nguyên liệu 9999","code":"Nguyên liệu 9999"},{"buy":"5,120.00","sell":"5,150.00","company":"DOJI","brand":"Hà Nội","updated":"2021-07-18 09:16:00","brand1":"HN","day":"20210719","id":"8484391","type":"Nguyên liệu 99.9","code":"Nguyên liệu 99.9"},{"buy":"5,120.00","sell":"5,145.00","company":"DOJI","brand":"Hồ Chí Minh","updated":"2021-07-18 09:16:00","brand1":"HCM","day":"20210719","id":"8484407","type":"Nguyên liệu 999","code":"Nguyên liệu 999"},{"buy":"5,118.00","sell":"5,147.00","company":"DOJI","brand":"","updated":"2021-07-18 09:16:00","brand1":"","day":"20210719","id":"8484382","type":"Nguyên liệu 999","code":"Nguyên liệu 999"},{"buy":"5,095.00","sell":"5,185.00","company":"DOJI","brand":"Hà Nội","updated":"2021-07-18 09:16:00","brand1":"HN","day":"20210719","id":"8484401","type":"Nữ trang 99.99","code":"Nữ trang 99.99"},{"buy":"5,095.00","sell":"5,185.00","company":"DOJI","brand":"Hồ Chí Minh","updated":"2021-07-18 09:16:00","brand1":"HCM","day":"20210719","id":"8484415","type":"Nữ trang 99.99","code":"Nữ trang 99.99"},{"buy":"5,095.00","sell":"5,185.00","company":"DOJI","brand":"Nhẫn DOJI Hưng Thịnh Vượng","updated":"2021-07-18 09:16:00","brand1":"NDHTV","day":"20210719","id":"8484422","type":"Nữ trang 99.99","code":"Nữ trang 99.99"},{"buy":"5,085.00","sell":"5,175.00","company":"DOJI","brand":"Hà Nội","updated":"2021-07-18 09:16:00","brand1":"HN","day":"20210719","id":"8484400","type":"Nữ trang 99.9","code":"Nữ trang 99.9"},{"buy":"5,085.00","sell":"5,175.00","company":"DOJI","brand":"Hồ Chí Minh","updated":"2021-07-18 09:16:00","brand1":"HCM","day":"20210719","id":"8484414","type":"Nữ trang 99.9","code":"Nữ trang 99.9"},{"buy":"5,085.00","sell":"5,175.00","company":"DOJI","brand":"Nhẫn DOJI Hưng Thịnh Vượng","updated":"2021-07-18 09:16:00","brand1":"NDHTV","day":"20210719","id":"8484421","type":"Nữ trang 99.9","code":"Nữ trang 99.9"},{"buy":"5,015.00","sell":"5,140.00","company":"DOJI","brand":"Hà Nội","updated":"2021-07-18 09:16:00","brand1":"HN","day":"20210719","id":"8484399","type":"Nữ trang 99","code":"Nữ trang 99"},{"buy":"5,015.00","sell":"5,140.00","company":"DOJI","brand":"Hồ Chí Minh","updated":"2021-07-18 09:16:00","brand1":"HCM","day":"20210719","id":"8484413","type":"Nữ trang 99","code":"Nữ trang 99"},{"buy":"5,015.00","sell":"5,140.00","company":"DOJI","brand":"Nhẫn DOJI Hưng Thịnh Vượng","updated":"2021-07-18 09:16:00","brand1":"NDHTV","day":"20210719","id":"8484420","type":"Nữ trang 99","code":"Nữ trang 99"},{"buy":"3,789.00","sell":"3,989.00","company":"DOJI","brand":"Hà Nội","updated":"2021-07-18 09:16:00","brand1":"HN","day":"20210719","id":"8484398","type":"Nữ trang 18k","code":"Nữ trang 18k"},{"buy":"3,789.00","sell":"3,989.00","company":"DOJI","brand":"Hồ Chí Minh","updated":"2021-07-18 09:16:00","brand1":"HCM","day":"20210719","id":"8484411","type":"Nữ Trang 18k","code":"Nữ Trang 18k"},{"buy":"3,789.00","sell":"3,989.00","company":"DOJI","brand":"Nhẫn DOJI Hưng Thịnh Vượng","updated":"2021-07-18 09:16:00","brand1":"NDHTV","day":"20210719","id":"8484418","type":"Nữ trang 18k","code":"Nữ trang 18k"},{"buy":"3,403.00","sell":"3,703.00","company":"DOJI","brand":"Hà Nội","updated":"2021-07-18 09:16:00","brand1":"HN","day":"20210719","id":"8484397","type":"Nữ trang 16k","code":"Nữ trang 16k"},{"buy":"3,403.00","sell":"3,703.00","company":"DOJI","brand":"Nhẫn DOJI Hưng Thịnh Vượng","updated":"2021-07-18 09:16:00","brand1":"NDHTV","day":"20210719","id":"8484419","type":"Nữ trang 68","code":"Nữ trang 68"},{"buy":"2,845.00","sell":"3,045.00","company":"DOJI","brand":"Hà Nội","updated":"2021-07-18 09:16:00","brand1":"HN","day":"20210719","id":"8484396","type":"Nữ trang 14k","code":"Nữ trang 14k"},{"buy":"2,845.00","sell":"3,045.00","company":"DOJI","brand":"Hồ Chí Minh","updated":"2021-07-18 09:16:00","brand1":"HCM","day":"20210719","id":"8484410","type":"Nữ Trang 14k","code":"Nữ Trang 14k"},{"buy":"2,845.00","sell":"3,045.00","company":"DOJI","brand":"Nhẫn DOJI Hưng Thịnh Vượng","updated":"2021-07-18 09:16:00","brand1":"NDHTV","day":"20210719","id":"8484417","type":"Nữ trang 14k","code":"Nữ trang 14k"},{"buy":"2,718.00","sell":"2,788.00","company":"DOJI","brand":"Hồ Chí Minh","updated":"2021-07-18 09:16:00","brand1":"HCM","day":"20210719","id":"8484412","type":"Nữ trang 68","code":"Nữ trang 68"},{"buy":"1,426.00","sell":"1,576.00","company":"DOJI","brand":"Hà Nội","updated":"2021-07-18 09:16:00","brand1":"HN","day":"20210719","id":"8484395","type":"Nữ trang 10k","code":"Nữ trang 10k"},{"buy":"1,426.00","sell":"1,576.00","company":"DOJI","brand":"Nhẫn DOJI Hưng Thịnh Vượng","updated":"2021-07-18 09:16:00","brand1":"NDHTV","day":"20210719","id":"8484416","type":"Nữ trang 10k","code":"Nữ trang 10k"},{"buy":"56,800.00","sell":"57,500.00","company":"3BANKS","brand":"SCB","updated":"2021-07-18 00:05:11","brand1":"SCB","day":"20210719","id":"8484374","type":"SJC","code":"SJC"},{"buy":"56,750.00","sell":"57,520.00","company":"3BANKS","brand":"VIETINBANK GOLD","updated":"2021-07-18 00:10:25","brand1":"VG","day":"20210719","id":"8484375","type":"SJC","code":"SJC"},{"buy":"56,600.00","sell":"57,950.00","company":"3BANKS","brand":"MARITIME BANK","updated":"2021-07-18 00:15:34","brand1":"MB","day":"20210719","id":"8484372","type":"SJC","code":"SJC"},{"buy":"52,900.00","sell":"53,900.00","company":"3BANKS","brand":"SACOMBANK","updated":"2021-07-18 00:31:09","brand1":"S","day":"20210719","id":"8484373","type":"SJC","code":"JC"},{"buy":"56,950.00","sell":"57,250.00","company":"2GROUP","brand":"Mi Hồng SJC","updated":"2021-07-18 00:05:11","brand1":"MHS","day":"20210719","id":"8484366","type":"SJC","code":"SJC"},{"buy":"56,850.00","sell":"57,450.00","company":"2GROUP","brand":"PHÚ QUÝ SJC","updated":"2021-07-18 00:31:09","brand1":"PQS","day":"20210719","id":"8484368","type":"SJC","code":"SJC"},{"buy":"56,850.00","sell":"57,500.00","company":"2GROUP","brand":"PNJ SJC","updated":"2021-07-18 00:00:02","brand1":"PS","day":"20210719","id":"8484370","type":"SJC","code":"SJC"},{"buy":"51,600.00","sell":"53,000.00","company":"2GROUP","brand":"PNJ 1L","updated":"2021-07-18 00:00:02","brand1":"P1","day":"20210719","id":"8484369","type":"SJC","code":"SJC"},{"buy":"1,812.20","sell":"1,813.20","company":"2GROUP","brand":"SPOT GOLD","updated":"2021-07-18 00:00:02","brand1":"SG","day":"20210719","id":"8484371","type":"SJC","code":"SJC"},{"buy":"71.81","sell":"71.81","company":"2GROUP","brand":"OIL","updated":"2021-07-18 23:14:37","brand1":"OIL","day":"20210719","id":"8484367","type":"SJC","code":"SJC"},{"buy":"51,400.00","sell":"52,000.00","company":"1OTHER","brand":"PNJ Nhẫn 24K","updated":"2021-07-18 00:00:02","brand1":"PN2","day":"20210719","id":"8484361","type":"SJC","code":"SJC"},{"buy":"51,350.00","sell":"52,050.00","company":"1OTHER","brand":"Nhẫn PHÚ QUÝ 24K","updated":"2021-07-18 00:31:09","brand1":"NPQ2","day":"20210719","id":"8484359","type":"SJC","code":"SJC"},{"buy":"51,250.00","sell":"51,950.00","company":"1OTHER","brand":"Nhẫn SJC 99,99","updated":"2021-07-18 00:00:01","brand1":"NS9","day":"20210719","id":"8484360","type":"SJC*","code":"SJC*"},{"buy":"51,100.00","sell":"51,450.00","company":"1OTHER","brand":"Mi Hồng 999","updated":"2021-07-18 00:05:11","brand1":"MH9","day":"20210719","id":"8484358","type":"SJC","code":"SJC"},{"buy":"50,900.00","sell":"51,700.00","company":"1OTHER","brand":"PNJ NT 24K","updated":"2021-07-18 00:00:02","brand1":"PN2","day":"20210719","id":"8484365","type":"SJC","code":"SJC"},{"buy":"50,100.00","sell":"51,100.00","company":"1OTHER","brand":"Mi Hồng 985","updated":"2021-07-18 00:05:11","brand1":"MH9","day":"20210719","id":"8484357","type":"SJC","code":"SJC"},{"buy":"49,900.00","sell":"50,900.00","company":"1OTHER","brand":"Mi Hồng 980","updated":"2021-07-18 00:05:11","brand1":"MH9","day":"20210719","id":"8484356","type":"SJC","code":"SJC"},{"buy":"37,530.00","sell":"38,930.00","company":"1OTHER","brand":"PNJ NT 18K","updated":"2021-07-18 00:00:02","brand1":"PN1","day":"20210719","id":"8484364","type":"SJC","code":"SJC"},{"buy":"33,700.00","sell":"35,700.00","company":"1OTHER","brand":"Mi Hồng 750","updated":"2021-07-18 00:05:11","brand1":"MH7","day":"20210719","id":"8484354","type":"SJC","code":"SJC"},{"buy":"31,000.00","sell":"32,700.00","company":"1OTHER","brand":"Mi Hồng 680","updated":"2021-07-18 00:05:11","brand1":"MH6","day":"20210719","id":"8484353","type":"SJC","code":"SJC"},{"buy":"30,000.00","sell":"31,700.00","company":"1OTHER","brand":"Mi Hồng 610","updated":"2021-07-18 00:05:11","brand1":"MH6","day":"20210719","id":"8484352","type":"SJC","code":"SJC"},{"buy":"29,000.00","sell":"30,400.00","company":"1OTHER","brand":"PNJ NT 14K","updated":"2021-07-18 00:00:02","brand1":"PN1","day":"20210719","id":"8484363","type":"SJC","code":"SJC"},{"buy":"20,260.00","sell":"21,660.00","company":"1OTHER","brand":"PNJ NT 10K","updated":"2021-07-18 00:00:02","brand1":"PN1","day":"20210719","id":"8484362","type":"SJC","code":"SJC"},{"buy":"0.00","sell":"48,200.00","company":"1OTHER","brand":"Mi Hồng 950","updated":"2021-07-18 00:05:11","brand1":"MH9","day":"20210719","id":"8484355","type":"SJC","code":"SJC"},{"buy":"31,672.43","sell":"31,672.43","company":"1Coin","brand":"Bitcoin","updated":"2021-07-19 00:54:04","brand1":"B","day":"20210719","id":"8484971","type":"BTC","code":"TC"},{"buy":"31,667.80","sell":"31,667.80","company":"1Coin","brand":"Wrapped Bitcoin","updated":"2021-07-19 00:54:05","brand1":"WB","day":"20210719","id":"8484981","type":"WBTC","code":"TC"},{"buy":"31,636.79","sell":"31,636.79","company":"1Coin","brand":"Huobi BTC","updated":"2021-07-19 00:03:41","brand1":"HB","day":"20210719","id":"8484863","type":"HBTC","code":"TC"},{"buy":"31,479.16","sell":"31,479.16","company":"1Coin","brand":"renBTC","updated":"2021-07-19 00:03:28","brand1":"r","day":"20210719","id":"8484829","type":"RENBTC","code":"RENBTC"},{"buy":"31,348.31","sell":"31,348.31","company":"1Coin","brand":"Bitcoin BEP2","updated":"2021-07-19 00:03:20","brand1":"BB","day":"20210719","id":"8484793","type":"BTCB","code":"BTCB"},{"buy":"27,772.59","sell":"27,772.59","company":"1Coin","brand":"yearn.finance","updated":"2021-07-19 00:03:24","brand1":"y","day":"20210719","id":"8484811","type":"YFI","code":"YFI"},{"buy":"2,469.47","sell":"2,469.47","company":"1Coin","brand":"DFI.Money","updated":"2021-07-19 00:03:51","brand1":"D","day":"20210719","id":"8484892","type":"YFII","code":"YFII"},{"buy":"2,421.17","sell":"2,421.17","company":"1Coin","brand":"Maker","updated":"2021-07-19 00:03:20","brand1":"M","day":"20210719","id":"8484790","type":"MKR","code":"KR"},{"buy":"1,900.80","sell":"1,900.80","company":"1Coin","brand":"Ethereum","updated":"2021-07-19 00:54:04","brand1":"E","day":"20210719","id":"8484972","type":"ETH","code":"TH"},{"buy":"1,900.80","sell":"1,900.80","company":"1Coin","brand":"Ethereum 2","updated":"2021-07-19 00:54:04","brand1":"E2","day":"20210719","id":"8484973","type":"ETH2","code":"ETH2"},{"buy":"1,884.34","sell":"1,884.34","company":"1Coin","brand":"stETH","updated":"2021-07-19 00:03:43","brand1":"s","day":"20210719","id":"8484864","type":"STETH","code":"STETH"},{"buy":"1,813.24","sell":"1,813.24","company":"1Coin","brand":"PAX Gold","updated":"2021-07-19 00:03:41","brand1":"PG","day":"20210719","id":"8484859","type":"PAXG","code":"PAXG"},{"buy":"631.08","sell":"631.08","company":"1Coin","brand":"Venus BTC","updated":"2021-07-19 00:03:47","brand1":"VB","day":"20210719","id":"8484881","type":"VBTC","code":"TC"},{"buy":"437.00","sell":"437.00","company":"1Coin","brand":"Bitcoin Cash","updated":"2021-07-19 00:54:05","brand1":"BC","day":"20210719","id":"8484977","type":"BCH","code":"H"},{"buy":"377.87","sell":"377.87","company":"1Coin","brand":"Compound","updated":"2021-07-19 00:03:21","brand1":"C","day":"20210719","id":"8484796","type":"COMP","code":"OMP"},{"buy":"304.88","sell":"304.88","company":"1Coin","brand":"Binance Coin","updated":"2021-07-19 00:54:05","brand1":"BC","day":"20210719","id":"8484974","type":"BNB","code":"BNB"},{"buy":"302.55","sell":"302.55","company":"1Coin","brand":"Wrapped BNB","updated":"2021-07-19 00:03:41","brand1":"WB","day":"20210719","id":"8484861","type":"WBNB","code":"NB"},{"buy":"257.58","sell":"257.58","company":"1Coin","brand":"Alchemix","updated":"2021-07-19 00:03:56","brand1":"A","day":"20210719","id":"8484907","type":"ALCX","code":"LCX"},{"buy":"256.04","sell":"256.04","company":"1Coin","brand":"Aave","updated":"2021-07-19 00:54:06","brand1":"Aave","day":"20210719","id":"8484987","type":"AAVE","code":"AAVE"},{"buy":"200.32","sell":"200.32","company":"1Coin","brand":"Monero","updated":"2021-07-19 00:54:06","brand1":"M","day":"20210719","id":"8484986","type":"XMR","code":"XR"},{"buy":"180.84","sell":"180.84","company":"1Coin","brand":"Kusama","updated":"2021-07-19 00:03:21","brand1":"K","day":"20210719","id":"8484798","type":"KSM","code":"SM"},{"buy":"179.01","sell":"179.01","company":"1Coin","brand":"Gnosis","updated":"2021-07-19 00:03:31","brand1":"G","day":"20210719","id":"8484835","type":"GNO","code":"NO"},{"buy":"173.25","sell":"173.25","company":"1Coin","brand":"Cream Finance","updated":"2021-07-19 00:03:48","brand1":"CF","day":"20210719","id":"8484885","type":"CREAM","code":"CREAM"},{"buy":"123.77","sell":"123.77","company":"1Coin","brand":"Bitcoin SV","updated":"2021-07-19 00:03:20","brand1":"BS","day":"20210719","id":"8484792","type":"BSV","code":"V"},{"buy":"118.59","sell":"118.59","company":"1Coin","brand":"Litecoin","updated":"2021-07-19 00:54:05","brand1":"L","day":"20210719","id":"8484978","type":"LTC","code":"TC"},{"buy":"116.35","sell":"116.35","company":"1Coin","brand":"Dash","updated":"2021-07-19 00:03:23","brand1":"Dash","day":"20210719","id":"8484805","type":"DASH","code":"DASH"},{"buy":"114.61","sell":"114.61","company":"1Coin","brand":"Decred","updated":"2021-07-19 00:03:21","brand1":"D","day":"20210719","id":"8484800","type":"DCR","code":"CR"},{"buy":"108.10","sell":"108.10","company":"1Coin","brand":"Illuvium","updated":"2021-07-18 14:04:06","brand1":"I","day":"20210719","id":"8484218","type":"ILV","code":"LV"},{"buy":"102.39","sell":"102.39","company":"1Coin","brand":"Counos X","updated":"2021-07-19 00:03:41","brand1":"CX","day":"20210719","id":"8484862","type":"CCXX","code":"CX"},{"buy":"93.33","sell":"93.33","company":"1Coin","brand":"Zcash","updated":"2021-07-19 00:03:23","brand1":"Z","day":"20210719","id":"8484807","type":"ZEC","code":"EC"},{"buy":"76.74","sell":"76.74","company":"1Coin","brand":"Elrond","updated":"2021-07-19 00:03:21","brand1":"E","day":"20210719","id":"8484801","type":"EGLD","code":"GLD"},{"buy":"75.86","sell":"75.86","company":"1Coin","brand":"Enzyme","updated":"2021-07-19 00:03:39","brand1":"E","day":"20210719","id":"8484854","type":"MLN","code":"MLN"},{"buy":"72.66","sell":"72.66","company":"1Coin","brand":"NXM","updated":"2021-07-19 00:03:44","brand1":"NXM","day":"20210719","id":"8484870","type":"NXM","code":""},{"buy":"69.65","sell":"69.65","company":"1Coin","brand":"Quant","updated":"2021-07-18 22:01:22","brand1":"Q","day":"20210719","id":"8484282","type":"QNT","code":"NT"},{"buy":"50.12","sell":"50.12","company":"1Coin","brand":"Wrapped NXM","updated":"2021-07-19 00:03:52","brand1":"WN","day":"20210719","id":"8484896","type":"WNXM","code":"XM"},{"buy":"49.91","sell":"49.91","company":"1Coin","brand":"Horizen","updated":"2021-07-19 00:03:27","brand1":"H","day":"20210719","id":"8484822","type":"ZEN","code":"ZEN"},{"buy":"47.01","sell":"47.01","company":"1Coin","brand":"Filecoin","updated":"2021-07-19 00:54:06","brand1":"F","day":"20210719","id":"8484985","type":"FIL","code":"IL"},{"buy":"41.68","sell":"41.68","company":"1Coin","brand":"Ethereum Classic","updated":"2021-07-19 00:54:05","brand1":"EC","day":"20210719","id":"8484982","type":"ETC","code":"ETC"},{"buy":"38.61","sell":"38.61","company":"1Coin","brand":"Bitcoin Gold","updated":"2021-07-19 00:03:25","brand1":"BG","day":"20210719","id":"8484819","type":"BTG","code":"BTG"},{"buy":"38.23","sell":"38.23","company":"1Coin","brand":"Venus ETH","updated":"2021-07-19 00:03:55","brand1":"VE","day":"20210719","id":"8484902","type":"VETH","code":"TH"},{"buy":"37.36","sell":"37.36","company":"1Coin","brand":"Strike","updated":"2021-07-19 00:03:41","brand1":"S","day":"20210719","id":"8484858","type":"STRK","code":"TRK"},{"buy":"32.48","sell":"32.48","company":"1Coin","brand":"Internet Computer","updated":"2021-07-19 00:54:06","brand1":"IC","day":"20210719","id":"8484984","type":"ICP","code":"P"},{"buy":"30.66","sell":"30.66","company":"1Coin","brand":"Numeraire","updated":"2021-07-19 00:03:35","brand1":"N","day":"20210719","id":"8484850","type":"NMR","code":"MR"},{"buy":"29.56","sell":"29.56","company":"1Coin","brand":"Neo","updated":"2021-07-19 00:03:20","brand1":"Neo","day":"20210719","id":"8484794","type":"NEO","code":"NEO"},{"buy":"26.73","sell":"26.73","company":"1Coin","brand":"Solana","updated":"2021-07-19 00:54:05","brand1":"S","day":"20210719","id":"8484979","type":"SOL","code":"OL"},{"buy":"26.16","sell":"26.16","company":"1Coin","brand":"FTX Token","updated":"2021-07-19 00:03:20","brand1":"FT","day":"20210719","id":"8484789","type":"FTT","code":"T"},{"buy":"25.57","sell":"25.57","company":"1Coin","brand":"Bitcoin Cash ABC","updated":"2021-07-19 00:03:44","brand1":"BCA","day":"20210719","id":"8484869","type":"BCHA","code":"BCHA"},{"buy":"22.74","sell":"22.74","company":"1Coin","brand":"BarnBridge","updated":"2021-07-19 00:03:53","brand1":"B","day":"20210719","id":"8484899","type":"BOND","code":"OND"},{"buy":"19.31","sell":"19.31","company":"1Coin","brand":"Augur","updated":"2021-07-19 00:03:32","brand1":"A","day":"20210719","id":"8484840","type":"REP","code":"REP"},{"buy":"19.31","sell":"19.31","company":"1Coin","brand":"REPv2","updated":"2021-07-19 00:03:32","brand1":"R","day":"20210719","id":"8484841","type":"REPV2","code":"EPV2"},{"buy":"18.45","sell":"18.45","company":"1Coin","brand":"Balancer","updated":"2021-07-19 00:03:40","brand1":"B","day":"20210719","id":"8484856","type":"BAL","code":"AL"},{"buy":"17.82","sell":"17.82","company":"1Coin","brand":"Axie Infinity Shards","updated":"2021-07-19 00:03:23","brand1":"AIS","day":"20210719","id":"8484808","type":"AXS","code":"AXS"},{"buy":"16.21","sell":"16.21","company":"1Coin","brand":"Uniswap","updated":"2021-07-19 00:54:05","brand1":"U","day":"20210719","id":"8484976","type":"UNI","code":"NI"},{"buy":"15.88","sell":"15.88","company":"1Coin","brand":"Venus","updated":"2021-07-19 00:03:35","brand1":"V","day":"20210719","id":"8484847","type":"XVS","code":"XS"},{"buy":"15.62","sell":"15.62","company":"1Coin","brand":"Uquid Coin","updated":"2021-07-19 00:03:35","brand1":"UC","day":"20210719","id":"8484849","type":"UQC","code":"UQC"},{"buy":"15.50","sell":"15.50","company":"1Coin","brand":"KLAYswap Protocol","updated":"2021-07-19 00:03:48","brand1":"KP","day":"20210719","id":"8484883","type":"KSP","code":"KSP"},{"buy":"15.32","sell":"15.32","company":"1Coin","brand":"Chainlink","updated":"2021-07-19 00:54:05","brand1":"C","day":"20210719","id":"8484980","type":"LINK","code":"LINK"},{"buy":"14.83","sell":"14.83","company":"1Coin","brand":"Flow","updated":"2021-07-19 00:03:25","brand1":"Flow","day":"20210719","id":"8484818","type":"FLOW","code":"FLOW"},{"buy":"14.63","sell":"14.63","company":"1Coin","brand":"Ampleforth Governance Token","updated":"2021-07-19 00:03:48","brand1":"AGT","day":"20210719","id":"8484884","type":"FORTH","code":"FORTH"},{"buy":"13.95","sell":"13.95","company":"1Coin","brand":"Bitcoin Standard Hashrate Token","updated":"2021-07-19 00:03:35","brand1":"BSHT","day":"20210719","id":"8484848","type":"BTCST","code":"BTCST"},{"buy":"13.12","sell":"13.12","company":"1Coin","brand":"Waves","updated":"2021-07-19 00:03:22","brand1":"W","day":"20210719","id":"8484803","type":"WAVES","code":"AVES"},{"buy":"13.08","sell":"13.08","company":"1Coin","brand":"Livepeer","updated":"2021-07-19 00:03:31","brand1":"L","day":"20210719","id":"8484834","type":"LPT","code":"PT"},{"buy":"12.91","sell":"12.91","company":"1Coin","brand":"PancakeSwap","updated":"2021-07-19 00:03:20","brand1":"P","day":"20210719","id":"8484788","type":"CAKE","code":"CAKE"},{"buy":"12.45","sell":"12.45","company":"1Coin","brand":"Polkadot","updated":"2021-07-19 00:54:05","brand1":"P","day":"20210719","id":"8484975","type":"DOT","code":"DOT"},{"buy":"11.78","sell":"11.78","company":"1Coin","brand":"Helium","updated":"2021-07-19 00:03:24","brand1":"H","day":"20210719","id":"8484809","type":"HNT","code":"NT"},{"buy":"11.26","sell":"11.26","company":"1Coin","brand":"Prometeus","updated":"2021-07-19 00:03:33","brand1":"P","day":"20210719","id":"8484843","type":"PROM","code":"ROM"},{"buy":"10.91","sell":"10.91","company":"1Coin","brand":"Cosmos","updated":"2021-07-19 00:03:20","brand1":"C","day":"20210719","id":"8484791","type":"ATOM","code":"ATOM"},{"buy":"10.90","sell":"10.90","company":"1Coin","brand":"OKB","updated":"2021-07-19 00:03:25","brand1":"OKB","day":"20210719","id":"8484820","type":"OKB","code":""},{"buy":"10.83","sell":"10.83","company":"1Coin","brand":"NewYork Exchange","updated":"2021-07-19 00:03:55","brand1":"NE","day":"20210719","id":"8484903","type":"NYE","code":"NYE"},{"buy":"10.80","sell":"10.80","company":"1Coin","brand":"Avalanche","updated":"2021-07-19 00:03:21","brand1":"A","day":"20210719","id":"8484797","type":"AVAX","code":"VX"},{"buy":"10.35","sell":"10.35","company":"1Coin","brand":"The Transfer Token","updated":"2021-07-19 00:03:43","brand1":"TTT","day":"20210719","id":"8484865","type":"TTT","code":""},{"buy":"10.24","sell":"10.24","company":"1Coin","brand":"KuCoin Token","updated":"2021-07-19 00:03:25","brand1":"KT","day":"20210719","id":"8484816","type":"KCS","code":"KCS"},{"buy":"10.06","sell":"10.06","company":"1Coin","brand":"Rocket Pool","updated":"2021-07-19 00:03:49","brand1":"RP","day":"20210719","id":"8484887","type":"RPL","code":"L"},{"buy":"9.20","sell":"9.20","company":"1Coin","brand":"MCO","updated":"2021-07-18 22:01:35","brand1":"MCO","day":"20210719","id":"8484239","type":"MCO","code":""},{"buy":"8.98","sell":"8.98","company":"1Coin","brand":"Synthetix Network Token","updated":"2021-07-18 22:01:21","brand1":"SNT","day":"20210719","id":"8484309","type":"SNX","code":"SNX"},{"buy":"8.95","sell":"8.95","company":"1Coin","brand":"Arweave","updated":"2021-07-19 00:03:29","brand1":"A","day":"20210719","id":"8484832","type":"AR","code":"R"},{"buy":"8.55","sell":"8.55","company":"1Coin","brand":"Huobi Token","updated":"2021-07-19 00:03:22","brand1":"HT","day":"20210719","id":"8484802","type":"HT","code":""},{"buy":"8.23","sell":"8.23","company":"1Coin","brand":"UMA","updated":"2021-07-19 00:03:28","brand1":"UMA","day":"20210719","id":"8484827","type":"UMA","code":""},{"buy":"7.89","sell":"7.89","company":"1Coin","brand":"Perpetual Protocol","updated":"2021-07-19 00:03:44","brand1":"PP","day":"20210719","id":"8484872","type":"PERP","code":"PERP"},{"buy":"7.72","sell":"7.72","company":"1Coin","brand":"Badger DAO","updated":"2021-07-19 00:03:55","brand1":"BD","day":"20210719","id":"8484904","type":"BADGER","code":"BADGER"},{"buy":"7.18","sell":"7.18","company":"1Coin","brand":"SushiSwap","updated":"2021-07-19 00:03:24","brand1":"S","day":"20210719","id":"8484814","type":"SUSHI","code":"UHI"},{"buy":"7.04","sell":"7.04","company":"1Coin","brand":"Ethernity Chain","updated":"2021-07-19 00:03:55","brand1":"EC","day":"20210719","id":"8484901","type":"ERN","code":"ERN"},{"buy":"6.75","sell":"6.75","company":"1Coin","brand":"Zelwin","updated":"2021-07-18 21:01:43","brand1":"Z","day":"20210719","id":"8484350","type":"ZLW","code":"LW"},{"buy":"6.70","sell":"6.70","company":"1Coin","brand":"Dero","updated":"2021-07-19 00:03:56","brand1":"Dero","day":"20210719","id":"8484906","type":"DERO","code":"DERO"},{"buy":"6.58","sell":"6.58","company":"1Coin","brand":"Terra","updated":"2021-07-19 00:03:20","brand1":"T","day":"20210719","id":"8484787","type":"LUNA","code":"LUNA"},{"buy":"6.38","sell":"6.38","company":"1Coin","brand":"TitanSwap","updated":"2021-07-19 00:03:44","brand1":"T","day":"20210719","id":"8484873","type":"TITAN","code":"IAN"},{"buy":"6.28","sell":"6.28","company":"1Coin","brand":"Persistence","updated":"2021-07-18 22:01:44","brand1":"P","day":"20210719","id":"8484270","type":"XPRT","code":"XRT"},{"buy":"6.22","sell":"6.22","company":"1Coin","brand":"LUKSO","updated":"2021-07-19 00:03:52","brand1":"L","day":"20210719","id":"8484894","type":"LYXE","code":"YXE"},{"buy":"6.20","sell":"6.20","company":"1Coin","brand":"Injective Protocol","updated":"2021-07-18 22:01:33","brand1":"IP","day":"20210719","id":"8484219","type":"INJ","code":"INJ"},{"buy":"6.20","sell":"6.20","company":"1Coin","brand":"Venus BNB","updated":"2021-07-19 00:03:43","brand1":"VB","day":"20210719","id":"8484868","type":"VBNB","code":"NB"},{"buy":"5.89","sell":"5.89","company":"1Coin","brand":"Gitcoin","updated":"2021-07-19 00:03:52","brand1":"G","day":"20210719","id":"8484897","type":"GTC","code":"TC"},{"buy":"5.65","sell":"5.65","company":"1Coin","brand":"Qtum","updated":"2021-07-19 00:03:27","brand1":"Qtum","day":"20210719","id":"8484823","type":"QTUM","code":"QTUM"},{"buy":"5.55","sell":"5.55","company":"1Coin","brand":"MyNeighborAlice","updated":"2021-07-19 00:03:51","brand1":"M","day":"20210719","id":"8484891","type":"ALICE","code":"ALICE"},{"buy":"5.34","sell":"5.34","company":"1Coin","brand":"Celsius","updated":"2021-07-19 00:03:23","brand1":"C","day":"20210719","id":"8484804","type":"CEL","code":"EL"},{"buy":"5.04","sell":"5.04","company":"1Coin","brand":"Energy Web Token","updated":"2021-07-18 22:01:35","brand1":"EWT","day":"20210719","id":"8484190","type":"EWT","code":""},{"buy":"5.03","sell":"5.03","company":"1Coin","brand":"Band Protocol","updated":"2021-07-19 00:03:34","brand1":"BP","day":"20210719","id":"8484845","type":"BAND","code":"BAND"},{"buy":"4.80","sell":"4.80","company":"1Coin","brand":"Ergo","updated":"2021-07-19 00:03:35","brand1":"Ergo","day":"20210719","id":"8484851","type":"ERG","code":"ERG"},{"buy":"4.57","sell":"4.57","company":"1Coin","brand":"INO COIN","updated":"2021-07-19 00:03:43","brand1":"IC","day":"20210719","id":"8484866","type":"INO","code":"INO"},{"buy":"4.46","sell":"4.46","company":"1Coin","brand":"THETA","updated":"2021-07-19 00:54:06","brand1":"T","day":"20210719","id":"8484983","type":"THETA","code":"HEA"},{"buy":"4.24","sell":"4.24","company":"1Coin","brand":"THORChain","updated":"2021-07-19 00:03:24","brand1":"T","day":"20210719","id":"8484812","type":"RUNE","code":"RUNE"},{"buy":"4.21","sell":"4.21","company":"1Coin","brand":"Orion Protocol","updated":"2021-07-18 22:01:48","brand1":"OP","day":"20210719","id":"8484266","type":"ORN","code":"ORN"},{"buy":"4.01","sell":"4.01","company":"1Coin","brand":"Kava.io","updated":"2021-07-19 00:03:31","brand1":"K","day":"20210719","id":"8484833","type":"KAVA","code":"AVA"},{"buy":"3.77","sell":"3.77","company":"1Coin","brand":"Nano","updated":"2021-07-19 00:03:28","brand1":"Nano","day":"20210719","id":"8484828","type":"NANO","code":"NANO"},{"buy":"3.65","sell":"3.65","company":"1Coin","brand":"OMG Network","updated":"2021-07-19 00:03:28","brand1":"ON","day":"20210719","id":"8484826","type":"OMG","code":"OMG"},{"buy":"3.62","sell":"3.62","company":"1Coin","brand":"EOS","updated":"2021-07-19 00:03:18","brand1":"EOS","day":"20210719","id":"8484784","type":"EOS","code":""},{"buy":"3.57","sell":"3.57","company":"1Coin","brand":"Aragon","updated":"2021-07-18 22:01:36","brand1":"A","day":"20210719","id":"8484136","type":"ANT","code":"NT"},{"buy":"2.99","sell":"2.99","company":"1Coin","brand":"Mirror Protocol","updated":"2021-07-19 00:03:45","brand1":"MP","day":"20210719","id":"8484876","type":"MIR","code":"MIR"},{"buy":"2.98","sell":"2.98","company":"1Coin","brand":"Elitium","updated":"2021-07-18 22:01:55","brand1":"E","day":"20210719","id":"8484188","type":"EUM","code":"UM"},{"buy":"2.98","sell":"2.98","company":"1Coin","brand":"Serum","updated":"2021-07-19 00:03:36","brand1":"S","day":"20210719","id":"8484852","type":"SRM","code":"RM"},{"buy":"2.96","sell":"2.96","company":"1Coin","brand":"UNUS SED LEO","updated":"2021-07-19 00:03:19","brand1":"USL","day":"20210719","id":"8484786","type":"LEO","code":"LEO"},{"buy":"2.90","sell":"2.90","company":"1Coin","brand":"GateToken","updated":"2021-07-19 00:03:31","brand1":"G","day":"20210719","id":"8484836","type":"GT","code":"T"},{"buy":"2.82","sell":"2.82","company":"1Coin","brand":"Raydium","updated":"2021-07-19 00:03:47","brand1":"R","day":"20210719","id":"8484880","type":"RAY","code":"AY"},{"buy":"2.79","sell":"2.79","company":"1Coin","brand":"Bancor Network Token","updated":"2021-07-18 22:01:24","brand1":"BNT","day":"20210719","id":"8484147","type":"BNT","code":""},{"buy":"2.73","sell":"2.73","company":"1Coin","brand":"Lisk","updated":"2021-07-19 00:03:29","brand1":"Lisk","day":"20210719","id":"8484830","type":"LSK","code":"LSK"},{"buy":"2.60","sell":"2.60","company":"1Coin","brand":"TomoChain","updated":"2021-07-19 00:03:32","brand1":"T","day":"20210719","id":"8484837","type":"TOMO","code":"OMO"},{"buy":"2.51","sell":"2.51","company":"1Coin","brand":"Akash Network","updated":"2021-07-18 22:01:45","brand1":"AN","day":"20210719","id":"8484129","type":"AKT","code":"AKT"},{"buy":"2.44","sell":"2.44","company":"1Coin","brand":"CRYPTO20","updated":"2021-07-19 00:03:51","brand1":"C","day":"20210719","id":"8484890","type":"C20","code":"20"},{"buy":"2.43","sell":"2.43","company":"1Coin","brand":"Dawn Protocol","updated":"2021-07-19 00:03:47","brand1":"DP","day":"20210719","id":"8484877","type":"DAWN","code":"DAWN"},{"buy":"2.42","sell":"2.42","company":"1Coin","brand":"iExec RLC","updated":"2021-07-19 00:03:32","brand1":"iR","day":"20210719","id":"8484842","type":"RLC","code":"RLC"},{"buy":"2.41","sell":"2.41","company":"1Coin","brand":"Tezos","updated":"2021-07-19 00:03:20","brand1":"T","day":"20210719","id":"8484795","type":"XTZ","code":"XZ"},{"buy":"2.34","sell":"2.34","company":"1Coin","brand":"Celo","updated":"2021-07-19 00:03:26","brand1":"Celo","day":"20210719","id":"8484821","type":"CGLD","code":"CGLD"},{"buy":"2.17","sell":"2.17","company":"1Coin","brand":"Tokenlon Network Token","updated":"2021-07-19 00:03:52","brand1":"TNT","day":"20210719","id":"8484895","type":"LON","code":"LON"},{"buy":"2.13","sell":"2.13","company":"1Coin","brand":"Pirate Chain","updated":"2021-07-19 00:03:44","brand1":"PC","day":"20210719","id":"8484871","type":"ARRR","code":"ARRR"},{"buy":"2.06","sell":"2.06","company":"1Coin","brand":"Creditcoin","updated":"2021-07-18 22:01:42","brand1":"C","day":"20210719","id":"8484173","type":"CTC","code":"T"},{"buy":"2.01","sell":"2.01","company":"1Coin","brand":"1inch","updated":"2021-07-18 22:01:27","brand1":"1","day":"20210719","id":"8484126","type":"1INCH","code":"INCH"},{"buy":"1.95","sell":"1.95","company":"1Coin","brand":"DeFiChain","updated":"2021-07-18 22:01:43","brand1":"D","day":"20210719","id":"8484180","type":"DFI","code":"FI"},{"buy":"1.94","sell":"1.94","company":"1Coin","brand":"Travala.com","updated":"2021-07-18 21:01:53","brand1":"T","day":"20210719","id":"8484323","type":"AVA","code":"AVA"},{"buy":"1.93","sell":"1.93","company":"1Coin","brand":"KOK","updated":"2021-07-18 02:02:10","brand1":"KOK","day":"20210719","id":"8484227","type":"KOK","code":""},{"buy":"1.90","sell":"1.90","company":"1Coin","brand":"Voyager Token","updated":"2021-07-18 22:01:27","brand1":"VT","day":"20210719","id":"8484337","type":"VGX","code":"VGX"},{"buy":"1.87","sell":"1.87","company":"1Coin","brand":"NEAR Protocol","updated":"2021-07-18 22:01:23","brand1":"NP","day":"20210719","id":"8484249","type":"NEAR","code":"NEAR"},{"buy":"1.84","sell":"1.84","company":"1Coin","brand":"BakeryToken","updated":"2021-07-18 22:01:26","brand1":"B","day":"20210719","id":"8484145","type":"BAKE","code":"AKE"},{"buy":"1.80","sell":"1.80","company":"1Coin","brand":"Bitcoin Diamond","updated":"2021-07-19 00:03:29","brand1":"BD","day":"20210719","id":"8484831","type":"BCD","code":"BCD"},{"buy":"1.76","sell":"1.76","company":"1Coin","brand":"Populous","updated":"2021-07-19 00:03:51","brand1":"P","day":"20210719","id":"8484893","type":"PPT","code":"T"},{"buy":"1.71","sell":"1.71","company":"1Coin","brand":"Swipe","updated":"2021-07-19 00:03:34","brand1":"S","day":"20210719","id":"8484844","type":"SXP","code":"XP"},{"buy":"1.50","sell":"1.50","company":"1Coin","brand":"Metal","updated":"2021-07-19 00:03:51","brand1":"M","day":"20210719","id":"8484889","type":"MTL","code":"TL"},{"buy":"1.50","sell":"1.50","company":"1Coin","brand":"Tokocrypto","updated":"2021-07-18 22:01:47","brand1":"T","day":"20210719","id":"8484321","type":"TKO","code":"KO"},{"buy":"1.47","sell":"1.47","company":"1Coin","brand":"Nexo","updated":"2021-07-19 00:03:25","brand1":"Nexo","day":"20210719","id":"8484815","type":"NEXO","code":"NEXO"},{"buy":"1.47","sell":"1.47","company":"1Coin","brand":"Stratis","updated":"2021-07-19 00:03:32","brand1":"S","day":"20210719","id":"8484838","type":"STRAX","code":"TRAX"},{"buy":"1.43","sell":"1.43","company":"1Coin","brand":"Mdex","updated":"2021-07-19 00:03:25","brand1":"Mdex","day":"20210719","id":"8484817","type":"MDX","code":"MDX"},{"buy":"1.42","sell":"1.42","company":"1Coin","brand":"Curve DAO Token","updated":"2021-07-19 00:03:28","brand1":"CDT","day":"20210719","id":"8484825","type":"CRV","code":"CRV"},{"buy":"1.38","sell":"1.38","company":"1Coin","brand":"Clover Finance","updated":"2021-07-18 22:01:45","brand1":"CF","day":"20210719","id":"8484168","type":"CLV","code":"CLV"},{"buy":"1.29","sell":"1.29","company":"1Coin","brand":"Kyber Network","updated":"2021-07-18 22:01:30","brand1":"KN","day":"20210719","id":"8484231","type":"KNC","code":"C"},{"buy":"1.24","sell":"1.24","company":"1Coin","brand":"MonaCoin","updated":"2021-07-18 22:01:55","brand1":"M","day":"20210719","id":"8484245","type":"MONA","code":"ONA"},{"buy":"1.24","sell":"1.24","company":"1Coin","brand":"XeniosCoin","updated":"2021-07-18 22:01:54","brand1":"X","day":"20210719","id":"8484346","type":"XNC","code":"NC"},{"buy":"1.19","sell":"1.19","company":"1Coin","brand":"STASIS EURO","updated":"2021-07-19 00:03:48","brand1":"SE","day":"20210719","id":"8484886","type":"EURS","code":"EURS"},{"buy":"1.18","sell":"1.18","company":"1Coin","brand":"Cardano","updated":"2021-07-18 21:51:03","brand1":"C","day":"20210719","id":"8484162","type":"ADA","code":"ADA"},{"buy":"1.18","sell":"1.18","company":"1Coin","brand":"Enjin Coin","updated":"2021-07-19 00:03:24","brand1":"EC","day":"20210719","id":"8484813","type":"ENJ","code":"ENJ"},{"buy":"1.18","sell":"1.18","company":"1Coin","brand":"Unibright","updated":"2021-07-19 00:03:35","brand1":"U","day":"20210719","id":"8484846","type":"UBT","code":"BT"},{"buy":"1.14","sell":"1.14","company":"1Coin","brand":"Pundi X[new]","updated":"2021-07-19 00:03:44","brand1":"PX","day":"20210719","id":"8484875","type":"PUNDIX","code":"PUNDIX"},{"buy":"1.11","sell":"1.11","company":"1Coin","brand":"Mina","updated":"2021-07-18 22:01:31","brand1":"Mina","day":"20210719","id":"8484243","type":"MINA","code":"MINA"},{"buy":"1.06","sell":"1.06","company":"1Coin","brand":"Audius","updated":"2021-07-19 00:03:48","brand1":"A","day":"20210719","id":"8484882","type":"AUDIO","code":"UDIO"},{"buy":"1.01","sell":"1.01","company":"1Coin","brand":"Liquity USD","updated":"2021-07-19 00:03:43","brand1":"LU","day":"20210719","id":"8484867","type":"LUSD","code":"SD"},{"buy":"1.01","sell":"1.01","company":"1Coin","brand":"Stacks","updated":"2021-07-19 00:03:23","brand1":"S","day":"20210719","id":"8484806","type":"STX","code":"TX"},{"buy":"1.00","sell":"1.00","company":"1Coin","brand":"MiL.k","updated":"2021-07-19 00:03:55","brand1":"M","day":"20210719","id":"8484900","type":"MLK","code":"LK"},{"buy":"1.00","sell":"1.00","company":"1Coin","brand":"TerraUSD","updated":"2021-07-18 02:01:49","brand1":"T","day":"20210719","id":"8484311","type":"UST","code":"US"},{"buy":"0.99","sell":"0.99","company":"1Coin","brand":"Sologenic","updated":"2021-07-18 22:01:45","brand1":"S","day":"20210719","id":"8484297","type":"SOLO","code":"OLO"},{"buy":"0.98","sell":"0.98","company":"1Coin","brand":"WazirX","updated":"2021-07-18 22:01:29","brand1":"W","day":"20210719","id":"8484340","type":"WRX","code":"RX"},{"buy":"0.97","sell":"0.97","company":"1Coin","brand":"Polkastarter","updated":"2021-07-18 22:01:59","brand1":"P","day":"20210719","id":"8484274","type":"POLS","code":"OLS"},{"buy":"0.95","sell":"0.95","company":"1Coin","brand":"Ampleforth","updated":"2021-07-19 00:03:40","brand1":"A","day":"20210719","id":"8484857","type":"AMPL","code":"MPL"},{"buy":"0.94","sell":"0.94","company":"1Coin","brand":"DODO","updated":"2021-07-18 19:01:49","brand1":"DODO","day":"20210719","id":"8484184","type":"DODO","code":""},{"buy":"0.90","sell":"0.90","company":"1Coin","brand":"Ark","updated":"2021-07-18 16:06:05","brand1":"Ark","day":"20210719","id":"8484137","type":"ARK","code":"ARK"},{"buy":"0.90","sell":"0.90","company":"1Coin","brand":"Klaytn","updated":"2021-07-18 22:01:18","brand1":"K","day":"20210719","id":"8484226","type":"KLAY","code":"LAY"},{"buy":"0.88","sell":"0.88","company":"1Coin","brand":"HedgeTrade","updated":"2021-07-19 00:03:44","brand1":"H","day":"20210719","id":"8484874","type":"HEDG","code":"EDG"},{"buy":"0.88","sell":"0.88","company":"1Coin","brand":"WhiteCoin","updated":"2021-07-18 02:02:09","brand1":"W","day":"20210719","id":"8484341","type":"XWC","code":"XC"},{"buy":"0.82","sell":"0.82","company":"1Coin","brand":"TrustSwap","updated":"2021-07-18 02:02:21","brand1":"T","day":"20210719","id":"8484325","type":"SWAP","code":"SWAP"},{"buy":"0.81","sell":"0.81","company":"1Coin","brand":"Polygon","updated":"2021-07-18 21:51:04","brand1":"P","day":"20210719","id":"8484275","type":"MATIC","code":"MATIC"},{"buy":"0.78","sell":"0.78","company":"1Coin","brand":"Algorand","updated":"2021-07-18 22:01:17","brand1":"A","day":"20210719","id":"8484131","type":"ALGO","code":"LGO"},{"buy":"0.78","sell":"0.78","company":"1Coin","brand":"Storj","updated":"2021-07-18 22:01:30","brand1":"S","day":"20210719","id":"8484303","type":"STORJ","code":"TORJ"},{"buy":"0.76","sell":"0.76","company":"1Coin","brand":"Bitpanda Ecosystem Token","updated":"2021-07-18 00:02:10","brand1":"BET","day":"20210719","id":"8484161","type":"BEST","code":"BEST"},{"buy":"0.76","sell":"0.76","company":"1Coin","brand":"ICON","updated":"2021-07-18 22:01:26","brand1":"ICON","day":"20210719","id":"8484216","type":"ICX","code":"ICX"},{"buy":"0.74","sell":"0.74","company":"1Coin","brand":"Phala.Network","updated":"2021-07-19 00:03:39","brand1":"P","day":"20210719","id":"8484855","type":"PHA","code":"HA"},{"buy":"0.72","sell":"0.72","company":"1Coin","brand":"Origin Token","updated":"2021-07-18 22:01:30","brand1":"OT","day":"20210719","id":"8484265","type":"OGN","code":"OGN"},{"buy":"0.71","sell":"0.71","company":"1Coin","brand":"Doctors Coin","updated":"2021-07-19 00:03:47","brand1":"DC","day":"20210719","id":"8484879","type":"DRS","code":"DRS"},{"buy":"0.71","sell":"0.71","company":"1Coin","brand":"SafePal","updated":"2021-07-18 22:01:58","brand1":"S","day":"20210719","id":"8484292","type":"SFP","code":"FP"},{"buy":"0.69","sell":"0.69","company":"1Coin","brand":"Ontology Gas","updated":"2021-07-18 22:01:31","brand1":"OG","day":"20210719","id":"8484263","type":"ONG","code":"ONG"},{"buy":"0.67","sell":"0.67","company":"1Coin","brand":"IOTA","updated":"2021-07-18 22:01:18","brand1":"IOTA","day":"20210719","id":"8484222","type":"MIOTA","code":"M"},{"buy":"0.66","sell":"0.66","company":"1Coin","brand":"RNDR Token","updated":"2021-07-18 22:01:49","brand1":"RT","day":"20210719","id":"8484290","type":"RNDR","code":"RNDR"},{"buy":"0.65","sell":"0.65","company":"1Coin","brand":"EFFORCE","updated":"2021-07-19 00:03:56","brand1":"E","day":"20210719","id":"8484905","type":"WOZX","code":"WOZX"},{"buy":"0.65","sell":"0.65","company":"1Coin","brand":"Komodo","updated":"2021-07-19 00:03:53","brand1":"K","day":"20210719","id":"8484898","type":"KMD","code":"MD"},{"buy":"0.65","sell":"0.65","company":"1Coin","brand":"ZKSwap","updated":"2021-07-18 22:01:38","brand1":"Z","day":"20210719","id":"8484351","type":"ZKS","code":"KS"},{"buy":"0.63","sell":"0.63","company":"1Coin","brand":"Ontology","updated":"2021-07-19 00:03:27","brand1":"O","day":"20210719","id":"8484824","type":"ONT","code":"NT"},{"buy":"0.61","sell":"0.61","company":"1Coin","brand":"0x","updated":"2021-07-18 22:01:26","brand1":"0x","day":"20210719","id":"8484125","type":"ZRX","code":"ZRX"},{"buy":"0.61","sell":"0.61","company":"1Coin","brand":"Decentraland","updated":"2021-07-19 00:03:24","brand1":"D","day":"20210719","id":"8484810","type":"MANA","code":"MANA"},{"buy":"0.60","sell":"0.60","company":"1Coin","brand":"Orbit Chain","updated":"2021-07-18 14:03:52","brand1":"OC","day":"20210719","id":"8484264","type":"ORC","code":"ORC"},{"buy":"0.58","sell":"0.58","company":"1Coin","brand":"XRP","updated":"2021-07-18 21:51:03","brand1":"XRP","day":"20210719","id":"8484347","type":"XRP","code":""},{"buy":"0.57","sell":"0.57","company":"1Coin","brand":"Tribe","updated":"2021-07-18 22:01:47","brand1":"T","day":"20210719","id":"8484324","type":"TRIBE","code":"RIBE"},{"buy":"0.55","sell":"0.55","company":"1Coin","brand":"The Graph","updated":"2021-07-18 22:01:18","brand1":"TG","day":"20210719","id":"8484313","type":"GRT","code":"GRT"},{"buy":"0.54","sell":"0.54","company":"1Coin","brand":"SwissBorg","updated":"2021-07-18 14:03:33","brand1":"S","day":"20210719","id":"8484308","type":"CHSB","code":"CHB"},{"buy":"0.53","sell":"0.53","company":"1Coin","brand":"Newscrypto","updated":"2021-07-18 22:01:55","brand1":"N","day":"20210719","id":"8484252","type":"NWC","code":"WC"},{"buy":"0.52","sell":"0.52","company":"1Coin","brand":"Basic Attention Token","updated":"2021-07-18 22:01:23","brand1":"BAT","day":"20210719","id":"8484150","type":"BAT","code":""},{"buy":"0.52","sell":"0.52","company":"1Coin","brand":"Hxro","updated":"2021-07-18 22:01:38","brand1":"Hxro","day":"20210719","id":"8484215","type":"HXRO","code":"HXRO"},{"buy":"0.52","sell":"0.52","company":"1Coin","brand":"MaidSafeCoin","updated":"2021-07-18 22:01:30","brand1":"M","day":"20210719","id":"8484237","type":"MAID","code":"AID"},{"buy":"0.51","sell":"0.51","company":"1Coin","brand":"Alpha Finance Lab","updated":"2021-07-18 22:01:35","brand1":"AFL","day":"20210719","id":"8484133","type":"ALPHA","code":"ALPHA"},{"buy":"0.50","sell":"0.50","company":"1Coin","brand":"Ultra","updated":"2021-07-18 07:01:37","brand1":"U","day":"20210719","id":"8484326","type":"UOS","code":"OS"},{"buy":"0.49","sell":"0.49","company":"1Coin","brand":"Wanchain","updated":"2021-07-18 22:01:53","brand1":"W","day":"20210719","id":"8484338","type":"WAN","code":"AN"},{"buy":"0.46","sell":"0.46","company":"1Coin","brand":"The Sandbox","updated":"2021-07-18 22:01:27","brand1":"TS","day":"20210719","id":"8484314","type":"SAND","code":"SAND"},{"buy":"0.45","sell":"0.45","company":"1Coin","brand":"Rally","updated":"2021-07-18 22:01:54","brand1":"R","day":"20210719","id":"8484285","type":"RLY","code":"LY"},{"buy":"0.44","sell":"0.44","company":"1Coin","brand":"Automata Network","updated":"2021-07-18 22:01:58","brand1":"AN","day":"20210719","id":"8484141","type":"ATA","code":"ATA"},{"buy":"0.42","sell":"0.42","company":"1Coin","brand":"Rakon","updated":"2021-07-19 00:03:49","brand1":"R","day":"20210719","id":"8484888","type":"RKN","code":"KN"},{"buy":"0.41","sell":"0.41","company":"1Coin","brand":"Wootrade","updated":"2021-07-19 00:03:32","brand1":"W","day":"20210719","id":"8484839","type":"WOO","code":"OO"},{"buy":"0.39","sell":"0.39","company":"1Coin","brand":"Cartesi","updated":"2021-07-19 00:03:36","brand1":"C","day":"20210719","id":"8484853","type":"CTSI","code":"TSI"},{"buy":"0.39","sell":"0.39","company":"1Coin","brand":"Hathor","updated":"2021-07-18 12:02:13","brand1":"H","day":"20210719","id":"8484208","type":"HTR","code":"TR"},{"buy":"0.39","sell":"0.39","company":"1Coin","brand":"Ocean Protocol","updated":"2021-07-18 12:01:43","brand1":"OP","day":"20210719","id":"8484259","type":"OCEAN","code":"OCEAN"},{"buy":"0.37","sell":"0.37","company":"1Coin","brand":"Steem","updated":"2021-07-18 22:01:36","brand1":"S","day":"20210719","id":"8484300","type":"STEEM","code":"TEEM"},{"buy":"0.36","sell":"0.36","company":"1Coin","brand":"BitMax Token","updated":"2021-07-18 19:01:29","brand1":"BT","day":"20210719","id":"8484160","type":"BTMX","code":"MX"},{"buy":"0.32","sell":"0.32","company":"1Coin","brand":"Venus XVS","updated":"2021-07-19 00:03:56","brand1":"VX","day":"20210719","id":"8484908","type":"VXVS","code":"VS"},{"buy":"0.31","sell":"0.31","company":"1Coin","brand":"Ren","updated":"2021-07-18 22:01:27","brand1":"Ren","day":"20210719","id":"8484287","type":"REN","code":"REN"},{"buy":"0.29","sell":"0.29","company":"1Coin","brand":"Golem","updated":"2021-07-18 22:01:28","brand1":"G","day":"20210719","id":"8484207","type":"GNT","code":"NT"},{"buy":"0.29","sell":"0.29","company":"1Coin","brand":"Theta Fuel","updated":"2021-07-19 00:03:21","brand1":"TF","day":"20210719","id":"8484799","type":"TFUEL","code":"UEL"},{"buy":"0.26","sell":"0.26","company":"1Coin","brand":"Keep Network","updated":"2021-07-18 22:01:47","brand1":"KN","day":"20210719","id":"8484224","type":"KEEP","code":"KEEP"},{"buy":"0.26","sell":"0.26","company":"1Coin","brand":"Small Love Potion","updated":"2021-07-18 22:01:36","brand1":"SLP","day":"20210719","id":"8484295","type":"SLP","code":""},{"buy":"0.25","sell":"0.25","company":"1Coin","brand":"Chromia","updated":"2021-07-19 00:03:41","brand1":"C","day":"20210719","id":"8484860","type":"CHR","code":"HR"},{"buy":"0.25","sell":"0.25","company":"1Coin","brand":"Fetch.ai","updated":"2021-07-18 19:01:33","brand1":"F","day":"20210719","id":"8484200","type":"FET","code":"ET"},{"buy":"0.23","sell":"0.23","company":"1Coin","brand":"Stellar Lumens","updated":"2021-07-18 21:51:04","brand1":"SL","day":"20210719","id":"8484301","type":"XLM","code":"XLM"},{"buy":"0.21","sell":"0.21","company":"1Coin","brand":"SKALE","updated":"2021-07-18 17:01:30","brand1":"S","day":"20210719","id":"8484294","type":"SKL","code":"KL"},{"buy":"0.20","sell":"0.20","company":"1Coin","brand":"NKN","updated":"2021-07-18 22:01:36","brand1":"NKN","day":"20210719","id":"8484255","type":"NKN","code":""},{"buy":"0.20","sell":"0.20","company":"1Coin","brand":"NOIA Network","updated":"2021-07-18 22:01:57","brand1":"NN","day":"20210719","id":"8484256","type":"NOIA","code":"NOIA"},{"buy":"0.19","sell":"0.19","company":"1Coin","brand":"Dogecoin","updated":"2021-07-18 04:03:39","brand1":"D","day":"20210719","id":"8484185","type":"DOGE","code":"OGE"},{"buy":"0.19","sell":"0.19","company":"1Coin","brand":"Fantom","updated":"2021-07-18 20:01:26","brand1":"F","day":"20210719","id":"8484199","type":"FTM","code":"TM"},{"buy":"0.18","sell":"0.18","company":"1Coin","brand":"Alien Worlds","updated":"2021-07-19 00:03:47","brand1":"AW","day":"20210719","id":"8484878","type":"TLM","code":"TLM"},{"buy":"0.18","sell":"0.18","company":"1Coin","brand":"Polymath","updated":"2021-07-18 05:01:56","brand1":"P","day":"20210719","id":"8484276","type":"POLY","code":"OLY"},{"buy":"0.18","sell":"0.18","company":"1Coin","brand":"Power Ledger","updated":"2021-07-18 05:04:05","brand1":"PL","day":"20210719","id":"8484278","type":"POWR","code":"POWR"},{"buy":"0.17","sell":"0.17","company":"1Coin","brand":"ABBC Coin","updated":"2021-07-18 15:06:02","brand1":"AC","day":"20210719","id":"8484128","type":"ABBC","code":"ABBC"},{"buy":"0.15","sell":"0.15","company":"1Coin","brand":"HEX","updated":"2021-07-18 22:01:40","brand1":"HEX","day":"20210719","id":"8484211","type":"HEX","code":""},{"buy":"0.14","sell":"0.14","company":"1Coin","brand":"NEM","updated":"2021-07-18 12:01:35","brand1":"NEM","day":"20210719","id":"8484250","type":"XEM","code":"XEM"},{"buy":"0.13","sell":"0.13","company":"1Coin","brand":"Radix","updated":"2021-07-18 20:01:54","brand1":"R","day":"20210719","id":"8484283","type":"EXRD","code":"EXD"},{"buy":"0.10","sell":"0.10","company":"1Coin","brand":"Casper","updated":"2021-07-18 02:02:17","brand1":"C","day":"20210719","id":"8484163","type":"CSPR","code":"SPR"},{"buy":"0.01","sell":"0.01","company":"1Coin","brand":"Electroneum","updated":"2021-07-18 02:02:10","brand1":"E","day":"20210719","id":"8484187","type":"ETN","code":"TN"}]}],"time":4,"excute1_time":0,"excute2_time":3,"excute3_time":0,"count1":0,"count2":322}