
{"golds":[{"updated":"2021-07-20 08:44:37","date":"20210720","gold":[],"value":[{"buy":"56,920.00","sell":"57,600.00","company":"SJC","brand":"Long Xuyên","updated":"2021-07-20 08:44:37","brand1":"LX","day":"20210720","id":"8495710","type":"Vàng SJC","code":""},{"buy":"56,900.00","sell":"57,570.00","company":"SJC","brand":"Bạc Liêu","updated":"2021-07-20 08:44:37","brand1":"BL","day":"20210720","id":"8495711","type":"Vàng SJC","code":""},{"buy":"56,900.00","sell":"57,550.00","company":"SJC","brand":"Biên Hòa","updated":"2021-07-20 08:44:37","brand1":"BH","day":"20210720","id":"8495707","type":"Vàng SJC","code":""},{"buy":"56,900.00","sell":"57,570.00","company":"SJC","brand":"Cà Mau","updated":"2021-07-20 08:44:37","brand1":"CM","day":"20210720","id":"8495704","type":"Vàng SJC","code":""},{"buy":"56,900.00","sell":"57,570.00","company":"SJC","brand":"Hà Nội","updated":"2021-07-20 08:44:37","brand1":"HN","day":"20210720","id":"8495701","type":"Vàng SJC","code":""},{"buy":"56,900.00","sell":"57,550.00","company":"SJC","brand":"Hồ Chí Minh","updated":"2021-07-20 08:44:37","brand1":"HCM","day":"20210720","id":"8495692","type":"Vàng SJC 1L","code":""},{"buy":"56,900.00","sell":"57,550.00","company":"SJC","brand":"Miền Tây","updated":"2021-07-20 08:44:37","brand1":"MT","day":"20210720","id":"8495708","type":"Vàng SJC","code":""},{"buy":"56,900.00","sell":"57,570.00","company":"SJC","brand":"Nha Trang","updated":"2021-07-20 08:44:37","brand1":"NT","day":"20210720","id":"8495703","type":"Vàng SJC","code":""},{"buy":"56,900.00","sell":"57,550.00","company":"SJC","brand":"Quãng Ngãi","updated":"2021-07-20 08:44:37","brand1":"QN","day":"20210720","id":"8495709","type":"Vàng SJC","code":""},{"buy":"56,900.00","sell":"57,570.00","company":"SJC","brand":"Đà  Nẵng","updated":"2021-07-20 08:44:37","brand1":"ĐN","day":"20210720","id":"8495702","type":"Vàng SJC","code":""},{"buy":"56,880.00","sell":"57,570.00","company":"SJC","brand":"Bình Phước","updated":"2021-07-20 08:44:37","brand1":"BP","day":"20210720","id":"8495706","type":"Vàng SJC","code":""},{"buy":"56,880.00","sell":"57,570.00","company":"SJC","brand":"Hạ Long","updated":"2021-07-20 08:44:37","brand1":"HL","day":"20210720","id":"8495714","type":"Vàng SJC","code":""},{"buy":"56,880.00","sell":"57,570.00","company":"SJC","brand":"Phan Rang","updated":"2021-07-20 08:44:37","brand1":"PR","day":"20210720","id":"8495713","type":"Vàng SJC","code":""},{"buy":"56,880.00","sell":"57,570.00","company":"SJC","brand":"Quảng Nam","updated":"2021-07-20 08:44:37","brand1":"QN","day":"20210720","id":"8495715","type":"Vàng SJC","code":""},{"buy":"56,880.00","sell":"57,570.00","company":"SJC","brand":"Quy Nhơn","updated":"2021-07-20 08:44:37","brand1":"QN","day":"20210720","id":"8495712","type":"Vàng SJC","code":""},{"buy":"56,870.00","sell":"57,580.00","company":"SJC","brand":"Huế","updated":"2021-07-20 08:44:37","brand1":"Huế","day":"20210720","id":"8495705","type":"Vàng SJC","code":""},{"buy":"51,350.00","sell":"52,150.00","company":"SJC","brand":"Hồ Chí Minh","updated":"2021-07-20 08:44:37","brand1":"HCM","day":"20210720","id":"8495695","type":"Vàng nhẫn SJC 99,99 0,5 chỉ","code":"nhẫn  99,99 0,5 chỉ"},{"buy":"51,350.00","sell":"52,050.00","company":"SJC","brand":"Hồ Chí Minh","updated":"2021-07-20 08:44:37","brand1":"HCM","day":"20210720","id":"8495693","type":"Vàng nhẫn SJC 99,99 1 chỉ, 2 chỉ, 5 chỉ","code":"nhẫn  99,99 1 chỉ, 2 chỉ, 5 chỉ"},{"buy":"51,050.00","sell":"51,750.00","company":"SJC","brand":"Hồ Chí Minh","updated":"2021-07-20 08:44:37","brand1":"HCM","day":"20210720","id":"8495696","type":"Vàng nữ trang 99,99%","code":"nữ trang 99,99%"},{"buy":"50,238.00","sell":"51,238.00","company":"SJC","brand":"Hồ Chí Minh","updated":"2021-07-20 08:44:37","brand1":"HCM","day":"20210720","id":"8495697","type":"Vàng nữ trang 99%","code":"nữ trang 99%"},{"buy":"36,966.00","sell":"38,966.00","company":"SJC","brand":"Hồ Chí Minh","updated":"2021-07-20 08:44:37","brand1":"HCM","day":"20210720","id":"8495698","type":"Vàng nữ trang 75%","code":"nữ trang 75%"},{"buy":"28,323.00","sell":"30,323.00","company":"SJC","brand":"Hồ Chí Minh","updated":"2021-07-20 08:44:37","brand1":"HCM","day":"20210720","id":"8495699","type":"Vàng nữ trang 58,3%","code":"nữ trang 58,3%"},{"buy":"19,732.00","sell":"21,732.00","company":"SJC","brand":"Hồ Chí Minh","updated":"2021-07-20 08:44:37","brand1":"HCM","day":"20210720","id":"8495700","type":"Vàng nữ trang 41,7%","code":"nữ trang 41,7%"},{"buy":"56,850.00","sell":"57,550.00","company":"DOJI","brand":"Hồ Chí Minh","updated":"2021-07-20 17:02:00","brand1":"HCM","day":"20210720","id":"8500521","type":"AVPL \/ DOJI HCM buôn","code":"AVPL \/   buôn"},{"buy":"56,850.00","sell":"57,550.00","company":"DOJI","brand":"Hồ Chí Minh","updated":"2021-07-20 17:02:00","brand1":"HCM","day":"20210720","id":"8500520","type":"AVPL \/ DOJI HCM lẻ","code":"AVPL \/"},{"buy":"56,800.00","sell":"57,500.00","company":"DOJI","brand":"","updated":"2021-07-20 17:02:00","brand1":"","day":"20210720","id":"8500527","type":"AVPL \/ DOJI CT buôn","code":"AVPL \/  CT buôn"},{"buy":"56,800.00","sell":"57,500.00","company":"DOJI","brand":"","updated":"2021-07-20 17:02:00","brand1":"","day":"20210720","id":"8500526","type":"AVPL \/ DOJI CT lẻ","code":"AVPL \/  CT"},{"buy":"56,800.00","sell":"57,600.00","company":"DOJI","brand":"","updated":"2021-07-20 17:02:00","brand1":"","day":"20210720","id":"8500523","type":"AVPL \/ DOJI ĐN buôn","code":"AVPL \/  ĐN buôn"},{"buy":"56,800.00","sell":"57,600.00","company":"DOJI","brand":"","updated":"2021-07-20 17:02:00","brand1":"","day":"20210720","id":"8500522","type":"AVPL \/ DOJI ĐN lẻ","code":"AVPL \/  ĐN"},{"buy":"56,800.00","sell":"57,550.00","company":"DOJI","brand":"Hà Nội","updated":"2021-07-20 17:02:00","brand1":"HN","day":"20210720","id":"8500519","type":"AVPL \/ DOJI HN buôn","code":"AVPL \/   buôn"},{"buy":"56,800.00","sell":"57,550.00","company":"DOJI","brand":"Hà Nội","updated":"2021-07-20 17:02:00","brand1":"HN","day":"20210720","id":"8500518","type":"AVPL \/ DOJI HN lẻ","code":"AVPL \/"},{"buy":"51,250.00","sell":"51,650.00","company":"DOJI","brand":"Hà Nội","updated":"2021-07-20 17:02:00","brand1":"HN","day":"20210720","id":"8500524","type":"Nguyên liêu 9999 - HN","code":"Nguyên liêu 9999 -"},{"buy":"51,200.00","sell":"51,600.00","company":"DOJI","brand":"Hà Nội","updated":"2021-07-20 17:02:00","brand1":"HN","day":"20210720","id":"8500525","type":"Nguyên liêu 999 - HN","code":"Nguyên liêu 999 -"},{"buy":"5,685.00","sell":"5,755.00","company":"DOJI","brand":"Hồ Chí Minh","updated":"2021-07-20 17:02:00","brand1":"HCM","day":"20210720","id":"8500506","type":"Kim Ngưu","code":"Kim Ngưu"},{"buy":"5,685.00","sell":"5,755.00","company":"DOJI","brand":"Hồ Chí Minh","updated":"2021-07-20 17:02:00","brand1":"HCM","day":"20210720","id":"8500507","type":"Kim Thần Tài","code":"Kim Thần Tài"},{"buy":"5,685.00","sell":"5,755.00","company":"DOJI","brand":"Hồ Chí Minh","updated":"2021-07-20 17:02:00","brand1":"HCM","day":"20210720","id":"8500508","type":"Lộc Phát Tài","code":"Lộc Phát Tài"},{"buy":"5,680.00","sell":"5,760.00","company":"DOJI","brand":"","updated":"2021-07-20 17:02:00","brand1":"","day":"20210720","id":"8500498","type":"Kim Thần Tài","code":"Kim Thần Tài"},{"buy":"5,680.00","sell":"5,760.00","company":"DOJI","brand":"","updated":"2021-07-20 17:02:00","brand1":"","day":"20210720","id":"8500497","type":"Lộc Phát Tài","code":"Lộc Phát Tài"},{"buy":"5,680.00","sell":"5,755.00","company":"DOJI","brand":"Hà Nội","updated":"2021-07-20 17:02:00","brand1":"HN","day":"20210720","id":"8500484","type":"Kim Ngân Tài","code":"Kim Ngân Tài"},{"buy":"5,680.00","sell":"5,755.00","company":"DOJI","brand":"Hà Nội","updated":"2021-07-20 17:02:00","brand1":"HN","day":"20210720","id":"8500481","type":"Kim Ngưu","code":"Kim Ngưu"},{"buy":"5,680.00","sell":"5,755.00","company":"DOJI","brand":"Hà Nội","updated":"2021-07-20 17:02:00","brand1":"HN","day":"20210720","id":"8500482","type":"Kim Thần Tài","code":"Kim Thần Tài"},{"buy":"5,680.00","sell":"5,755.00","company":"DOJI","brand":"Hà Nội","updated":"2021-07-20 17:02:00","brand1":"HN","day":"20210720","id":"8500483","type":"Lộc Phát Tài","code":"Lộc Phát Tài"},{"buy":"5,130.00","sell":"5,195.00","company":"DOJI","brand":"Hà Nội","updated":"2021-07-20 17:02:00","brand1":"HN","day":"20210720","id":"8500485","type":"Hưng Thịnh Vượng","code":"Hưng Thịnh Vượng"},{"buy":"5,130.00","sell":"5,165.00","company":"DOJI","brand":"Hồ Chí Minh","updated":"2021-07-20 17:02:00","brand1":"HCM","day":"20210720","id":"8500510","type":"Nguyên liệu 9999","code":"Nguyên liệu 9999"},{"buy":"5,130.00","sell":"5,195.00","company":"DOJI","brand":"Hồ Chí Minh","updated":"2021-07-20 17:02:00","brand1":"HCM","day":"20210720","id":"8500509","type":"Nhẫn H.T.V","code":"Nhẫn H.T.V"},{"buy":"5,125.00","sell":"5,165.00","company":"DOJI","brand":"Hà Nội","updated":"2021-07-20 17:02:00","brand1":"HN","day":"20210720","id":"8500486","type":"Nguyên liệu 99.99","code":"Nguyên liệu 99.99"},{"buy":"5,125.00","sell":"5,160.00","company":"DOJI","brand":"Hồ Chí Minh","updated":"2021-07-20 17:02:00","brand1":"HCM","day":"20210720","id":"8500511","type":"Nguyên liệu 999","code":"Nguyên liệu 999"},{"buy":"5,122.00","sell":"5,167.00","company":"DOJI","brand":"","updated":"2021-07-20 17:02:00","brand1":"","day":"20210720","id":"8500495","type":"Nguyên liệu 9999","code":"Nguyên liệu 9999"},{"buy":"5,120.00","sell":"5,160.00","company":"DOJI","brand":"Hà Nội","updated":"2021-07-20 17:02:00","brand1":"HN","day":"20210720","id":"8500487","type":"Nguyên liệu 99.9","code":"Nguyên liệu 99.9"},{"buy":"5,118.00","sell":"5,162.00","company":"DOJI","brand":"","updated":"2021-07-20 17:02:00","brand1":"","day":"20210720","id":"8500496","type":"Nguyên liệu 999","code":"Nguyên liệu 999"},{"buy":"5,095.00","sell":"5,195.00","company":"DOJI","brand":"Hà Nội","updated":"2021-07-20 17:02:00","brand1":"HN","day":"20210720","id":"8500488","type":"Nữ trang 99.99","code":"Nữ trang 99.99"},{"buy":"5,095.00","sell":"5,195.00","company":"DOJI","brand":"Hồ Chí Minh","updated":"2021-07-20 17:02:00","brand1":"HCM","day":"20210720","id":"8500512","type":"Nữ trang 99.99","code":"Nữ trang 99.99"},{"buy":"5,095.00","sell":"5,195.00","company":"DOJI","brand":"Nhẫn DOJI Hưng Thịnh Vượng","updated":"2021-07-20 17:02:00","brand1":"NDHTV","day":"20210720","id":"8500499","type":"Nữ trang 99.99","code":"Nữ trang 99.99"},{"buy":"5,085.00","sell":"5,185.00","company":"DOJI","brand":"Hà Nội","updated":"2021-07-20 17:02:00","brand1":"HN","day":"20210720","id":"8500489","type":"Nữ trang 99.9","code":"Nữ trang 99.9"},{"buy":"5,085.00","sell":"5,185.00","company":"DOJI","brand":"Hồ Chí Minh","updated":"2021-07-20 17:02:00","brand1":"HCM","day":"20210720","id":"8500513","type":"Nữ trang 99.9","code":"Nữ trang 99.9"},{"buy":"5,085.00","sell":"5,185.00","company":"DOJI","brand":"Nhẫn DOJI Hưng Thịnh Vượng","updated":"2021-07-20 17:02:00","brand1":"NDHTV","day":"20210720","id":"8500500","type":"Nữ trang 99.9","code":"Nữ trang 99.9"},{"buy":"5,015.00","sell":"5,150.00","company":"DOJI","brand":"Hà Nội","updated":"2021-07-20 17:02:00","brand1":"HN","day":"20210720","id":"8500490","type":"Nữ trang 99","code":"Nữ trang 99"},{"buy":"5,015.00","sell":"5,150.00","company":"DOJI","brand":"Hồ Chí Minh","updated":"2021-07-20 17:02:00","brand1":"HCM","day":"20210720","id":"8500514","type":"Nữ trang 99","code":"Nữ trang 99"},{"buy":"5,015.00","sell":"5,150.00","company":"DOJI","brand":"Nhẫn DOJI Hưng Thịnh Vượng","updated":"2021-07-20 17:02:00","brand1":"NDHTV","day":"20210720","id":"8500501","type":"Nữ trang 99","code":"Nữ trang 99"},{"buy":"3,796.00","sell":"3,996.00","company":"DOJI","brand":"Hà Nội","updated":"2021-07-20 17:02:00","brand1":"HN","day":"20210720","id":"8500491","type":"Nữ trang 18k","code":"Nữ trang 18k"},{"buy":"3,796.00","sell":"3,996.00","company":"DOJI","brand":"Hồ Chí Minh","updated":"2021-07-20 17:02:00","brand1":"HCM","day":"20210720","id":"8500515","type":"Nữ Trang 18k","code":"Nữ Trang 18k"},{"buy":"3,796.00","sell":"3,996.00","company":"DOJI","brand":"Nhẫn DOJI Hưng Thịnh Vượng","updated":"2021-07-20 17:02:00","brand1":"NDHTV","day":"20210720","id":"8500502","type":"Nữ trang 18k","code":"Nữ trang 18k"},{"buy":"3,420.00","sell":"3,720.00","company":"DOJI","brand":"Hà Nội","updated":"2021-07-20 17:02:00","brand1":"HN","day":"20210720","id":"8500492","type":"Nữ trang 16k","code":"Nữ trang 16k"},{"buy":"3,420.00","sell":"3,720.00","company":"DOJI","brand":"Nhẫn DOJI Hưng Thịnh Vượng","updated":"2021-07-20 17:02:00","brand1":"NDHTV","day":"20210720","id":"8500503","type":"Nữ trang 68","code":"Nữ trang 68"},{"buy":"2,850.00","sell":"3,050.00","company":"DOJI","brand":"Hà Nội","updated":"2021-07-20 17:02:00","brand1":"HN","day":"20210720","id":"8500493","type":"Nữ trang 14k","code":"Nữ trang 14k"},{"buy":"2,850.00","sell":"3,050.00","company":"DOJI","brand":"Hồ Chí Minh","updated":"2021-07-20 17:02:00","brand1":"HCM","day":"20210720","id":"8500516","type":"Nữ Trang 14k","code":"Nữ Trang 14k"},{"buy":"2,850.00","sell":"3,050.00","company":"DOJI","brand":"Nhẫn DOJI Hưng Thịnh Vượng","updated":"2021-07-20 17:02:00","brand1":"NDHTV","day":"20210720","id":"8500504","type":"Nữ trang 14k","code":"Nữ trang 14k"},{"buy":"2,718.00","sell":"2,788.00","company":"DOJI","brand":"Hồ Chí Minh","updated":"2021-07-20 17:02:00","brand1":"HCM","day":"20210720","id":"8500517","type":"Nữ trang 68","code":"Nữ trang 68"},{"buy":"1,426.00","sell":"1,576.00","company":"DOJI","brand":"Hà Nội","updated":"2021-07-20 17:02:00","brand1":"HN","day":"20210720","id":"8500494","type":"Nữ trang 10k","code":"Nữ trang 10k"},{"buy":"1,426.00","sell":"1,576.00","company":"DOJI","brand":"Nhẫn DOJI Hưng Thịnh Vượng","updated":"2021-07-20 17:02:00","brand1":"NDHTV","day":"20210720","id":"8500505","type":"Nữ trang 10k","code":"Nữ trang 10k"},{"buy":"56,900.00","sell":"57,570.00","company":"3BANKS","brand":"VIETINBANK GOLD","updated":"2021-07-19 09:24:35","brand1":"VG","day":"20210720","id":"8492879","type":"SJC","code":"SJC"},{"buy":"56,800.00","sell":"57,600.00","company":"3BANKS","brand":"SCB","updated":"2021-07-20 07:58:27","brand1":"SCB","day":"20210720","id":"8495148","type":"SJC","code":"SJC"},{"buy":"56,550.00","sell":"57,850.00","company":"3BANKS","brand":"MARITIME BANK","updated":"2021-07-20 10:33:26","brand1":"MB","day":"20210720","id":"8496059","type":"SJC","code":"SJC"},{"buy":"52,800.00","sell":"53,800.00","company":"3BANKS","brand":"SACOMBANK","updated":"2021-07-20 17:42:13","brand1":"S","day":"20210720","id":"8500593","type":"SJC","code":"JC"},{"buy":"56,950.00","sell":"57,250.00","company":"2GROUP","brand":"Mi Hồng SJC","updated":"2021-07-18 00:05:11","brand1":"MHS","day":"20210720","id":"8492870","type":"SJC","code":"SJC"},{"buy":"56,950.00","sell":"57,550.00","company":"2GROUP","brand":"PHÚ QUÝ SJC","updated":"2021-07-20 15:58:44","brand1":"PQS","day":"20210720","id":"8499748","type":"SJC","code":"SJC"},{"buy":"56,900.00","sell":"57,550.00","company":"2GROUP","brand":"PNJ SJC","updated":"2021-07-20 10:02:13","brand1":"PS","day":"20210720","id":"8495900","type":"SJC","code":"SJC"},{"buy":"51,600.00","sell":"53,000.00","company":"2GROUP","brand":"PNJ 1L","updated":"2021-07-20 14:30:50","brand1":"P1","day":"20210720","id":"8499477","type":"SJC","code":"SJC"},{"buy":"1,810.00","sell":"1,811.00","company":"2GROUP","brand":"SPOT GOLD","updated":"2021-07-20 23:44:06","brand1":"SG","day":"20210720","id":"8501793","type":"SJC","code":"SJC"},{"buy":"66.85","sell":"66.85","company":"2GROUP","brand":"OIL","updated":"2021-07-20 23:44:06","brand1":"OIL","day":"20210720","id":"8501794","type":"SJC","code":"SJC"},{"buy":"51,400.00","sell":"52,200.00","company":"1OTHER","brand":"Nhẫn PHÚ QUÝ 24K","updated":"2021-07-20 08:39:29","brand1":"NPQ2","day":"20210720","id":"8495603","type":"SJC","code":"SJC"},{"buy":"51,400.00","sell":"52,000.00","company":"1OTHER","brand":"PNJ Nhẫn 24K","updated":"2021-07-20 14:30:50","brand1":"PN2","day":"20210720","id":"8499479","type":"SJC","code":"SJC"},{"buy":"51,350.00","sell":"52,050.00","company":"1OTHER","brand":"Nhẫn SJC 99,99","updated":"2021-07-20 08:44:37","brand1":"NS9","day":"20210720","id":"8495694","type":"SJC*","code":"SJC*"},{"buy":"51,100.00","sell":"51,450.00","company":"1OTHER","brand":"Mi Hồng 999","updated":"2021-07-18 00:05:11","brand1":"MH9","day":"20210720","id":"8492862","type":"SJC","code":"SJC"},{"buy":"50,900.00","sell":"51,700.00","company":"1OTHER","brand":"PNJ NT 24K","updated":"2021-07-20 14:30:50","brand1":"PN2","day":"20210720","id":"8499478","type":"SJC","code":"SJC"},{"buy":"50,100.00","sell":"51,100.00","company":"1OTHER","brand":"Mi Hồng 985","updated":"2021-07-18 00:05:11","brand1":"MH9","day":"20210720","id":"8492861","type":"SJC","code":"SJC"},{"buy":"49,900.00","sell":"50,900.00","company":"1OTHER","brand":"Mi Hồng 980","updated":"2021-07-18 00:05:11","brand1":"MH9","day":"20210720","id":"8492860","type":"SJC","code":"SJC"},{"buy":"37,530.00","sell":"38,930.00","company":"1OTHER","brand":"PNJ NT 18K","updated":"2021-07-20 14:30:50","brand1":"PN1","day":"20210720","id":"8499480","type":"SJC","code":"SJC"},{"buy":"33,700.00","sell":"35,700.00","company":"1OTHER","brand":"Mi Hồng 750","updated":"2021-07-18 00:05:11","brand1":"MH7","day":"20210720","id":"8492858","type":"SJC","code":"SJC"},{"buy":"31,000.00","sell":"32,700.00","company":"1OTHER","brand":"Mi Hồng 680","updated":"2021-07-18 00:05:11","brand1":"MH6","day":"20210720","id":"8492857","type":"SJC","code":"SJC"},{"buy":"30,000.00","sell":"31,700.00","company":"1OTHER","brand":"Mi Hồng 610","updated":"2021-07-18 00:05:11","brand1":"MH6","day":"20210720","id":"8492856","type":"SJC","code":"SJC"},{"buy":"29,000.00","sell":"30,400.00","company":"1OTHER","brand":"PNJ NT 14K","updated":"2021-07-20 14:30:50","brand1":"PN1","day":"20210720","id":"8499481","type":"SJC","code":"SJC"},{"buy":"20,260.00","sell":"21,660.00","company":"1OTHER","brand":"PNJ NT 10K","updated":"2021-07-20 14:30:50","brand1":"PN1","day":"20210720","id":"8499482","type":"SJC","code":"SJC"},{"buy":"0.00","sell":"48,200.00","company":"1OTHER","brand":"Mi Hồng 950","updated":"2021-07-18 00:05:11","brand1":"MH9","day":"20210720","id":"8492859","type":"SJC","code":"SJC"},{"buy":"29,804.38","sell":"29,804.38","company":"1Coin","brand":"Huobi BTC","updated":"2021-07-20 18:05:29","brand1":"HB","day":"20210720","id":"8500914","type":"HBTC","code":"TC"},{"buy":"29,780.80","sell":"29,780.80","company":"1Coin","brand":"Bitcoin","updated":"2021-07-20 23:40:40","brand1":"B","day":"20210720","id":"8501778","type":"BTC","code":"TC"},{"buy":"29,745.13","sell":"29,745.13","company":"1Coin","brand":"Wrapped Bitcoin","updated":"2021-07-20 23:40:42","brand1":"WB","day":"20210720","id":"8501786","type":"WBTC","code":"TC"},{"buy":"29,680.32","sell":"29,680.32","company":"1Coin","brand":"Bitcoin BEP2","updated":"2021-07-20 18:05:02","brand1":"BB","day":"20210720","id":"8500670","type":"BTCB","code":"BTCB"},{"buy":"29,566.89","sell":"29,566.89","company":"1Coin","brand":"renBTC","updated":"2021-07-20 18:05:13","brand1":"r","day":"20210720","id":"8500787","type":"RENBTC","code":"RENBTC"},{"buy":"25,424.44","sell":"25,424.44","company":"1Coin","brand":"yearn.finance","updated":"2021-07-20 18:05:07","brand1":"y","day":"20210720","id":"8500709","type":"YFI","code":"YFI"},{"buy":"6,207.11","sell":"6,207.11","company":"1Coin","brand":"cVault.finance","updated":"2021-07-20 18:05:47","brand1":"c","day":"20210720","id":"8501110","type":"CORE","code":"CORE"},{"buy":"2,274.34","sell":"2,274.34","company":"1Coin","brand":"DFI.Money","updated":"2021-07-20 18:05:40","brand1":"D","day":"20210720","id":"8500989","type":"YFII","code":"YFII"},{"buy":"2,173.41","sell":"2,173.41","company":"1Coin","brand":"Maker","updated":"2021-07-20 18:05:02","brand1":"M","day":"20210720","id":"8500675","type":"MKR","code":"KR"},{"buy":"1,825.08","sell":"1,825.08","company":"1Coin","brand":"PAX Gold","updated":"2021-07-20 18:05:27","brand1":"PG","day":"20210720","id":"8500894","type":"PAXG","code":"PAXG"},{"buy":"1,793.26","sell":"1,793.26","company":"1Coin","brand":"Ethereum","updated":"2021-07-20 23:40:41","brand1":"E","day":"20210720","id":"8501779","type":"ETH","code":"TH"},{"buy":"1,793.26","sell":"1,793.26","company":"1Coin","brand":"Ethereum 2","updated":"2021-07-20 23:40:41","brand1":"E2","day":"20210720","id":"8501780","type":"ETH2","code":"ETH2"},{"buy":"1,771.87","sell":"1,771.87","company":"1Coin","brand":"stETH","updated":"2021-07-20 18:05:30","brand1":"s","day":"20210720","id":"8500915","type":"STETH","code":"STETH"},{"buy":"597.38","sell":"597.38","company":"1Coin","brand":"Venus BTC","updated":"2021-07-20 18:05:36","brand1":"VB","day":"20210720","id":"8500972","type":"VBTC","code":"TC"},{"buy":"400.73","sell":"400.73","company":"1Coin","brand":"Bitcoin Cash","updated":"2021-07-20 23:40:42","brand1":"BC","day":"20210720","id":"8501783","type":"BCH","code":"H"},{"buy":"322.68","sell":"322.68","company":"1Coin","brand":"Compound","updated":"2021-07-20 18:05:03","brand1":"C","day":"20210720","id":"8500681","type":"COMP","code":"OMP"},{"buy":"268.20","sell":"268.20","company":"1Coin","brand":"Binance Coin","updated":"2021-07-20 23:40:41","brand1":"BC","day":"20210720","id":"8501781","type":"BNB","code":"BNB"},{"buy":"259.40","sell":"259.40","company":"1Coin","brand":"Wrapped BNB","updated":"2021-07-20 18:05:29","brand1":"WB","day":"20210720","id":"8500912","type":"WBNB","code":"NB"},{"buy":"231.15","sell":"231.15","company":"1Coin","brand":"Alchemix","updated":"2021-07-20 18:05:46","brand1":"A","day":"20210720","id":"8501063","type":"ALCX","code":"LCX"},{"buy":"225.19","sell":"225.19","company":"1Coin","brand":"Aave","updated":"2021-07-20 23:40:44","brand1":"Aave","day":"20210720","id":"8501792","type":"AAVE","code":"AAVE"},{"buy":"186.82","sell":"186.82","company":"1Coin","brand":"Monero","updated":"2021-07-20 23:40:43","brand1":"M","day":"20210720","id":"8501791","type":"XMR","code":"XR"},{"buy":"172.20","sell":"172.20","company":"1Coin","brand":"Gnosis","updated":"2021-07-20 18:05:16","brand1":"G","day":"20210720","id":"8500801","type":"GNO","code":"NO"},{"buy":"148.81","sell":"148.81","company":"1Coin","brand":"Cream Finance","updated":"2021-07-20 18:05:38","brand1":"CF","day":"20210720","id":"8500986","type":"CREAM","code":"CREAM"},{"buy":"145.10","sell":"145.10","company":"1Coin","brand":"Kusama","updated":"2021-07-20 18:05:04","brand1":"K","day":"20210720","id":"8500691","type":"KSM","code":"SM"},{"buy":"117.99","sell":"117.99","company":"1Coin","brand":"Dash","updated":"2021-07-20 18:05:05","brand1":"Dash","day":"20210720","id":"8500697","type":"DASH","code":"DASH"},{"buy":"112.78","sell":"112.78","company":"1Coin","brand":"Bitcoin SV","updated":"2021-07-20 18:05:03","brand1":"BS","day":"20210720","id":"8500676","type":"BSV","code":"V"},{"buy":"108.76","sell":"108.76","company":"1Coin","brand":"Litecoin","updated":"2021-07-20 23:40:42","brand1":"L","day":"20210720","id":"8501784","type":"LTC","code":"TC"},{"buy":"108.10","sell":"108.10","company":"1Coin","brand":"Illuvium","updated":"2021-07-18 14:04:06","brand1":"I","day":"20210720","id":"8492706","type":"ILV","code":"LV"},{"buy":"107.06","sell":"107.06","company":"1Coin","brand":"KeeperDAO","updated":"2021-07-20 18:05:47","brand1":"K","day":"20210720","id":"8501091","type":"ROOK","code":"ROO"},{"buy":"101.13","sell":"101.13","company":"1Coin","brand":"Counos X","updated":"2021-07-20 18:05:28","brand1":"CX","day":"20210720","id":"8500909","type":"CCXX","code":"CX"},{"buy":"92.58","sell":"92.58","company":"1Coin","brand":"Decred","updated":"2021-07-20 18:05:04","brand1":"D","day":"20210720","id":"8500695","type":"DCR","code":"CR"},{"buy":"85.00","sell":"85.00","company":"1Coin","brand":"Zcash","updated":"2021-07-20 18:05:06","brand1":"Z","day":"20210720","id":"8500706","type":"ZEC","code":"EC"},{"buy":"67.92","sell":"67.92","company":"1Coin","brand":"Elrond","updated":"2021-07-20 18:05:04","brand1":"E","day":"20210720","id":"8500686","type":"EGLD","code":"GLD"},{"buy":"66.95","sell":"66.95","company":"1Coin","brand":"NXM","updated":"2021-07-20 18:05:32","brand1":"NXM","day":"20210720","id":"8500930","type":"NXM","code":""},{"buy":"64.01","sell":"64.01","company":"1Coin","brand":"Enzyme","updated":"2021-07-20 18:05:26","brand1":"E","day":"20210720","id":"8500890","type":"MLN","code":"MLN"},{"buy":"57.07","sell":"57.07","company":"1Coin","brand":"Quant","updated":"2021-07-20 18:05:08","brand1":"Q","day":"20210720","id":"8500746","type":"QNT","code":"NT"},{"buy":"44.80","sell":"44.80","company":"1Coin","brand":"Wrapped NXM","updated":"2021-07-20 18:05:42","brand1":"WN","day":"20210720","id":"8501006","type":"WNXM","code":"XM"},{"buy":"42.36","sell":"42.36","company":"1Coin","brand":"Filecoin","updated":"2021-07-20 23:40:43","brand1":"F","day":"20210720","id":"8501789","type":"FIL","code":"IL"},{"buy":"41.87","sell":"41.87","company":"1Coin","brand":"Horizen","updated":"2021-07-20 18:05:11","brand1":"H","day":"20210720","id":"8500770","type":"ZEN","code":"ZEN"},{"buy":"39.01","sell":"39.01","company":"1Coin","brand":"Ethereum Classic","updated":"2021-07-20 23:40:42","brand1":"EC","day":"20210720","id":"8501787","type":"ETC","code":"ETC"},{"buy":"35.37","sell":"35.37","company":"1Coin","brand":"Venus ETH","updated":"2021-07-20 18:05:44","brand1":"VE","day":"20210720","id":"8501024","type":"VETH","code":"TH"},{"buy":"35.17","sell":"35.17","company":"1Coin","brand":"Bitcoin Gold","updated":"2021-07-20 18:05:09","brand1":"BG","day":"20210720","id":"8500752","type":"BTG","code":"BTG"},{"buy":"32.44","sell":"32.44","company":"1Coin","brand":"Strike","updated":"2021-07-20 18:05:28","brand1":"S","day":"20210720","id":"8500902","type":"STRK","code":"TRK"},{"buy":"28.44","sell":"28.44","company":"1Coin","brand":"Internet Computer","updated":"2021-07-20 23:40:43","brand1":"IC","day":"20210720","id":"8501788","type":"ICP","code":"P"},{"buy":"27.65","sell":"27.65","company":"1Coin","brand":"Numeraire","updated":"2021-07-20 18:05:22","brand1":"N","day":"20210720","id":"8500867","type":"NMR","code":"MR"},{"buy":"25.40","sell":"25.40","company":"1Coin","brand":"Neo","updated":"2021-07-20 18:05:03","brand1":"Neo","day":"20210720","id":"8500680","type":"NEO","code":"NEO"},{"buy":"23.97","sell":"23.97","company":"1Coin","brand":"FTX Token","updated":"2021-07-20 18:05:02","brand1":"FT","day":"20210720","id":"8500663","type":"FTT","code":"T"},{"buy":"23.55","sell":"23.55","company":"1Coin","brand":"Solana","updated":"2021-07-20 23:40:42","brand1":"S","day":"20210720","id":"8501785","type":"SOL","code":"OL"},{"buy":"23.45","sell":"23.45","company":"1Coin","brand":"Bitcoin Cash ABC","updated":"2021-07-20 18:05:32","brand1":"BCA","day":"20210720","id":"8500929","type":"BCHA","code":"BCHA"},{"buy":"19.91","sell":"19.91","company":"1Coin","brand":"BarnBridge","updated":"2021-07-20 18:05:42","brand1":"B","day":"20210720","id":"8501013","type":"BOND","code":"OND"},{"buy":"17.74","sell":"17.74","company":"1Coin","brand":"Augur","updated":"2021-07-20 18:05:19","brand1":"A","day":"20210720","id":"8500847","type":"REP","code":"REP"},{"buy":"17.74","sell":"17.74","company":"1Coin","brand":"REPv2","updated":"2021-07-20 18:05:19","brand1":"R","day":"20210720","id":"8500850","type":"REPV2","code":"EPV2"},{"buy":"16.17","sell":"16.17","company":"1Coin","brand":"Balancer","updated":"2021-07-20 18:05:27","brand1":"B","day":"20210720","id":"8500891","type":"BAL","code":"AL"},{"buy":"15.05","sell":"15.05","company":"1Coin","brand":"Uniswap","updated":"2021-07-20 23:30:31","brand1":"U","day":"20210720","id":"8501761","type":"UNI","code":"NI"},{"buy":"14.74","sell":"14.74","company":"1Coin","brand":"Axie Infinity Shards","updated":"2021-07-20 18:05:07","brand1":"AIS","day":"20210720","id":"8500712","type":"AXS","code":"AXS"},{"buy":"14.64","sell":"14.64","company":"1Coin","brand":"KLAYswap Protocol","updated":"2021-07-20 18:05:36","brand1":"KP","day":"20210720","id":"8500975","type":"KSP","code":"KSP"},{"buy":"14.12","sell":"14.12","company":"1Coin","brand":"Venus","updated":"2021-07-20 18:05:22","brand1":"V","day":"20210720","id":"8500859","type":"XVS","code":"XS"},{"buy":"13.97","sell":"13.97","company":"1Coin","brand":"Chainlink","updated":"2021-07-20 23:30:32","brand1":"C","day":"20210720","id":"8501765","type":"LINK","code":"LINK"},{"buy":"13.86","sell":"13.86","company":"1Coin","brand":"Uquid Coin","updated":"2021-07-20 18:05:22","brand1":"UC","day":"20210720","id":"8500866","type":"UQC","code":"UQC"},{"buy":"13.28","sell":"13.28","company":"1Coin","brand":"Bitcoin Standard Hashrate Token","updated":"2021-07-20 18:05:21","brand1":"BSHT","day":"20210720","id":"8500855","type":"BTCST","code":"BTCST"},{"buy":"12.85","sell":"12.85","company":"1Coin","brand":"Ampleforth Governance Token","updated":"2021-07-20 18:05:37","brand1":"AGT","day":"20210720","id":"8500981","type":"FORTH","code":"FORTH"},{"buy":"12.00","sell":"12.00","company":"1Coin","brand":"Flow","updated":"2021-07-20 18:05:09","brand1":"Flow","day":"20210720","id":"8500755","type":"FLOW","code":"FLOW"},{"buy":"11.90","sell":"11.90","company":"1Coin","brand":"Waves","updated":"2021-07-20 17:05:04","brand1":"W","day":"20210720","id":"8500687","type":"WAVES","code":"AVES"},{"buy":"10.99","sell":"10.99","company":"1Coin","brand":"Polkadot","updated":"2021-07-20 23:40:41","brand1":"P","day":"20210720","id":"8501782","type":"DOT","code":"DOT"},{"buy":"10.98","sell":"10.98","company":"1Coin","brand":"PancakeSwap","updated":"2021-07-20 18:05:02","brand1":"P","day":"20210720","id":"8500666","type":"CAKE","code":"CAKE"},{"buy":"10.87","sell":"10.87","company":"1Coin","brand":"Livepeer","updated":"2021-07-20 18:05:16","brand1":"L","day":"20210720","id":"8500813","type":"LPT","code":"PT"},{"buy":"10.13","sell":"10.13","company":"1Coin","brand":"Prometeus","updated":"2021-07-20 18:05:18","brand1":"P","day":"20210720","id":"8500833","type":"PROM","code":"ROM"},{"buy":"9.83","sell":"9.83","company":"1Coin","brand":"OKB","updated":"2021-07-20 18:05:09","brand1":"OKB","day":"20210720","id":"8500757","type":"OKB","code":""},{"buy":"9.62","sell":"9.62","company":"1Coin","brand":"Helium","updated":"2021-07-20 18:05:07","brand1":"H","day":"20210720","id":"8500713","type":"HNT","code":"NT"},{"buy":"9.42","sell":"9.42","company":"1Coin","brand":"Avalanche","updated":"2021-07-20 18:05:03","brand1":"A","day":"20210720","id":"8500684","type":"AVAX","code":"VX"},{"buy":"9.13","sell":"9.13","company":"1Coin","brand":"Cosmos","updated":"2021-07-20 17:05:03","brand1":"C","day":"20210720","id":"8500677","type":"ATOM","code":"ATOM"},{"buy":"9.01","sell":"9.01","company":"1Coin","brand":"Rocket Pool","updated":"2021-07-20 18:05:37","brand1":"RP","day":"20210720","id":"8500984","type":"RPL","code":"L"},{"buy":"8.95","sell":"8.95","company":"1Coin","brand":"The Transfer Token","updated":"2021-07-20 18:05:31","brand1":"TTT","day":"20210720","id":"8500919","type":"TTT","code":""},{"buy":"8.89","sell":"8.89","company":"1Coin","brand":"NewYork Exchange","updated":"2021-07-20 18:05:47","brand1":"NE","day":"20210720","id":"8501087","type":"NYE","code":"NYE"},{"buy":"8.58","sell":"8.58","company":"1Coin","brand":"KuCoin Token","updated":"2021-07-20 18:05:08","brand1":"KT","day":"20210720","id":"8500743","type":"KCS","code":"KCS"},{"buy":"7.98","sell":"7.98","company":"1Coin","brand":"MCO","updated":"2021-07-20 18:05:23","brand1":"MCO","day":"20210720","id":"8500877","type":"MCO","code":""},{"buy":"7.47","sell":"7.47","company":"1Coin","brand":"Huobi Token","updated":"2021-07-20 18:05:04","brand1":"HT","day":"20210720","id":"8500688","type":"HT","code":""},{"buy":"7.44","sell":"7.44","company":"1Coin","brand":"Synthetix Network Token","updated":"2021-07-20 18:05:07","brand1":"SNT","day":"20210720","id":"8500732","type":"SNX","code":"SNX"},{"buy":"7.41","sell":"7.41","company":"1Coin","brand":"Arweave","updated":"2021-07-20 18:05:16","brand1":"A","day":"20210720","id":"8500804","type":"AR","code":"R"},{"buy":"7.38","sell":"7.38","company":"1Coin","brand":"UMA","updated":"2021-07-20 17:05:12","brand1":"UMA","day":"20210720","id":"8500772","type":"UMA","code":""},{"buy":"6.89","sell":"6.89","company":"1Coin","brand":"Zelwin","updated":"2021-07-20 16:03:26","brand1":"Z","day":"20210720","id":"8499938","type":"ZLW","code":"LW"},{"buy":"6.74","sell":"6.74","company":"1Coin","brand":"Badger DAO","updated":"2021-07-20 18:05:46","brand1":"BD","day":"20210720","id":"8501062","type":"BADGER","code":"BADGER"},{"buy":"6.22","sell":"6.22","company":"1Coin","brand":"Perpetual Protocol","updated":"2021-07-20 16:05:32","brand1":"PP","day":"20210720","id":"8500942","type":"PERP","code":"PERP"},{"buy":"6.22","sell":"6.22","company":"1Coin","brand":"SushiSwap","updated":"2021-07-20 18:05:08","brand1":"S","day":"20210720","id":"8500736","type":"SUSHI","code":"UHI"},{"buy":"6.05","sell":"6.05","company":"1Coin","brand":"Arianee","updated":"2021-07-19 08:01:48","brand1":"A","day":"20210720","id":"8492614","type":"ARIA20","code":"RI20"},{"buy":"5.78","sell":"5.78","company":"1Coin","brand":"Terra","updated":"2021-07-20 18:05:02","brand1":"T","day":"20210720","id":"8500662","type":"LUNA","code":"LUNA"},{"buy":"5.74","sell":"5.74","company":"1Coin","brand":"Dero","updated":"2021-07-20 18:05:47","brand1":"Dero","day":"20210720","id":"8501115","type":"DERO","code":"DERO"},{"buy":"5.70","sell":"5.70","company":"1Coin","brand":"Ethernity Chain","updated":"2021-07-20 18:05:46","brand1":"EC","day":"20210720","id":"8501067","type":"ERN","code":"ERN"},{"buy":"5.68","sell":"5.68","company":"1Coin","brand":"TitanSwap","updated":"2021-07-20 18:05:32","brand1":"T","day":"20210720","id":"8500936","type":"TITAN","code":"IAN"},{"buy":"5.37","sell":"5.37","company":"1Coin","brand":"LUKSO","updated":"2021-07-20 18:05:41","brand1":"L","day":"20210720","id":"8500999","type":"LYXE","code":"YXE"},{"buy":"5.36","sell":"5.36","company":"1Coin","brand":"Persistence","updated":"2021-07-20 18:05:33","brand1":"P","day":"20210720","id":"8500958","type":"XPRT","code":"XRT"},{"buy":"5.30","sell":"5.30","company":"1Coin","brand":"Venus BNB","updated":"2021-07-20 18:05:31","brand1":"VB","day":"20210720","id":"8500926","type":"VBNB","code":"NB"},{"buy":"5.28","sell":"5.28","company":"1Coin","brand":"Gitcoin","updated":"2021-07-20 18:05:42","brand1":"G","day":"20210720","id":"8501012","type":"GTC","code":"TC"},{"buy":"5.09","sell":"5.09","company":"1Coin","brand":"Injective Protocol","updated":"2021-07-20 18:05:21","brand1":"IP","day":"20210720","id":"8500856","type":"INJ","code":"INJ"},{"buy":"4.93","sell":"4.93","company":"1Coin","brand":"Qtum","updated":"2021-07-20 18:05:11","brand1":"Qtum","day":"20210720","id":"8500765","type":"QTUM","code":"QTUM"},{"buy":"4.85","sell":"4.85","company":"1Coin","brand":"Celsius","updated":"2021-07-20 18:05:06","brand1":"C","day":"20210720","id":"8500705","type":"CEL","code":"EL"},{"buy":"4.77","sell":"4.77","company":"1Coin","brand":"Energy Web Token","updated":"2021-07-20 18:05:22","brand1":"EWT","day":"20210720","id":"8500865","type":"EWT","code":""},{"buy":"4.33","sell":"4.33","company":"1Coin","brand":"INO COIN","updated":"2021-07-20 18:05:31","brand1":"IC","day":"20210720","id":"8500920","type":"INO","code":"INO"},{"buy":"4.32","sell":"4.32","company":"1Coin","brand":"Band Protocol","updated":"2021-07-20 16:05:21","brand1":"BP","day":"20210720","id":"8500854","type":"BAND","code":"BAND"},{"buy":"4.24","sell":"4.24","company":"1Coin","brand":"Ergo","updated":"2021-07-20 18:05:23","brand1":"Ergo","day":"20210720","id":"8500870","type":"ERG","code":"ERG"},{"buy":"4.24","sell":"4.24","company":"1Coin","brand":"MyNeighborAlice","updated":"2021-07-20 18:05:42","brand1":"M","day":"20210720","id":"8501009","type":"ALICE","code":"ALICE"},{"buy":"3.78","sell":"3.78","company":"1Coin","brand":"THETA","updated":"2021-07-20 23:40:43","brand1":"T","day":"20210720","id":"8501790","type":"THETA","code":"HEA"},{"buy":"3.65","sell":"3.65","company":"1Coin","brand":"Orion Protocol","updated":"2021-07-20 18:05:36","brand1":"OP","day":"20210720","id":"8500976","type":"ORN","code":"ORN"},{"buy":"3.39","sell":"3.39","company":"1Coin","brand":"Kava.io","updated":"2021-07-20 18:05:16","brand1":"K","day":"20210720","id":"8500810","type":"KAVA","code":"AVA"},{"buy":"3.27","sell":"3.27","company":"1Coin","brand":"EOS","updated":"2021-07-20 23:30:33","brand1":"EOS","day":"20210720","id":"8501771","type":"EOS","code":""},{"buy":"3.17","sell":"3.17","company":"1Coin","brand":"THORChain","updated":"2021-07-20 18:05:08","brand1":"T","day":"20210720","id":"8500738","type":"RUNE","code":"RUNE"},{"buy":"3.13","sell":"3.13","company":"1Coin","brand":"Nano","updated":"2021-07-20 18:05:12","brand1":"Nano","day":"20210720","id":"8500782","type":"NANO","code":"NANO"},{"buy":"3.13","sell":"3.13","company":"1Coin","brand":"OMG Network","updated":"2021-07-20 18:05:12","brand1":"ON","day":"20210720","id":"8500774","type":"OMG","code":"OMG"},{"buy":"3.10","sell":"3.10","company":"1Coin","brand":"UNUS SED LEO","updated":"2021-07-20 23:30:33","brand1":"USL","day":"20210720","id":"8501772","type":"LEO","code":"LEO"},{"buy":"3.05","sell":"3.05","company":"1Coin","brand":"Aragon","updated":"2021-07-20 18:05:24","brand1":"A","day":"20210720","id":"8500879","type":"ANT","code":"NT"},{"buy":"3.00","sell":"3.00","company":"1Coin","brand":"Litentry","updated":"2021-07-19 12:05:51","brand1":"L","day":"20210720","id":"8492725","type":"LIT","code":"IT"},{"buy":"2.89","sell":"2.89","company":"1Coin","brand":"Elitium","updated":"2021-07-20 17:05:41","brand1":"E","day":"20210720","id":"8500998","type":"EUM","code":"UM"},{"buy":"2.58","sell":"2.58","company":"1Coin","brand":"GateToken","updated":"2021-07-20 16:03:12","brand1":"G","day":"20210720","id":"8499883","type":"GT","code":"T"},{"buy":"2.55","sell":"2.55","company":"1Coin","brand":"Bancor Network Token","updated":"2021-07-20 18:05:09","brand1":"BNT","day":"20210720","id":"8500756","type":"BNT","code":""},{"buy":"2.50","sell":"2.50","company":"1Coin","brand":"Mirror Protocol","updated":"2021-07-20 18:05:33","brand1":"MP","day":"20210720","id":"8500953","type":"MIR","code":"MIR"},{"buy":"2.47","sell":"2.47","company":"1Coin","brand":"Raydium","updated":"2021-07-20 18:05:35","brand1":"R","day":"20210720","id":"8500966","type":"RAY","code":"AY"},{"buy":"2.42","sell":"2.42","company":"1Coin","brand":"Serum","updated":"2021-07-20 16:05:24","brand1":"S","day":"20210720","id":"8500878","type":"SRM","code":"RM"},{"buy":"2.22","sell":"2.22","company":"1Coin","brand":"CRYPTO20","updated":"2021-07-20 18:05:38","brand1":"C","day":"20210720","id":"8500987","type":"C20","code":"20"},{"buy":"2.18","sell":"2.18","company":"1Coin","brand":"TomoChain","updated":"2021-07-20 18:05:18","brand1":"T","day":"20210720","id":"8500824","type":"TOMO","code":"OMO"},{"buy":"2.16","sell":"2.16","company":"1Coin","brand":"Celo","updated":"2021-07-20 18:05:09","brand1":"Celo","day":"20210720","id":"8500760","type":"CGLD","code":"CGLD"},{"buy":"2.13","sell":"2.13","company":"1Coin","brand":"Tezos","updated":"2021-07-20 18:05:03","brand1":"T","day":"20210720","id":"8500679","type":"XTZ","code":"XZ"},{"buy":"2.11","sell":"2.11","company":"1Coin","brand":"botXcoin","updated":"2021-07-20 18:05:28","brand1":"b","day":"20210720","id":"8500908","type":"BOTX","code":"BOTX"},{"buy":"2.11","sell":"2.11","company":"1Coin","brand":"iExec RLC","updated":"2021-07-20 18:05:18","brand1":"iR","day":"20210720","id":"8500829","type":"RLC","code":"RLC"},{"buy":"2.07","sell":"2.07","company":"1Coin","brand":"Lisk","updated":"2021-07-20 18:05:14","brand1":"Lisk","day":"20210720","id":"8500800","type":"LSK","code":"LSK"},{"buy":"2.00","sell":"2.00","company":"1Coin","brand":"Akash Network","updated":"2021-07-20 18:05:35","brand1":"AN","day":"20210720","id":"8500961","type":"AKT","code":"AKT"},{"buy":"2.00","sell":"2.00","company":"1Coin","brand":"Pirate Chain","updated":"2021-07-20 18:05:32","brand1":"PC","day":"20210720","id":"8500931","type":"ARRR","code":"ARRR"},{"buy":"2.00","sell":"2.00","company":"1Coin","brand":"Tokenlon Network Token","updated":"2021-07-20 16:05:41","brand1":"TNT","day":"20210720","id":"8501000","type":"LON","code":"LON"},{"buy":"1.94","sell":"1.94","company":"1Coin","brand":"Dawn Protocol","updated":"2021-07-20 18:05:35","brand1":"DP","day":"20210720","id":"8500971","type":"DAWN","code":"DAWN"},{"buy":"1.93","sell":"1.93","company":"1Coin","brand":"KOK","updated":"2021-07-20 16:05:33","brand1":"KOK","day":"20210720","id":"8500948","type":"KOK","code":""},{"buy":"1.83","sell":"1.83","company":"1Coin","brand":"Anchor Protocol","updated":"2021-07-20 14:01:24","brand1":"AP","day":"20210720","id":"8497694","type":"ANC","code":"ANC"},{"buy":"1.83","sell":"1.83","company":"1Coin","brand":"DeFiChain","updated":"2021-07-20 18:05:31","brand1":"D","day":"20210720","id":"8500923","type":"DFI","code":"FI"},{"buy":"1.74","sell":"1.74","company":"1Coin","brand":"Creditcoin","updated":"2021-07-20 18:05:30","brand1":"C","day":"20210720","id":"8500918","type":"CTC","code":"T"},{"buy":"1.69","sell":"1.69","company":"1Coin","brand":"Travala.com","updated":"2021-07-20 18:05:40","brand1":"T","day":"20210720","id":"8500994","type":"AVA","code":"AVA"},{"buy":"1.65","sell":"1.65","company":"1Coin","brand":"1inch","updated":"2021-07-20 18:05:13","brand1":"1","day":"20210720","id":"8500790","type":"1INCH","code":"INCH"},{"buy":"1.59","sell":"1.59","company":"1Coin","brand":"Voyager Token","updated":"2021-07-20 16:03:08","brand1":"VT","day":"20210720","id":"8499860","type":"VGX","code":"VGX"},{"buy":"1.58","sell":"1.58","company":"1Coin","brand":"NEAR Protocol","updated":"2021-07-20 18:05:08","brand1":"NP","day":"20210720","id":"8500751","type":"NEAR","code":"NEAR"},{"buy":"1.55","sell":"1.55","company":"1Coin","brand":"Bitcoin Diamond","updated":"2021-07-20 18:05:14","brand1":"BD","day":"20210720","id":"8500792","type":"BCD","code":"BCD"},{"buy":"1.48","sell":"1.48","company":"1Coin","brand":"BakeryToken","updated":"2021-07-20 18:05:12","brand1":"B","day":"20210720","id":"8500785","type":"BAKE","code":"AKE"},{"buy":"1.45","sell":"1.45","company":"1Coin","brand":"Swipe","updated":"2021-07-20 18:05:21","brand1":"S","day":"20210720","id":"8500853","type":"SXP","code":"XP"},{"buy":"1.36","sell":"1.36","company":"1Coin","brand":"Populous","updated":"2021-07-20 18:05:43","brand1":"P","day":"20210720","id":"8501018","type":"PPT","code":"T"},{"buy":"1.28","sell":"1.28","company":"1Coin","brand":"Metal","updated":"2021-07-20 18:05:40","brand1":"M","day":"20210720","id":"8500997","type":"MTL","code":"TL"},{"buy":"1.28","sell":"1.28","company":"1Coin","brand":"Oxygen","updated":"2021-07-20 13:01:33","brand1":"O","day":"20210720","id":"8498040","type":"OXY","code":"XY"},{"buy":"1.27","sell":"1.27","company":"1Coin","brand":"Nexo","updated":"2021-07-20 18:05:08","brand1":"Nexo","day":"20210720","id":"8500740","type":"NEXO","code":"NEXO"},{"buy":"1.26","sell":"1.26","company":"1Coin","brand":"Stratis","updated":"2021-07-20 18:05:18","brand1":"S","day":"20210720","id":"8500832","type":"STRAX","code":"TRAX"},{"buy":"1.25","sell":"1.25","company":"1Coin","brand":"Curve DAO Token","updated":"2021-07-20 16:05:12","brand1":"CDT","day":"20210720","id":"8500771","type":"CRV","code":"CRV"},{"buy":"1.24","sell":"1.24","company":"1Coin","brand":"Tokocrypto","updated":"2021-07-20 16:03:31","brand1":"T","day":"20210720","id":"8499970","type":"TKO","code":"KO"},{"buy":"1.18","sell":"1.18","company":"1Coin","brand":"STASIS EURO","updated":"2021-07-19 18:01:15","brand1":"SE","day":"20210720","id":"8492798","type":"EURS","code":"EURS"},{"buy":"1.17","sell":"1.17","company":"1Coin","brand":"MonaCoin","updated":"2021-07-20 18:05:41","brand1":"M","day":"20210720","id":"8501005","type":"MONA","code":"ONA"},{"buy":"1.17","sell":"1.17","company":"1Coin","brand":"XeniosCoin","updated":"2021-07-20 14:01:29","brand1":"X","day":"20210720","id":"8497881","type":"XNC","code":"NC"},{"buy":"1.15","sell":"1.15","company":"1Coin","brand":"Kyber Network","updated":"2021-07-20 16:03:12","brand1":"KN","day":"20210720","id":"8499877","type":"KNC","code":"C"},{"buy":"1.14","sell":"1.14","company":"1Coin","brand":"Mdex","updated":"2021-07-20 14:00:59","brand1":"Mdex","day":"20210720","id":"8496794","type":"MDX","code":"MDX"},{"buy":"1.07","sell":"1.07","company":"1Coin","brand":"Cardano","updated":"2021-07-20 22:39:39","brand1":"C","day":"20210720","id":"8501653","type":"ADA","code":"ADA"},{"buy":"1.05","sell":"1.05","company":"1Coin","brand":"Clover Finance","updated":"2021-07-20 18:05:35","brand1":"CF","day":"20210720","id":"8500968","type":"CLV","code":"CLV"},{"buy":"1.00","sell":"1.00","company":"1Coin","brand":"Frax","updated":"2021-07-20 13:03:27","brand1":"Frax","day":"20210720","id":"8499951","type":"FRAX","code":"FRAX"},{"buy":"1.00","sell":"1.00","company":"1Coin","brand":"Gemini Dollar","updated":"2021-07-20 04:01:03","brand1":"GD","day":"20210720","id":"8493822","type":"GUSD","code":"GUSD"},{"buy":"1.00","sell":"1.00","company":"1Coin","brand":"Liquity USD","updated":"2021-07-20 16:03:26","brand1":"LU","day":"20210720","id":"8499935","type":"LUSD","code":"SD"},{"buy":"1.00","sell":"1.00","company":"1Coin","brand":"MATH","updated":"2021-07-20 06:03:25","brand1":"MATH","day":"20210720","id":"8494857","type":"MATH","code":""},{"buy":"1.00","sell":"1.00","company":"1Coin","brand":"TerraUSD","updated":"2021-07-18 02:01:49","brand1":"T","day":"20210720","id":"8492811","type":"UST","code":"US"},{"buy":"1.00","sell":"1.00","company":"1Coin","brand":"USDX [Kava]","updated":"2021-07-19 00:00:00","brand1":"U[","day":"20210720","id":"8492833","type":"USDX","code":"USDX"},{"buy":"0.98","sell":"0.98","company":"1Coin","brand":"Unibright","updated":"2021-07-20 18:05:22","brand1":"U","day":"20210720","id":"8500862","type":"UBT","code":"BT"},{"buy":"0.96","sell":"0.96","company":"1Coin","brand":"Ampleforth","updated":"2021-07-20 06:03:22","brand1":"A","day":"20210720","id":"8499921","type":"AMPL","code":"MPL"},{"buy":"0.96","sell":"0.96","company":"1Coin","brand":"Enjin Coin","updated":"2021-07-20 18:05:08","brand1":"EC","day":"20210720","id":"8500735","type":"ENJ","code":"ENJ"},{"buy":"0.95","sell":"0.95","company":"1Coin","brand":"Mina","updated":"2021-07-20 18:05:18","brand1":"Mina","day":"20210720","id":"8500830","type":"MINA","code":"MINA"},{"buy":"0.94","sell":"0.94","company":"1Coin","brand":"Polkastarter","updated":"2021-07-20 06:03:34","brand1":"P","day":"20210720","id":"8494911","type":"POLS","code":"OLS"},{"buy":"0.89","sell":"0.89","company":"1Coin","brand":"Pundi X[new]","updated":"2021-07-20 18:05:33","brand1":"PX","day":"20210720","id":"8500947","type":"PUNDIX","code":"PUNDIX"},{"buy":"0.88","sell":"0.88","company":"1Coin","brand":"Klaytn","updated":"2021-07-20 18:05:02","brand1":"K","day":"20210720","id":"8500669","type":"KLAY","code":"LAY"},{"buy":"0.87","sell":"0.87","company":"1Coin","brand":"HedgeTrade","updated":"2021-07-20 18:05:32","brand1":"H","day":"20210720","id":"8500934","type":"HEDG","code":"EDG"},{"buy":"0.87","sell":"0.87","company":"1Coin","brand":"Sologenic","updated":"2021-07-20 17:05:33","brand1":"S","day":"20210720","id":"8500956","type":"SOLO","code":"OLO"},{"buy":"0.84","sell":"0.84","company":"1Coin","brand":"WhiteCoin","updated":"2021-07-20 14:01:21","brand1":"W","day":"20210720","id":"8497575","type":"XWC","code":"XC"},{"buy":"0.83","sell":"0.83","company":"1Coin","brand":"WazirX","updated":"2021-07-20 18:05:16","brand1":"W","day":"20210720","id":"8500807","type":"WRX","code":"RX"},{"buy":"0.82","sell":"0.82","company":"1Coin","brand":"Audius","updated":"2021-07-20 18:05:37","brand1":"A","day":"20210720","id":"8500979","type":"AUDIO","code":"UDIO"},{"buy":"0.82","sell":"0.82","company":"1Coin","brand":"TrustSwap","updated":"2021-07-18 02:02:21","brand1":"T","day":"20210720","id":"8492826","type":"SWAP","code":"SWAP"},{"buy":"0.80","sell":"0.80","company":"1Coin","brand":"MiL.k","updated":"2021-07-20 18:05:47","brand1":"M","day":"20210720","id":"8501089","type":"MLK","code":"LK"},{"buy":"0.80","sell":"0.80","company":"1Coin","brand":"Stacks","updated":"2021-07-20 16:03:02","brand1":"S","day":"20210720","id":"8499813","type":"STX","code":"TX"},{"buy":"0.79","sell":"0.79","company":"1Coin","brand":"Ark","updated":"2021-07-20 18:05:27","brand1":"Ark","day":"20210720","id":"8500899","type":"ARK","code":"ARK"},{"buy":"0.77","sell":"0.77","company":"1Coin","brand":"DODO","updated":"2021-07-20 17:05:40","brand1":"DODO","day":"20210720","id":"8500991","type":"DODO","code":""},{"buy":"0.70","sell":"0.70","company":"1Coin","brand":"Polygon","updated":"2021-07-20 23:20:22","brand1":"P","day":"20210720","id":"8501746","type":"MATIC","code":"MATIC"},{"buy":"0.69","sell":"0.69","company":"1Coin","brand":"Algorand","updated":"2021-07-20 18:05:02","brand1":"A","day":"20210720","id":"8500673","type":"ALGO","code":"LGO"},{"buy":"0.69","sell":"0.69","company":"1Coin","brand":"Storj","updated":"2021-07-20 16:05:17","brand1":"S","day":"20210720","id":"8500816","type":"STORJ","code":"TORJ"},{"buy":"0.67","sell":"0.67","company":"1Coin","brand":"ICON","updated":"2021-07-20 18:05:12","brand1":"ICON","day":"20210720","id":"8500779","type":"ICX","code":"ICX"},{"buy":"0.66","sell":"0.66","company":"1Coin","brand":"Doctors Coin","updated":"2021-07-20 16:03:28","brand1":"DC","day":"20210720","id":"8499960","type":"DRS","code":"DRS"},{"buy":"0.65","sell":"0.65","company":"1Coin","brand":"Phala.Network","updated":"2021-07-20 18:05:26","brand1":"P","day":"20210720","id":"8500885","type":"PHA","code":"HA"},{"buy":"0.62","sell":"0.62","company":"1Coin","brand":"SafePal","updated":"2021-07-20 18:05:45","brand1":"S","day":"20210720","id":"8501042","type":"SFP","code":"FP"},{"buy":"0.60","sell":"0.60","company":"1Coin","brand":"Bitpanda Ecosystem Token","updated":"2021-07-20 14:01:23","brand1":"BET","day":"20210720","id":"8497666","type":"BEST","code":"BEST"},{"buy":"0.60","sell":"0.60","company":"1Coin","brand":"EFFORCE","updated":"2021-07-20 14:01:36","brand1":"E","day":"20210720","id":"8498089","type":"WOZX","code":"WOZX"},{"buy":"0.59","sell":"0.59","company":"1Coin","brand":"Komodo","updated":"2021-07-20 14:01:33","brand1":"K","day":"20210720","id":"8498012","type":"KMD","code":"MD"},{"buy":"0.59","sell":"0.59","company":"1Coin","brand":"Ontology Gas","updated":"2021-07-20 16:03:14","brand1":"OG","day":"20210720","id":"8499892","type":"ONG","code":"ONG"},{"buy":"0.59","sell":"0.59","company":"1Coin","brand":"RNDR Token","updated":"2021-07-20 14:01:28","brand1":"RT","day":"20210720","id":"8497855","type":"RNDR","code":"RNDR"},{"buy":"0.58","sell":"0.58","company":"1Coin","brand":"IOTA","updated":"2021-07-20 16:02:59","brand1":"IOTA","day":"20210720","id":"8499799","type":"MIOTA","code":"M"},{"buy":"0.58","sell":"0.58","company":"1Coin","brand":"Origin Token","updated":"2021-07-20 18:05:17","brand1":"OT","day":"20210720","id":"8500821","type":"OGN","code":"OGN"},{"buy":"0.58","sell":"0.58","company":"1Coin","brand":"ZKSwap","updated":"2021-07-20 14:01:16","brand1":"Z","day":"20210720","id":"8497429","type":"ZKS","code":"KS"},{"buy":"0.57","sell":"0.57","company":"1Coin","brand":"Tribe","updated":"2021-07-18 22:01:47","brand1":"T","day":"20210720","id":"8492824","type":"TRIBE","code":"RIBE"},{"buy":"0.56","sell":"0.56","company":"1Coin","brand":"Ontology","updated":"2021-07-20 14:01:02","brand1":"O","day":"20210720","id":"8496839","type":"ONT","code":"NT"},{"buy":"0.53","sell":"0.53","company":"1Coin","brand":"0x","updated":"2021-07-20 14:05:12","brand1":"0x","day":"20210720","id":"8500773","type":"ZRX","code":"ZRX"},{"buy":"0.53","sell":"0.53","company":"1Coin","brand":"XRP","updated":"2021-07-20 20:28:27","brand1":"XRP","day":"20210720","id":"8501510","type":"XRP","code":""},{"buy":"0.52","sell":"0.52","company":"1Coin","brand":"Orbit Chain","updated":"2021-07-20 18:05:32","brand1":"OC","day":"20210720","id":"8500941","type":"ORC","code":"ORC"},{"buy":"0.51","sell":"0.51","company":"1Coin","brand":"Decentraland","updated":"2021-07-20 18:05:07","brand1":"D","day":"20210720","id":"8500731","type":"MANA","code":"MANA"},{"buy":"0.50","sell":"0.50","company":"1Coin","brand":"Hxro","updated":"2021-07-20 14:01:17","brand1":"Hxro","day":"20210720","id":"8497453","type":"HXRO","code":"HXRO"},{"buy":"0.49","sell":"0.49","company":"1Coin","brand":"The Graph","updated":"2021-07-20 14:00:55","brand1":"TG","day":"20210720","id":"8496590","type":"GRT","code":"GRT"},{"buy":"0.48","sell":"0.48","company":"1Coin","brand":"SwissBorg","updated":"2021-07-20 18:05:11","brand1":"S","day":"20210720","id":"8500768","type":"CHSB","code":"CHB"},{"buy":"0.47","sell":"0.47","company":"1Coin","brand":"Basic Attention Token","updated":"2021-07-20 14:00:59","brand1":"BAT","day":"20210720","id":"8496774","type":"BAT","code":""},{"buy":"0.46","sell":"0.46","company":"1Coin","brand":"MaidSafeCoin","updated":"2021-07-20 14:01:07","brand1":"M","day":"20210720","id":"8497086","type":"MAID","code":"AID"},{"buy":"0.46","sell":"0.46","company":"1Coin","brand":"Newscrypto","updated":"2021-07-20 18:05:44","brand1":"N","day":"20210720","id":"8501023","type":"NWC","code":"WC"},{"buy":"0.44","sell":"0.44","company":"1Coin","brand":"Wanchain","updated":"2021-07-20 16:03:36","brand1":"W","day":"20210720","id":"8500002","type":"WAN","code":"AN"},{"buy":"0.43","sell":"0.43","company":"1Coin","brand":"Alpha Finance Lab","updated":"2021-07-20 14:01:11","brand1":"AFL","day":"20210720","id":"8497245","type":"ALPHA","code":"ALPHA"},{"buy":"0.42","sell":"0.42","company":"1Coin","brand":"Ultra","updated":"2021-07-20 14:01:16","brand1":"U","day":"20210720","id":"8497407","type":"UOS","code":"OS"},{"buy":"0.40","sell":"0.40","company":"1Coin","brand":"Automata Network","updated":"2021-07-20 04:01:32","brand1":"AN","day":"20210720","id":"8494149","type":"ATA","code":"ATA"},{"buy":"0.39","sell":"0.39","company":"1Coin","brand":"Hathor","updated":"2021-07-18 12:02:13","brand1":"H","day":"20210720","id":"8492694","type":"HTR","code":"TR"},{"buy":"0.38","sell":"0.38","company":"1Coin","brand":"Rakon","updated":"2021-07-20 16:05:37","brand1":"R","day":"20210720","id":"8500980","type":"RKN","code":"KN"},{"buy":"0.38","sell":"0.38","company":"1Coin","brand":"The Sandbox","updated":"2021-07-20 18:05:14","brand1":"TS","day":"20210720","id":"8500797","type":"SAND","code":"SAND"},{"buy":"0.36","sell":"0.36","company":"1Coin","brand":"BitMax Token","updated":"2021-07-18 19:01:29","brand1":"BT","day":"20210720","id":"8492638","type":"BTMX","code":"MX"},{"buy":"0.36","sell":"0.36","company":"1Coin","brand":"Rally","updated":"2021-07-20 14:01:33","brand1":"R","day":"20210720","id":"8498027","type":"RLY","code":"LY"},{"buy":"0.34","sell":"0.34","company":"1Coin","brand":"Ocean Protocol","updated":"2021-07-20 14:01:07","brand1":"OP","day":"20210720","id":"8497107","type":"OCEAN","code":"OCEAN"},{"buy":"0.32","sell":"0.32","company":"1Coin","brand":"Cartesi","updated":"2021-07-20 14:01:13","brand1":"C","day":"20210720","id":"8497345","type":"CTSI","code":"TSI"},{"buy":"0.32","sell":"0.32","company":"1Coin","brand":"Steem","updated":"2021-07-20 14:01:13","brand1":"S","day":"20210720","id":"8497330","type":"STEEM","code":"TEEM"},{"buy":"0.32","sell":"0.32","company":"1Coin","brand":"Wootrade","updated":"2021-07-20 14:01:11","brand1":"W","day":"20210720","id":"8497228","type":"WOO","code":"OO"},{"buy":"0.31","sell":"0.31","company":"1Coin","brand":"Golem","updated":"2021-07-20 14:01:04","brand1":"G","day":"20210720","id":"8496966","type":"GNT","code":"NT"},{"buy":"0.29","sell":"0.29","company":"1Coin","brand":"Darma Cash","updated":"2021-07-20 00:00:00","brand1":"DC","day":"20210720","id":"8498709","type":"DMCH","code":"DMCH"},{"buy":"0.28","sell":"0.28","company":"1Coin","brand":"Ren","updated":"2021-07-20 14:01:04","brand1":"Ren","day":"20210720","id":"8496990","type":"REN","code":"REN"},{"buy":"0.28","sell":"0.28","company":"1Coin","brand":"Venus XVS","updated":"2021-07-20 18:05:46","brand1":"VX","day":"20210720","id":"8501086","type":"VXVS","code":"VS"},{"buy":"0.27","sell":"0.27","company":"1Coin","brand":"Trust Wallet Token","updated":"2021-07-20 08:01:36","brand1":"TWT","day":"20210720","id":"8498110","type":"TWT","code":""},{"buy":"0.26","sell":"0.26","company":"1Coin","brand":"GlitzKoin","updated":"2021-07-20 16:03:42","brand1":"G","day":"20210720","id":"8500032","type":"GTN","code":"TN"},{"buy":"0.26","sell":"0.26","company":"1Coin","brand":"Hive","updated":"2021-07-20 15:05:27","brand1":"Hive","day":"20210720","id":"8500893","type":"HIVE","code":"HIVE"},{"buy":"0.25","sell":"0.25","company":"1Coin","brand":"MarketPeak","updated":"2021-07-20 18:05:45","brand1":"M","day":"20210720","id":"8501061","type":"PEAK","code":"PEAK"},{"buy":"0.24","sell":"0.24","company":"1Coin","brand":"Function X","updated":"2021-07-20 09:01:39","brand1":"FX","day":"20210720","id":"8498708","type":"FX","code":""},{"buy":"0.23","sell":"0.23","company":"1Coin","brand":"Orchid","updated":"2021-07-20 14:01:09","brand1":"O","day":"20210720","id":"8497192","type":"OXT","code":"XT"},{"buy":"0.23","sell":"0.23","company":"1Coin","brand":"Small Love Potion","updated":"2021-07-20 14:01:13","brand1":"SLP","day":"20210720","id":"8497323","type":"SLP","code":""},{"buy":"0.22","sell":"0.22","company":"1Coin","brand":"Fetch.ai","updated":"2021-07-20 18:05:18","brand1":"F","day":"20210720","id":"8500844","type":"FET","code":"ET"},{"buy":"0.22","sell":"0.22","company":"1Coin","brand":"Sapphire","updated":"2021-07-20 14:01:27","brand1":"S","day":"20210720","id":"8497807","type":"SAPP","code":"APP"},{"buy":"0.22","sell":"0.22","company":"1Coin","brand":"Theta Fuel","updated":"2021-07-20 18:05:05","brand1":"TF","day":"20210720","id":"8500702","type":"TFUEL","code":"UEL"},{"buy":"0.21","sell":"0.21","company":"1Coin","brand":"Chiliz","updated":"2021-07-20 14:00:56","brand1":"C","day":"20210720","id":"8496657","type":"CHZ","code":"HZ"},{"buy":"0.21","sell":"0.21","company":"1Coin","brand":"Chromia","updated":"2021-07-20 14:01:29","brand1":"C","day":"20210720","id":"8497872","type":"CHR","code":"HR"},{"buy":"0.21","sell":"0.21","company":"1Coin","brand":"Keep Network","updated":"2021-07-20 14:01:27","brand1":"KN","day":"20210720","id":"8497792","type":"KEEP","code":"KEEP"},{"buy":"0.20","sell":"0.20","company":"1Coin","brand":"Stellar Lumens","updated":"2021-07-20 17:03:57","brand1":"SL","day":"20210720","id":"8500474","type":"XLM","code":"XLM"},{"buy":"0.19","sell":"0.19","company":"1Coin","brand":"Conflux Network","updated":"2021-07-20 00:01:09","brand1":"CN","day":"20210720","id":"8493883","type":"CFX","code":"CFX"},{"buy":"0.19","sell":"0.19","company":"1Coin","brand":"Loopring","updated":"2021-07-20 14:01:07","brand1":"L","day":"20210720","id":"8497060","type":"LRC","code":"RC"},{"buy":"0.19","sell":"0.19","company":"1Coin","brand":"OriginTrail","updated":"2021-07-20 14:01:37","brand1":"O","day":"20210720","id":"8498131","type":"TRAC","code":"TRAC"},{"buy":"0.18","sell":"0.18","company":"1Coin","brand":"Civic","updated":"2021-07-20 14:01:15","brand1":"C","day":"20210720","id":"8497395","type":"CVC","code":"V"},{"buy":"0.18","sell":"0.18","company":"1Coin","brand":"NuCypher","updated":"2021-07-20 11:01:16","brand1":"N","day":"20210720","id":"8497399","type":"NU","code":"U"},{"buy":"0.18","sell":"0.18","company":"1Coin","brand":"SKALE","updated":"2021-07-20 14:01:07","brand1":"S","day":"20210720","id":"8497075","type":"SKL","code":"KL"},{"buy":"0.17","sell":"0.17","company":"1Coin","brand":"ABBC Coin","updated":"2021-07-20 04:01:10","brand1":"AC","day":"20210720","id":"8493902","type":"ABBC","code":"ABBC"},{"buy":"0.17","sell":"0.17","company":"1Coin","brand":"Dogecoin","updated":"2021-07-20 23:20:21","brand1":"D","day":"20210720","id":"8501737","type":"DOGE","code":"OGE"},{"buy":"0.17","sell":"0.17","company":"1Coin","brand":"NKN","updated":"2021-07-20 18:05:26","brand1":"NKN","day":"20210720","id":"8500884","type":"NKN","code":""},{"buy":"0.17","sell":"0.17","company":"1Coin","brand":"NOIA Network","updated":"2021-07-20 14:01:37","brand1":"NN","day":"20210720","id":"8498146","type":"NOIA","code":"NOIA"},{"buy":"0.16","sell":"0.16","company":"1Coin","brand":"aelf","updated":"2021-07-20 14:01:30","brand1":"aelf","day":"20210720","id":"8497896","type":"ELF","code":"ELF"},{"buy":"0.16","sell":"0.16","company":"1Coin","brand":"Fantom","updated":"2021-07-20 14:01:03","brand1":"F","day":"20210720","id":"8496948","type":"FTM","code":"TM"},{"buy":"0.16","sell":"0.16","company":"1Coin","brand":"Hedera Hashgraph","updated":"2021-07-20 14:00:54","brand1":"HH","day":"20210720","id":"8496578","type":"HBAR","code":"HBAR"},{"buy":"0.16","sell":"0.16","company":"1Coin","brand":"Polymath","updated":"2021-07-20 14:01:18","brand1":"P","day":"20210720","id":"8497511","type":"POLY","code":"OLY"},{"buy":"0.16","sell":"0.16","company":"1Coin","brand":"Power Ledger","updated":"2021-07-20 14:01:36","brand1":"PL","day":"20210720","id":"8498109","type":"POWR","code":"POWR"},{"buy":"0.16","sell":"0.16","company":"1Coin","brand":"Utrust","updated":"2021-07-20 18:05:45","brand1":"U","day":"20210720","id":"8501037","type":"UTK","code":"TK"},{"buy":"0.15","sell":"0.15","company":"1Coin","brand":"RSK Infrastructure Framework","updated":"2021-07-20 08:05:23","brand1":"RIF","day":"20210720","id":"8495347","type":"RIF","code":""},{"buy":"0.15","sell":"0.15","company":"1Coin","brand":"SingularityNET","updated":"2021-07-20 18:05:23","brand1":"S","day":"20210720","id":"8500874","type":"AGIX","code":"AGIX"},{"buy":"0.14","sell":"0.14","company":"1Coin","brand":"Alien Worlds","updated":"2021-07-20 14:01:26","brand1":"AW","day":"20210720","id":"8497771","type":"TLM","code":"TLM"},{"buy":"0.12","sell":"0.12","company":"1Coin","brand":"Ardor","updated":"2021-07-20 14:01:15","brand1":"A","day":"20210720","id":"8497387","type":"ARDR","code":"RDR"},{"buy":"0.12","sell":"0.12","company":"1Coin","brand":"HEX","updated":"2021-07-20 18:05:28","brand1":"HEX","day":"20210720","id":"8500904","type":"HEX","code":""},{"buy":"0.12","sell":"0.12","company":"1Coin","brand":"NEM","updated":"2021-07-20 14:00:57","brand1":"NEM","day":"20210720","id":"8496684","type":"XEM","code":"XEM"},{"buy":"0.12","sell":"0.12","company":"1Coin","brand":"Radix","updated":"2021-07-20 04:01:27","brand1":"R","day":"20210720","id":"8494081","type":"EXRD","code":"EXD"},{"buy":"0.11","sell":"0.11","company":"1Coin","brand":"Constellation","updated":"2021-07-20 14:01:12","brand1":"C","day":"20210720","id":"8497272","type":"DAG","code":"DAG"},{"buy":"0.11","sell":"0.11","company":"1Coin","brand":"district0x","updated":"2021-07-20 04:03:34","brand1":"d","day":"20210720","id":"8494916","type":"DNT","code":"DNT"},{"buy":"0.11","sell":"0.11","company":"1Coin","brand":"Syscoin","updated":"2021-07-20 08:05:42","brand1":"S","day":"20210720","id":"8495474","type":"SYS","code":"Y"},{"buy":"0.11","sell":"0.11","company":"1Coin","brand":"WAX","updated":"2021-07-19 20:03:06","brand1":"WAX","day":"20210720","id":"8492842","type":"WAXP","code":"P"},{"buy":"0.10","sell":"0.10","company":"1Coin","brand":"Basid Coin","updated":"2021-07-20 00:00:00","brand1":"BC","day":"20210720","id":"8500042","type":"BASID","code":"BASID"},{"buy":"0.10","sell":"0.10","company":"1Coin","brand":"Casper","updated":"2021-07-18 02:02:17","brand1":"C","day":"20210720","id":"8492644","type":"CSPR","code":"SPR"},{"buy":"0.10","sell":"0.10","company":"1Coin","brand":"Crypto.com Coin","updated":"2021-07-20 17:05:01","brand1":"CC","day":"20210720","id":"8500659","type":"CRO","code":"CRO"},{"buy":"0.09","sell":"0.09","company":"1Coin","brand":"BORA","updated":"2021-07-20 14:01:33","brand1":"BORA","day":"20210720","id":"8497998","type":"BORA","code":""},{"buy":"0.09","sell":"0.09","company":"1Coin","brand":"COTI","updated":"2021-07-20 14:01:39","brand1":"COTI","day":"20210720","id":"8498705","type":"COTI","code":""},{"buy":"0.09","sell":"0.09","company":"1Coin","brand":"Metadium","updated":"2021-07-20 03:01:16","brand1":"M","day":"20210720","id":"8497432","type":"META","code":"ETA"},{"buy":"0.09","sell":"0.09","company":"1Coin","brand":"Symbol","updated":"2021-07-20 14:01:21","brand1":"S","day":"20210720","id":"8497598","type":"XYM","code":"XYM"},{"buy":"0.08","sell":"0.08","company":"1Coin","brand":"dKargo","updated":"2021-07-20 06:01:31","brand1":"d","day":"20210720","id":"8497914","type":"DKA","code":"DKA"},{"buy":"0.08","sell":"0.08","company":"1Coin","brand":"Streamr","updated":"2021-07-20 14:01:37","brand1":"S","day":"20210720","id":"8498125","type":"DATA","code":"DATA"},{"buy":"0.08","sell":"0.08","company":"1Coin","brand":"yOUcash","updated":"2021-07-20 04:01:18","brand1":"y","day":"20210720","id":"8493979","type":"YOUC","code":"YOUC"},{"buy":"0.07","sell":"0.07","company":"1Coin","brand":"XinFin Network","updated":"2021-07-20 18:05:07","brand1":"XN","day":"20210720","id":"8500726","type":"XDC","code":"XDC"},{"buy":"0.06","sell":"0.06","company":"1Coin","brand":"Ankr","updated":"2021-07-19 22:05:22","brand1":"Ankr","day":"20210720","id":"8492612","type":"ANKR","code":"ANKR"},{"buy":"0.06","sell":"0.06","company":"1Coin","brand":"Harmony","updated":"2021-07-20 01:00:59","brand1":"H","day":"20210720","id":"8493776","type":"ONE","code":"ONE"},{"buy":"0.06","sell":"0.06","company":"1Coin","brand":"VeChain","updated":"2021-07-20 09:36:21","brand1":"V","day":"20210720","id":"8495809","type":"VET","code":"ET"},{"buy":"0.06","sell":"0.06","company":"1Coin","brand":"Zilliqa","updated":"2021-07-19 20:02:57","brand1":"Z","day":"20210720","id":"8492854","type":"ZIL","code":"IL"},{"buy":"0.05","sell":"0.05","company":"1Coin","brand":"Bytom","updated":"2021-07-20 03:01:35","brand1":"B","day":"20210720","id":"8498077","type":"BTM","code":"TM"},{"buy":"0.05","sell":"0.05","company":"1Coin","brand":"Ravencoin","updated":"2021-07-20 14:01:02","brand1":"R","day":"20210720","id":"8496885","type":"RVN","code":"VN"},{"buy":"0.05","sell":"0.05","company":"1Coin","brand":"TRON","updated":"2021-07-20 11:38:16","brand1":"TRON","day":"20210720","id":"8496195","type":"TRX","code":"TRX"},{"buy":"0.04","sell":"0.04","company":"1Coin","brand":"Amp","updated":"2021-07-20 14:00:54","brand1":"Amp","day":"20210720","id":"8496546","type":"AMP","code":"AMP"},{"buy":"0.04","sell":"0.04","company":"1Coin","brand":"JUST","updated":"2021-07-19 20:03:28","brand1":"JUST","day":"20210720","id":"8492711","type":"JST","code":"JST"},{"buy":"0.04","sell":"0.04","company":"1Coin","brand":"Klever","updated":"2021-07-20 14:01:26","brand1":"K","day":"20210720","id":"8497756","type":"KLV","code":"LV"},{"buy":"0.04","sell":"0.04","company":"1Coin","brand":"MediBloc","updated":"2021-07-20 14:01:17","brand1":"M","day":"20210720","id":"8497490","type":"MED","code":"ED"},{"buy":"0.03","sell":"0.03","company":"1Coin","brand":"Linear","updated":"2021-07-19 10:03:50","brand1":"L","day":"20210720","id":"8492721","type":"LINA","code":"INA"},{"buy":"0.02","sell":"0.02","company":"1Coin","brand":"Celer Network","updated":"2021-07-20 12:05:26","brand1":"CN","day":"20210720","id":"8500887","type":"CELR","code":"CELR"},{"buy":"0.01","sell":"0.01","company":"1Coin","brand":"Electroneum","updated":"2021-07-18 02:02:10","brand1":"E","day":"20210720","id":"8492672","type":"ETN","code":"TN"},{"buy":"0.00","sell":"0.00","company":"1Coin","brand":"Bytecoin","updated":"2021-07-19 00:00:00","brand1":"B","day":"20210720","id":"8492641","type":"BCN","code":"CN"}]}],"time":4,"excute1_time":0,"excute2_time":4,"excute3_time":0,"count1":0,"count2":381}