
{"golds":[{"updated":"2021-07-21 08:37:24","date":"20210721","gold":[],"value":[{"buy":"56,820.00","sell":"57,500.00","company":"SJC","brand":"Long Xuyên","updated":"2021-07-21 08:37:24","brand1":"LX","day":"20210721","id":"8503646","type":"Vàng SJC","code":""},{"buy":"56,800.00","sell":"57,470.00","company":"SJC","brand":"Bạc Liêu","updated":"2021-07-21 08:37:24","brand1":"BL","day":"20210721","id":"8503647","type":"Vàng SJC","code":""},{"buy":"56,800.00","sell":"57,450.00","company":"SJC","brand":"Biên Hòa","updated":"2021-07-21 08:37:24","brand1":"BH","day":"20210721","id":"8503643","type":"Vàng SJC","code":""},{"buy":"56,800.00","sell":"57,470.00","company":"SJC","brand":"Cà Mau","updated":"2021-07-21 08:37:24","brand1":"CM","day":"20210721","id":"8503640","type":"Vàng SJC","code":""},{"buy":"56,800.00","sell":"57,470.00","company":"SJC","brand":"Hà Nội","updated":"2021-07-21 08:37:24","brand1":"HN","day":"20210721","id":"8503637","type":"Vàng SJC","code":""},{"buy":"56,800.00","sell":"57,450.00","company":"SJC","brand":"Hồ Chí Minh","updated":"2021-07-21 08:37:24","brand1":"HCM","day":"20210721","id":"8503628","type":"Vàng SJC 1L","code":""},{"buy":"56,800.00","sell":"57,450.00","company":"SJC","brand":"Miền Tây","updated":"2021-07-21 08:37:24","brand1":"MT","day":"20210721","id":"8503644","type":"Vàng SJC","code":""},{"buy":"56,800.00","sell":"57,470.00","company":"SJC","brand":"Nha Trang","updated":"2021-07-21 08:37:24","brand1":"NT","day":"20210721","id":"8503639","type":"Vàng SJC","code":""},{"buy":"56,800.00","sell":"57,450.00","company":"SJC","brand":"Quãng Ngãi","updated":"2021-07-21 08:37:24","brand1":"QN","day":"20210721","id":"8503645","type":"Vàng SJC","code":""},{"buy":"56,800.00","sell":"57,470.00","company":"SJC","brand":"Đà  Nẵng","updated":"2021-07-21 08:37:24","brand1":"ĐN","day":"20210721","id":"8503638","type":"Vàng SJC","code":""},{"buy":"56,780.00","sell":"57,470.00","company":"SJC","brand":"Bình Phước","updated":"2021-07-21 08:37:24","brand1":"BP","day":"20210721","id":"8503642","type":"Vàng SJC","code":""},{"buy":"56,780.00","sell":"57,470.00","company":"SJC","brand":"Hạ Long","updated":"2021-07-21 08:37:24","brand1":"HL","day":"20210721","id":"8503650","type":"Vàng SJC","code":""},{"buy":"56,780.00","sell":"57,470.00","company":"SJC","brand":"Phan Rang","updated":"2021-07-21 08:37:24","brand1":"PR","day":"20210721","id":"8503649","type":"Vàng SJC","code":""},{"buy":"56,780.00","sell":"57,470.00","company":"SJC","brand":"Quảng Nam","updated":"2021-07-21 08:37:24","brand1":"QN","day":"20210721","id":"8503651","type":"Vàng SJC","code":""},{"buy":"56,780.00","sell":"57,470.00","company":"SJC","brand":"Quy Nhơn","updated":"2021-07-21 08:37:24","brand1":"QN","day":"20210721","id":"8503648","type":"Vàng SJC","code":""},{"buy":"56,770.00","sell":"57,480.00","company":"SJC","brand":"Huế","updated":"2021-07-21 08:37:24","brand1":"Huế","day":"20210721","id":"8503641","type":"Vàng SJC","code":""},{"buy":"51,200.00","sell":"52,000.00","company":"SJC","brand":"Hồ Chí Minh","updated":"2021-07-21 08:37:24","brand1":"HCM","day":"20210721","id":"8503631","type":"Vàng nhẫn SJC 99,99 0,5 chỉ","code":"nhẫn  99,99 0,5 chỉ"},{"buy":"51,200.00","sell":"51,900.00","company":"SJC","brand":"Hồ Chí Minh","updated":"2021-07-21 08:37:24","brand1":"HCM","day":"20210721","id":"8503629","type":"Vàng nhẫn SJC 99,99 1 chỉ, 2 chỉ, 5 chỉ","code":"nhẫn  99,99 1 chỉ, 2 chỉ, 5 chỉ"},{"buy":"50,900.00","sell":"51,600.00","company":"SJC","brand":"Hồ Chí Minh","updated":"2021-07-21 08:37:24","brand1":"HCM","day":"20210721","id":"8503632","type":"Vàng nữ trang 99,99%","code":"nữ trang 99,99%"},{"buy":"50,089.00","sell":"51,089.00","company":"SJC","brand":"Hồ Chí Minh","updated":"2021-07-21 08:37:24","brand1":"HCM","day":"20210721","id":"8503633","type":"Vàng nữ trang 99%","code":"nữ trang 99%"},{"buy":"36,854.00","sell":"38,854.00","company":"SJC","brand":"Hồ Chí Minh","updated":"2021-07-21 08:37:24","brand1":"HCM","day":"20210721","id":"8503634","type":"Vàng nữ trang 75%","code":"nữ trang 75%"},{"buy":"28,236.00","sell":"30,236.00","company":"SJC","brand":"Hồ Chí Minh","updated":"2021-07-21 08:37:24","brand1":"HCM","day":"20210721","id":"8503635","type":"Vàng nữ trang 58,3%","code":"nữ trang 58,3%"},{"buy":"19,669.00","sell":"21,669.00","company":"SJC","brand":"Hồ Chí Minh","updated":"2021-07-21 08:37:24","brand1":"HCM","day":"20210721","id":"8503636","type":"Vàng nữ trang 41,7%","code":"nữ trang 41,7%"},{"buy":"56,800.00","sell":"57,500.00","company":"DOJI","brand":"","updated":"2021-07-21 17:37:00","brand1":"","day":"20210721","id":"8507107","type":"AVPL \/ DOJI CT buôn","code":"AVPL \/  CT buôn"},{"buy":"56,800.00","sell":"57,500.00","company":"DOJI","brand":"","updated":"2021-07-21 17:37:00","brand1":"","day":"20210721","id":"8507106","type":"AVPL \/ DOJI CT lẻ","code":"AVPL \/  CT"},{"buy":"56,800.00","sell":"57,500.00","company":"DOJI","brand":"Hà Nội","updated":"2021-07-21 17:37:00","brand1":"HN","day":"20210721","id":"8507099","type":"AVPL \/ DOJI HN buôn","code":"AVPL \/   buôn"},{"buy":"56,800.00","sell":"57,500.00","company":"DOJI","brand":"Hà Nội","updated":"2021-07-21 17:37:00","brand1":"HN","day":"20210721","id":"8507098","type":"AVPL \/ DOJI HN lẻ","code":"AVPL \/"},{"buy":"56,750.00","sell":"57,550.00","company":"DOJI","brand":"","updated":"2021-07-21 17:37:00","brand1":"","day":"20210721","id":"8507103","type":"AVPL \/ DOJI ĐN buôn","code":"AVPL \/  ĐN buôn"},{"buy":"56,750.00","sell":"57,550.00","company":"DOJI","brand":"","updated":"2021-07-21 17:37:00","brand1":"","day":"20210721","id":"8507102","type":"AVPL \/ DOJI ĐN lẻ","code":"AVPL \/  ĐN"},{"buy":"56,750.00","sell":"57,500.00","company":"DOJI","brand":"Hồ Chí Minh","updated":"2021-07-21 17:37:00","brand1":"HCM","day":"20210721","id":"8507101","type":"AVPL \/ DOJI HCM buôn","code":"AVPL \/   buôn"},{"buy":"56,750.00","sell":"57,500.00","company":"DOJI","brand":"Hồ Chí Minh","updated":"2021-07-21 17:37:00","brand1":"HCM","day":"20210721","id":"8507100","type":"AVPL \/ DOJI HCM lẻ","code":"AVPL \/"},{"buy":"51,200.00","sell":"51,450.00","company":"DOJI","brand":"Hà Nội","updated":"2021-07-21 17:37:00","brand1":"HN","day":"20210721","id":"8507104","type":"Nguyên liêu 9999 - HN","code":"Nguyên liêu 9999 -"},{"buy":"51,150.00","sell":"51,400.00","company":"DOJI","brand":"Hà Nội","updated":"2021-07-21 17:37:00","brand1":"HN","day":"20210721","id":"8507105","type":"Nguyên liêu 999 - HN","code":"Nguyên liêu 999 -"},{"buy":"5,680.00","sell":"5,750.00","company":"DOJI","brand":"Hà Nội","updated":"2021-07-21 17:37:00","brand1":"HN","day":"20210721","id":"8507064","type":"Kim Ngân Tài","code":"Kim Ngân Tài"},{"buy":"5,680.00","sell":"5,750.00","company":"DOJI","brand":"Hà Nội","updated":"2021-07-21 17:37:00","brand1":"HN","day":"20210721","id":"8507061","type":"Kim Ngưu","code":"Kim Ngưu"},{"buy":"5,680.00","sell":"5,750.00","company":"DOJI","brand":"Hà Nội","updated":"2021-07-21 17:37:00","brand1":"HN","day":"20210721","id":"8507062","type":"Kim Thần Tài","code":"Kim Thần Tài"},{"buy":"5,680.00","sell":"5,750.00","company":"DOJI","brand":"Hà Nội","updated":"2021-07-21 17:37:00","brand1":"HN","day":"20210721","id":"8507063","type":"Lộc Phát Tài","code":"Lộc Phát Tài"},{"buy":"5,675.00","sell":"5,755.00","company":"DOJI","brand":"","updated":"2021-07-21 17:37:00","brand1":"","day":"20210721","id":"8507078","type":"Kim Thần Tài","code":"Kim Thần Tài"},{"buy":"5,675.00","sell":"5,755.00","company":"DOJI","brand":"","updated":"2021-07-21 17:37:00","brand1":"","day":"20210721","id":"8507077","type":"Lộc Phát Tài","code":"Lộc Phát Tài"},{"buy":"5,675.00","sell":"5,750.00","company":"DOJI","brand":"Hồ Chí Minh","updated":"2021-07-21 17:37:00","brand1":"HCM","day":"20210721","id":"8507086","type":"Kim Ngưu","code":"Kim Ngưu"},{"buy":"5,675.00","sell":"5,750.00","company":"DOJI","brand":"Hồ Chí Minh","updated":"2021-07-21 17:37:00","brand1":"HCM","day":"20210721","id":"8507087","type":"Kim Thần Tài","code":"Kim Thần Tài"},{"buy":"5,675.00","sell":"5,750.00","company":"DOJI","brand":"Hồ Chí Minh","updated":"2021-07-21 17:37:00","brand1":"HCM","day":"20210721","id":"8507088","type":"Lộc Phát Tài","code":"Lộc Phát Tài"},{"buy":"5,125.00","sell":"5,175.00","company":"DOJI","brand":"Hà Nội","updated":"2021-07-21 17:37:00","brand1":"HN","day":"20210721","id":"8507065","type":"Hưng Thịnh Vượng","code":"Hưng Thịnh Vượng"},{"buy":"5,125.00","sell":"5,155.00","company":"DOJI","brand":"Hồ Chí Minh","updated":"2021-07-21 17:37:00","brand1":"HCM","day":"20210721","id":"8507090","type":"Nguyên liệu 9999","code":"Nguyên liệu 9999"},{"buy":"5,125.00","sell":"5,175.00","company":"DOJI","brand":"Hồ Chí Minh","updated":"2021-07-21 17:37:00","brand1":"HCM","day":"20210721","id":"8507089","type":"Nhẫn H.T.V","code":"Nhẫn H.T.V"},{"buy":"5,120.00","sell":"5,158.00","company":"DOJI","brand":"","updated":"2021-07-21 17:37:00","brand1":"","day":"20210721","id":"8507075","type":"Nguyên liệu 9999","code":"Nguyên liệu 9999"},{"buy":"5,120.00","sell":"5,145.00","company":"DOJI","brand":"Hà Nội","updated":"2021-07-21 17:37:00","brand1":"HN","day":"20210721","id":"8507066","type":"Nguyên liệu 99.99","code":"Nguyên liệu 99.99"},{"buy":"5,120.00","sell":"5,150.00","company":"DOJI","brand":"Hồ Chí Minh","updated":"2021-07-21 17:37:00","brand1":"HCM","day":"20210721","id":"8507091","type":"Nguyên liệu 999","code":"Nguyên liệu 999"},{"buy":"5,115.00","sell":"5,152.00","company":"DOJI","brand":"","updated":"2021-07-21 17:37:00","brand1":"","day":"20210721","id":"8507076","type":"Nguyên liệu 999","code":"Nguyên liệu 999"},{"buy":"5,115.00","sell":"5,140.00","company":"DOJI","brand":"Hà Nội","updated":"2021-07-21 17:37:00","brand1":"HN","day":"20210721","id":"8507067","type":"Nguyên liệu 99.9","code":"Nguyên liệu 99.9"},{"buy":"5,090.00","sell":"5,175.00","company":"DOJI","brand":"Hà Nội","updated":"2021-07-21 17:37:00","brand1":"HN","day":"20210721","id":"8507068","type":"Nữ trang 99.99","code":"Nữ trang 99.99"},{"buy":"5,090.00","sell":"5,175.00","company":"DOJI","brand":"Hồ Chí Minh","updated":"2021-07-21 17:37:00","brand1":"HCM","day":"20210721","id":"8507092","type":"Nữ trang 99.99","code":"Nữ trang 99.99"},{"buy":"5,090.00","sell":"5,175.00","company":"DOJI","brand":"Nhẫn DOJI Hưng Thịnh Vượng","updated":"2021-07-21 17:37:00","brand1":"NDHTV","day":"20210721","id":"8507079","type":"Nữ trang 99.99","code":"Nữ trang 99.99"},{"buy":"5,080.00","sell":"5,165.00","company":"DOJI","brand":"Hà Nội","updated":"2021-07-21 17:37:00","brand1":"HN","day":"20210721","id":"8507069","type":"Nữ trang 99.9","code":"Nữ trang 99.9"},{"buy":"5,080.00","sell":"5,165.00","company":"DOJI","brand":"Hồ Chí Minh","updated":"2021-07-21 17:37:00","brand1":"HCM","day":"20210721","id":"8507093","type":"Nữ trang 99.9","code":"Nữ trang 99.9"},{"buy":"5,080.00","sell":"5,165.00","company":"DOJI","brand":"Nhẫn DOJI Hưng Thịnh Vượng","updated":"2021-07-21 17:37:00","brand1":"NDHTV","day":"20210721","id":"8507080","type":"Nữ trang 99.9","code":"Nữ trang 99.9"},{"buy":"5,010.00","sell":"5,130.00","company":"DOJI","brand":"Hà Nội","updated":"2021-07-21 17:37:00","brand1":"HN","day":"20210721","id":"8507070","type":"Nữ trang 99","code":"Nữ trang 99"},{"buy":"5,010.00","sell":"5,130.00","company":"DOJI","brand":"Hồ Chí Minh","updated":"2021-07-21 17:37:00","brand1":"HCM","day":"20210721","id":"8507094","type":"Nữ trang 99","code":"Nữ trang 99"},{"buy":"5,010.00","sell":"5,130.00","company":"DOJI","brand":"Nhẫn DOJI Hưng Thịnh Vượng","updated":"2021-07-21 17:37:00","brand1":"NDHTV","day":"20210721","id":"8507081","type":"Nữ trang 99","code":"Nữ trang 99"},{"buy":"3,781.00","sell":"3,981.00","company":"DOJI","brand":"Hà Nội","updated":"2021-07-21 17:37:00","brand1":"HN","day":"20210721","id":"8507071","type":"Nữ trang 18k","code":"Nữ trang 18k"},{"buy":"3,781.00","sell":"3,981.00","company":"DOJI","brand":"Hồ Chí Minh","updated":"2021-07-21 17:37:00","brand1":"HCM","day":"20210721","id":"8507095","type":"Nữ Trang 18k","code":"Nữ Trang 18k"},{"buy":"3,781.00","sell":"3,981.00","company":"DOJI","brand":"Nhẫn DOJI Hưng Thịnh Vượng","updated":"2021-07-21 17:37:00","brand1":"NDHTV","day":"20210721","id":"8507082","type":"Nữ trang 18k","code":"Nữ trang 18k"},{"buy":"3,391.00","sell":"3,691.00","company":"DOJI","brand":"Hà Nội","updated":"2021-07-21 17:37:00","brand1":"HN","day":"20210721","id":"8507072","type":"Nữ trang 16k","code":"Nữ trang 16k"},{"buy":"3,391.00","sell":"3,691.00","company":"DOJI","brand":"Nhẫn DOJI Hưng Thịnh Vượng","updated":"2021-07-21 17:37:00","brand1":"NDHTV","day":"20210721","id":"8507083","type":"Nữ trang 68","code":"Nữ trang 68"},{"buy":"2,839.00","sell":"3,039.00","company":"DOJI","brand":"Hà Nội","updated":"2021-07-21 17:37:00","brand1":"HN","day":"20210721","id":"8507073","type":"Nữ trang 14k","code":"Nữ trang 14k"},{"buy":"2,839.00","sell":"3,039.00","company":"DOJI","brand":"Hồ Chí Minh","updated":"2021-07-21 17:37:00","brand1":"HCM","day":"20210721","id":"8507096","type":"Nữ Trang 14k","code":"Nữ Trang 14k"},{"buy":"2,839.00","sell":"3,039.00","company":"DOJI","brand":"Nhẫn DOJI Hưng Thịnh Vượng","updated":"2021-07-21 17:37:00","brand1":"NDHTV","day":"20210721","id":"8507084","type":"Nữ trang 14k","code":"Nữ trang 14k"},{"buy":"2,718.00","sell":"2,788.00","company":"DOJI","brand":"Hồ Chí Minh","updated":"2021-07-21 17:37:00","brand1":"HCM","day":"20210721","id":"8507097","type":"Nữ trang 68","code":"Nữ trang 68"},{"buy":"1,426.00","sell":"1,576.00","company":"DOJI","brand":"Hà Nội","updated":"2021-07-21 17:37:00","brand1":"HN","day":"20210721","id":"8507074","type":"Nữ trang 10k","code":"Nữ trang 10k"},{"buy":"1,426.00","sell":"1,576.00","company":"DOJI","brand":"Nhẫn DOJI Hưng Thịnh Vượng","updated":"2021-07-21 17:37:00","brand1":"NDHTV","day":"20210721","id":"8507085","type":"Nữ trang 10k","code":"Nữ trang 10k"},{"buy":"56,800.00","sell":"57,500.00","company":"3BANKS","brand":"SCB","updated":"2021-07-21 09:58:49","brand1":"SCB","day":"20210721","id":"8503911","type":"SJC","code":"SJC"},{"buy":"56,800.00","sell":"57,470.00","company":"3BANKS","brand":"VIETINBANK GOLD","updated":"2021-07-21 08:41:15","brand1":"VG","day":"20210721","id":"8503660","type":"SJC","code":"SJC"},{"buy":"56,500.00","sell":"57,800.00","company":"3BANKS","brand":"MARITIME BANK","updated":"2021-07-21 08:46:26","brand1":"MB","day":"20210721","id":"8503662","type":"SJC","code":"SJC"},{"buy":"52,500.00","sell":"53,500.00","company":"3BANKS","brand":"SACOMBANK","updated":"2021-07-21 17:39:06","brand1":"S","day":"20210721","id":"8507125","type":"SJC","code":"JC"},{"buy":"57,000.00","sell":"57,600.00","company":"2GROUP","brand":"PHÚ QUÝ SJC","updated":"2021-07-21 15:09:01","brand1":"PQS","day":"20210721","id":"8506716","type":"SJC","code":"SJC"},{"buy":"56,950.00","sell":"57,250.00","company":"2GROUP","brand":"Mi Hồng SJC","updated":"2021-07-21 00:40:40","brand1":"MHS","day":"20210721","id":"8502129","type":"SJC","code":"SJC"},{"buy":"56,800.00","sell":"57,450.00","company":"2GROUP","brand":"PNJ SJC","updated":"2021-07-21 09:38:07","brand1":"PS","day":"20210721","id":"8503865","type":"SJC","code":"SJC"},{"buy":"51,400.00","sell":"52,800.00","company":"2GROUP","brand":"PNJ 1L","updated":"2021-07-21 09:38:07","brand1":"P1","day":"20210721","id":"8503864","type":"SJC","code":"SJC"},{"buy":"1,804.30","sell":"1,805.30","company":"2GROUP","brand":"SPOT GOLD","updated":"2021-07-21 21:31:21","brand1":"SG","day":"20210721","id":"8508667","type":"SJC","code":"SJC"},{"buy":"69.47","sell":"69.47","company":"2GROUP","brand":"OIL","updated":"2021-07-21 21:31:21","brand1":"OIL","day":"20210721","id":"8508668","type":"SJC","code":"SJC"},{"buy":"51,350.00","sell":"52,150.00","company":"1OTHER","brand":"Nhẫn PHÚ QUÝ 24K","updated":"2021-07-21 08:58:39","brand1":"NPQ2","day":"20210721","id":"8503681","type":"SJC","code":"SJC"},{"buy":"51,200.00","sell":"51,900.00","company":"1OTHER","brand":"Nhẫn SJC 99,99","updated":"2021-07-21 08:37:24","brand1":"NS9","day":"20210721","id":"8503630","type":"SJC*","code":"SJC*"},{"buy":"51,200.00","sell":"51,800.00","company":"1OTHER","brand":"PNJ Nhẫn 24K","updated":"2021-07-21 09:38:07","brand1":"PN2","day":"20210721","id":"8503867","type":"SJC","code":"SJC"},{"buy":"51,100.00","sell":"51,450.00","company":"1OTHER","brand":"Mi Hồng 999","updated":"2021-07-21 00:40:40","brand1":"MH9","day":"20210721","id":"8502130","type":"SJC","code":"SJC"},{"buy":"50,700.00","sell":"51,500.00","company":"1OTHER","brand":"PNJ NT 24K","updated":"2021-07-21 09:38:07","brand1":"PN2","day":"20210721","id":"8503866","type":"SJC","code":"SJC"},{"buy":"50,100.00","sell":"51,100.00","company":"1OTHER","brand":"Mi Hồng 985","updated":"2021-07-21 00:40:40","brand1":"MH9","day":"20210721","id":"8502131","type":"SJC","code":"SJC"},{"buy":"49,900.00","sell":"50,900.00","company":"1OTHER","brand":"Mi Hồng 980","updated":"2021-07-21 00:40:40","brand1":"MH9","day":"20210721","id":"8502132","type":"SJC","code":"SJC"},{"buy":"37,380.00","sell":"38,780.00","company":"1OTHER","brand":"PNJ NT 18K","updated":"2021-07-21 09:38:07","brand1":"PN1","day":"20210721","id":"8503868","type":"SJC","code":"SJC"},{"buy":"33,700.00","sell":"35,700.00","company":"1OTHER","brand":"Mi Hồng 750","updated":"2021-07-21 00:40:40","brand1":"MH7","day":"20210721","id":"8502134","type":"SJC","code":"SJC"},{"buy":"31,000.00","sell":"32,700.00","company":"1OTHER","brand":"Mi Hồng 680","updated":"2021-07-21 00:40:40","brand1":"MH6","day":"20210721","id":"8502135","type":"SJC","code":"SJC"},{"buy":"30,000.00","sell":"31,700.00","company":"1OTHER","brand":"Mi Hồng 610","updated":"2021-07-21 00:40:40","brand1":"MH6","day":"20210721","id":"8502136","type":"SJC","code":"SJC"},{"buy":"28,880.00","sell":"30,280.00","company":"1OTHER","brand":"PNJ NT 14K","updated":"2021-07-21 09:38:07","brand1":"PN1","day":"20210721","id":"8503869","type":"SJC","code":"SJC"},{"buy":"20,170.00","sell":"21,570.00","company":"1OTHER","brand":"PNJ NT 10K","updated":"2021-07-21 09:38:07","brand1":"PN1","day":"20210721","id":"8503870","type":"SJC","code":"SJC"},{"buy":"0.00","sell":"48,200.00","company":"1OTHER","brand":"Mi Hồng 950","updated":"2021-07-21 00:40:40","brand1":"MH9","day":"20210721","id":"8502133","type":"SJC","code":"SJC"},{"buy":"31,769.56","sell":"31,769.56","company":"1Coin","brand":"Bitcoin","updated":"2021-07-21 21:32:19","brand1":"B","day":"20210721","id":"8508669","type":"BTC","code":"TC"},{"buy":"31,750.19","sell":"31,750.19","company":"1Coin","brand":"Wrapped Bitcoin","updated":"2021-07-21 21:32:22","brand1":"WB","day":"20210721","id":"8508677","type":"WBTC","code":"TC"},{"buy":"31,660.18","sell":"31,660.18","company":"1Coin","brand":"Huobi BTC","updated":"2021-07-21 20:01:18","brand1":"HB","day":"20210721","id":"8508077","type":"HBTC","code":"TC"},{"buy":"31,622.84","sell":"31,622.84","company":"1Coin","brand":"Bitcoin BEP2","updated":"2021-07-21 20:00:52","brand1":"BB","day":"20210721","id":"8507463","type":"BTCB","code":"BTCB"},{"buy":"31,480.54","sell":"31,480.54","company":"1Coin","brand":"renBTC","updated":"2021-07-21 20:01:02","brand1":"r","day":"20210721","id":"8507718","type":"RENBTC","code":"RENBTC"},{"buy":"28,084.14","sell":"28,084.14","company":"1Coin","brand":"yearn.finance","updated":"2021-07-21 20:00:56","brand1":"y","day":"20210721","id":"8507561","type":"YFI","code":"YFI"},{"buy":"6,480.61","sell":"6,480.61","company":"1Coin","brand":"cVault.finance","updated":"2021-07-21 12:03:51","brand1":"c","day":"20210721","id":"8505952","type":"CORE","code":"CORE"},{"buy":"2,429.98","sell":"2,429.98","company":"1Coin","brand":"DFI.Money","updated":"2021-07-21 20:01:30","brand1":"D","day":"20210721","id":"8508330","type":"YFII","code":"YFII"},{"buy":"2,384.52","sell":"2,384.52","company":"1Coin","brand":"Maker","updated":"2021-07-21 20:00:52","brand1":"M","day":"20210721","id":"8507449","type":"MKR","code":"KR"},{"buy":"1,931.07","sell":"1,931.07","company":"1Coin","brand":"Ethereum","updated":"2021-07-21 21:32:20","brand1":"E","day":"20210721","id":"8508670","type":"ETH","code":"TH"},{"buy":"1,931.07","sell":"1,931.07","company":"1Coin","brand":"Ethereum 2","updated":"2021-07-21 21:32:20","brand1":"E2","day":"20210721","id":"8508671","type":"ETH2","code":"ETH2"},{"buy":"1,905.43","sell":"1,905.43","company":"1Coin","brand":"stETH","updated":"2021-07-21 20:01:19","brand1":"s","day":"20210721","id":"8508083","type":"STETH","code":"STETH"},{"buy":"1,805.49","sell":"1,805.49","company":"1Coin","brand":"PAX Gold","updated":"2021-07-21 20:01:17","brand1":"PG","day":"20210721","id":"8508041","type":"PAXG","code":"PAXG"},{"buy":"634.51","sell":"634.51","company":"1Coin","brand":"Venus BTC","updated":"2021-07-21 20:01:26","brand1":"VB","day":"20210721","id":"8508250","type":"VBTC","code":"TC"},{"buy":"424.85","sell":"424.85","company":"1Coin","brand":"Bitcoin Cash","updated":"2021-07-21 21:32:21","brand1":"BC","day":"20210721","id":"8508674","type":"BCH","code":"H"},{"buy":"377.69","sell":"377.69","company":"1Coin","brand":"Compound","updated":"2021-07-21 20:00:52","brand1":"C","day":"20210721","id":"8507478","type":"COMP","code":"OMP"},{"buy":"288.39","sell":"288.39","company":"1Coin","brand":"Binance Coin","updated":"2021-07-21 21:32:20","brand1":"BC","day":"20210721","id":"8508672","type":"BNB","code":"BNB"},{"buy":"288.14","sell":"288.14","company":"1Coin","brand":"Wrapped BNB","updated":"2021-07-21 20:01:18","brand1":"WB","day":"20210721","id":"8508071","type":"WBNB","code":"NB"},{"buy":"250.38","sell":"250.38","company":"1Coin","brand":"Aave","updated":"2021-07-21 21:32:23","brand1":"Aave","day":"20210721","id":"8508684","type":"AAVE","code":"AAVE"},{"buy":"243.27","sell":"243.27","company":"1Coin","brand":"Alchemix","updated":"2021-07-21 20:01:37","brand1":"A","day":"20210721","id":"8508479","type":"ALCX","code":"LCX"},{"buy":"194.62","sell":"194.62","company":"1Coin","brand":"Monero","updated":"2021-07-21 21:32:23","brand1":"M","day":"20210721","id":"8508682","type":"XMR","code":"XR"},{"buy":"176.01","sell":"176.01","company":"1Coin","brand":"Gnosis","updated":"2021-07-21 20:01:05","brand1":"G","day":"20210721","id":"8507748","type":"GNO","code":"NO"},{"buy":"170.54","sell":"170.54","company":"1Coin","brand":"Kusama","updated":"2021-07-21 20:00:54","brand1":"K","day":"20210721","id":"8507524","type":"KSM","code":"SM"},{"buy":"156.10","sell":"156.10","company":"1Coin","brand":"Cream Finance","updated":"2021-07-21 20:01:27","brand1":"CF","day":"20210721","id":"8508289","type":"CREAM","code":"CREAM"},{"buy":"140.34","sell":"140.34","company":"1Coin","brand":"Dash","updated":"2021-07-21 20:00:54","brand1":"Dash","day":"20210721","id":"8507518","type":"DASH","code":"DASH"},{"buy":"120.37","sell":"120.37","company":"1Coin","brand":"Bitcoin SV","updated":"2021-07-21 20:00:52","brand1":"BS","day":"20210721","id":"8507475","type":"BSV","code":"V"},{"buy":"116.31","sell":"116.31","company":"1Coin","brand":"Litecoin","updated":"2021-07-21 21:32:21","brand1":"L","day":"20210721","id":"8508675","type":"LTC","code":"TC"},{"buy":"114.48","sell":"114.48","company":"1Coin","brand":"KeeperDAO","updated":"2021-07-21 20:01:38","brand1":"K","day":"20210721","id":"8508495","type":"ROOK","code":"ROO"},{"buy":"107.33","sell":"107.33","company":"1Coin","brand":"Decred","updated":"2021-07-21 20:00:54","brand1":"D","day":"20210721","id":"8507530","type":"DCR","code":"CR"},{"buy":"102.21","sell":"102.21","company":"1Coin","brand":"Counos X","updated":"2021-07-21 20:01:18","brand1":"CX","day":"20210721","id":"8508065","type":"CCXX","code":"CX"},{"buy":"91.68","sell":"91.68","company":"1Coin","brand":"Zcash","updated":"2021-07-21 20:00:56","brand1":"Z","day":"20210721","id":"8507552","type":"ZEC","code":"EC"},{"buy":"76.96","sell":"76.96","company":"1Coin","brand":"Elrond","updated":"2021-07-21 20:00:53","brand1":"E","day":"20210721","id":"8507506","type":"EGLD","code":"GLD"},{"buy":"75.00","sell":"75.00","company":"1Coin","brand":"Quant","updated":"2021-07-21 20:00:57","brand1":"Q","day":"20210721","id":"8507585","type":"QNT","code":"NT"},{"buy":"72.96","sell":"72.96","company":"1Coin","brand":"NXM","updated":"2021-07-21 20:01:21","brand1":"NXM","day":"20210721","id":"8508151","type":"NXM","code":""},{"buy":"66.80","sell":"66.80","company":"1Coin","brand":"Enzyme","updated":"2021-07-21 20:01:16","brand1":"E","day":"20210721","id":"8508028","type":"MLN","code":"MLN"},{"buy":"49.13","sell":"49.13","company":"1Coin","brand":"Wrapped NXM","updated":"2021-07-21 20:01:31","brand1":"WN","day":"20210721","id":"8508361","type":"WNXM","code":"XM"},{"buy":"46.24","sell":"46.24","company":"1Coin","brand":"Horizen","updated":"2021-07-21 20:01:01","brand1":"H","day":"20210721","id":"8507660","type":"ZEN","code":"ZEN"},{"buy":"45.72","sell":"45.72","company":"1Coin","brand":"Filecoin","updated":"2021-07-21 21:32:23","brand1":"F","day":"20210721","id":"8508681","type":"FIL","code":"IL"},{"buy":"42.92","sell":"42.92","company":"1Coin","brand":"Ethereum Classic","updated":"2021-07-21 21:32:22","brand1":"EC","day":"20210721","id":"8508678","type":"ETC","code":"ETC"},{"buy":"38.45","sell":"38.45","company":"1Coin","brand":"Venus ETH","updated":"2021-07-21 20:01:33","brand1":"VE","day":"20210721","id":"8508404","type":"VETH","code":"TH"},{"buy":"37.12","sell":"37.12","company":"1Coin","brand":"Bitcoin Gold","updated":"2021-07-21 20:00:58","brand1":"BG","day":"20210721","id":"8507625","type":"BTG","code":"BTG"},{"buy":"36.26","sell":"36.26","company":"1Coin","brand":"Strike","updated":"2021-07-21 20:01:17","brand1":"S","day":"20210721","id":"8508047","type":"STRK","code":"TRK"},{"buy":"34.34","sell":"34.34","company":"1Coin","brand":"Internet Computer","updated":"2021-07-21 21:32:22","brand1":"IC","day":"20210721","id":"8508679","type":"ICP","code":"P"},{"buy":"30.61","sell":"30.61","company":"1Coin","brand":"Numeraire","updated":"2021-07-21 20:01:12","brand1":"N","day":"20210721","id":"8507926","type":"NMR","code":"MR"},{"buy":"27.95","sell":"27.95","company":"1Coin","brand":"Neo","updated":"2021-07-21 20:00:53","brand1":"Neo","day":"20210721","id":"8507490","type":"NEO","code":"NEO"},{"buy":"27.70","sell":"27.70","company":"1Coin","brand":"FTX Token","updated":"2021-07-21 20:00:51","brand1":"FT","day":"20210721","id":"8507435","type":"FTT","code":"T"},{"buy":"26.37","sell":"26.37","company":"1Coin","brand":"Solana","updated":"2021-07-21 21:32:22","brand1":"S","day":"20210721","id":"8508676","type":"SOL","code":"OL"},{"buy":"24.16","sell":"24.16","company":"1Coin","brand":"Bitcoin Cash ABC","updated":"2021-07-21 20:01:21","brand1":"BCA","day":"20210721","id":"8508152","type":"BCHA","code":"BCHA"},{"buy":"20.71","sell":"20.71","company":"1Coin","brand":"BarnBridge","updated":"2021-07-21 20:01:35","brand1":"B","day":"20210721","id":"8508422","type":"BOND","code":"OND"},{"buy":"19.35","sell":"19.35","company":"1Coin","brand":"Augur","updated":"2021-07-21 20:01:10","brand1":"A","day":"20210721","id":"8507877","type":"REP","code":"REP"},{"buy":"19.35","sell":"19.35","company":"1Coin","brand":"REPv2","updated":"2021-07-21 20:01:11","brand1":"R","day":"20210721","id":"8507883","type":"REPV2","code":"EPV2"},{"buy":"18.03","sell":"18.03","company":"1Coin","brand":"Axie Infinity Shards","updated":"2021-07-21 20:00:56","brand1":"AIS","day":"20210721","id":"8507555","type":"AXS","code":"AXS"},{"buy":"17.22","sell":"17.22","company":"1Coin","brand":"Balancer","updated":"2021-07-21 20:01:16","brand1":"B","day":"20210721","id":"8508015","type":"BAL","code":"AL"},{"buy":"16.06","sell":"16.06","company":"1Coin","brand":"Uniswap","updated":"2021-07-21 21:32:21","brand1":"U","day":"20210721","id":"8508673","type":"UNI","code":"NI"},{"buy":"16.01","sell":"16.01","company":"1Coin","brand":"Venus","updated":"2021-07-21 20:01:11","brand1":"V","day":"20210721","id":"8507895","type":"XVS","code":"XS"},{"buy":"15.20","sell":"15.20","company":"1Coin","brand":"Chainlink","updated":"2021-07-21 21:22:11","brand1":"C","day":"20210721","id":"8508656","type":"LINK","code":"LINK"},{"buy":"14.87","sell":"14.87","company":"1Coin","brand":"KLAYswap Protocol","updated":"2021-07-21 20:01:26","brand1":"KP","day":"20210721","id":"8508278","type":"KSP","code":"KSP"},{"buy":"14.75","sell":"14.75","company":"1Coin","brand":"Uquid Coin","updated":"2021-07-21 20:01:12","brand1":"UC","day":"20210721","id":"8507936","type":"UQC","code":"UQC"},{"buy":"14.20","sell":"14.20","company":"1Coin","brand":"Bitcoin Standard Hashrate Token","updated":"2021-07-21 20:01:11","brand1":"BSHT","day":"20210721","id":"8507913","type":"BTCST","code":"BTCST"},{"buy":"13.98","sell":"13.98","company":"1Coin","brand":"Ampleforth Governance Token","updated":"2021-07-21 20:01:26","brand1":"AGT","day":"20210721","id":"8508282","type":"FORTH","code":"FORTH"},{"buy":"13.37","sell":"13.37","company":"1Coin","brand":"Flow","updated":"2021-07-21 20:00:58","brand1":"Flow","day":"20210721","id":"8507613","type":"FLOW","code":"FLOW"},{"buy":"12.60","sell":"12.60","company":"1Coin","brand":"PancakeSwap","updated":"2021-07-21 20:00:51","brand1":"P","day":"20210721","id":"8507441","type":"CAKE","code":"CAKE"},{"buy":"12.57","sell":"12.57","company":"1Coin","brand":"Waves","updated":"2021-07-21 20:00:54","brand1":"W","day":"20210721","id":"8507540","type":"WAVES","code":"AVES"},{"buy":"12.27","sell":"12.27","company":"1Coin","brand":"Polkadot","updated":"2021-07-21 21:22:10","brand1":"P","day":"20210721","id":"8508651","type":"DOT","code":"DOT"},{"buy":"11.58","sell":"11.58","company":"1Coin","brand":"Livepeer","updated":"2021-07-21 20:01:06","brand1":"L","day":"20210721","id":"8507757","type":"LPT","code":"PT"},{"buy":"11.15","sell":"11.15","company":"1Coin","brand":"NewYork Exchange","updated":"2021-07-21 20:01:33","brand1":"NE","day":"20210721","id":"8508398","type":"NYE","code":"NYE"},{"buy":"10.78","sell":"10.78","company":"1Coin","brand":"OKB","updated":"2021-07-21 20:00:58","brand1":"OKB","day":"20210721","id":"8507631","type":"OKB","code":""},{"buy":"10.78","sell":"10.78","company":"1Coin","brand":"Prometeus","updated":"2021-07-21 20:01:10","brand1":"P","day":"20210721","id":"8507863","type":"PROM","code":"ROM"},{"buy":"10.61","sell":"10.61","company":"1Coin","brand":"Helium","updated":"2021-07-21 20:00:56","brand1":"H","day":"20210721","id":"8507567","type":"HNT","code":"NT"},{"buy":"10.39","sell":"10.39","company":"1Coin","brand":"Cosmos","updated":"2021-07-21 20:00:52","brand1":"C","day":"20210721","id":"8507469","type":"ATOM","code":"ATOM"},{"buy":"10.31","sell":"10.31","company":"1Coin","brand":"Avalanche","updated":"2021-07-21 20:00:53","brand1":"A","day":"20210721","id":"8507493","type":"AVAX","code":"VX"},{"buy":"9.74","sell":"9.74","company":"1Coin","brand":"Rocket Pool","updated":"2021-07-21 20:01:27","brand1":"RP","day":"20210721","id":"8508288","type":"RPL","code":"L"},{"buy":"9.55","sell":"9.55","company":"1Coin","brand":"KuCoin Token","updated":"2021-07-21 20:00:58","brand1":"KT","day":"20210721","id":"8507602","type":"KCS","code":"KCS"},{"buy":"9.42","sell":"9.42","company":"1Coin","brand":"The Transfer Token","updated":"2021-07-21 20:01:20","brand1":"TTT","day":"20210721","id":"8508093","type":"TTT","code":""},{"buy":"8.78","sell":"8.78","company":"1Coin","brand":"MCO","updated":"2021-07-21 20:01:13","brand1":"MCO","day":"20210721","id":"8507942","type":"MCO","code":""},{"buy":"8.27","sell":"8.27","company":"1Coin","brand":"Huobi Token","updated":"2021-07-21 20:00:54","brand1":"HT","day":"20210721","id":"8507536","type":"HT","code":""},{"buy":"8.10","sell":"8.10","company":"1Coin","brand":"Synthetix Network Token","updated":"2021-07-21 20:00:57","brand1":"SNT","day":"20210721","id":"8507576","type":"SNX","code":"SNX"},{"buy":"8.08","sell":"8.08","company":"1Coin","brand":"Arweave","updated":"2021-07-21 20:01:05","brand1":"A","day":"20210721","id":"8507747","type":"AR","code":"R"},{"buy":"7.99","sell":"7.99","company":"1Coin","brand":"UMA","updated":"2021-07-21 20:01:01","brand1":"UMA","day":"20210721","id":"8507678","type":"UMA","code":""},{"buy":"7.31","sell":"7.31","company":"1Coin","brand":"Badger DAO","updated":"2021-07-21 20:01:36","brand1":"BD","day":"20210721","id":"8508471","type":"BADGER","code":"BADGER"},{"buy":"7.10","sell":"7.10","company":"1Coin","brand":"Perpetual Protocol","updated":"2021-07-21 20:01:21","brand1":"PP","day":"20210721","id":"8508168","type":"PERP","code":"PERP"},{"buy":"6.86","sell":"6.86","company":"1Coin","brand":"Zelwin","updated":"2021-07-21 18:01:21","brand1":"Z","day":"20210721","id":"8508139","type":"ZLW","code":"LW"},{"buy":"6.76","sell":"6.76","company":"1Coin","brand":"SushiSwap","updated":"2021-07-21 20:00:57","brand1":"S","day":"20210721","id":"8507590","type":"SUSHI","code":"UHI"},{"buy":"6.73","sell":"6.73","company":"1Coin","brand":"Ethernity Chain","updated":"2021-07-21 20:01:35","brand1":"EC","day":"20210721","id":"8508449","type":"ERN","code":"ERN"},{"buy":"6.38","sell":"6.38","company":"1Coin","brand":"Terra","updated":"2021-07-21 20:00:51","brand1":"T","day":"20210721","id":"8507429","type":"LUNA","code":"LUNA"},{"buy":"6.33","sell":"6.33","company":"1Coin","brand":"LUKSO","updated":"2021-07-21 20:01:28","brand1":"L","day":"20210721","id":"8508315","type":"LYXE","code":"YXE"},{"buy":"6.27","sell":"6.27","company":"1Coin","brand":"Dero","updated":"2021-07-21 20:01:38","brand1":"Dero","day":"20210721","id":"8508489","type":"DERO","code":"DERO"},{"buy":"6.23","sell":"6.23","company":"1Coin","brand":"Persistence","updated":"2021-07-21 20:01:22","brand1":"P","day":"20210721","id":"8508200","type":"XPRT","code":"XRT"},{"buy":"6.05","sell":"6.05","company":"1Coin","brand":"TitanSwap","updated":"2021-07-21 20:01:21","brand1":"T","day":"20210721","id":"8508162","type":"TITAN","code":"IAN"},{"buy":"5.85","sell":"5.85","company":"1Coin","brand":"Venus BNB","updated":"2021-07-21 20:01:21","brand1":"VB","day":"20210721","id":"8508145","type":"VBNB","code":"NB"},{"buy":"5.75","sell":"5.75","company":"1Coin","brand":"Injective Protocol","updated":"2021-07-21 20:01:11","brand1":"IP","day":"20210721","id":"8507889","type":"INJ","code":"INJ"},{"buy":"5.68","sell":"5.68","company":"1Coin","brand":"Gitcoin","updated":"2021-07-21 20:01:32","brand1":"G","day":"20210721","id":"8508382","type":"GTC","code":"TC"},{"buy":"5.32","sell":"5.32","company":"1Coin","brand":"Qtum","updated":"2021-07-21 20:01:01","brand1":"Qtum","day":"20210721","id":"8507657","type":"QTUM","code":"QTUM"},{"buy":"5.20","sell":"5.20","company":"1Coin","brand":"Celsius","updated":"2021-07-21 20:00:56","brand1":"C","day":"20210721","id":"8507546","type":"CEL","code":"EL"},{"buy":"5.04","sell":"5.04","company":"1Coin","brand":"MyNeighborAlice","updated":"2021-07-21 20:01:31","brand1":"M","day":"20210721","id":"8508342","type":"ALICE","code":"ALICE"},{"buy":"4.93","sell":"4.93","company":"1Coin","brand":"Energy Web Token","updated":"2021-07-21 20:01:12","brand1":"EWT","day":"20210721","id":"8507932","type":"EWT","code":""},{"buy":"4.93","sell":"4.93","company":"1Coin","brand":"Ergo","updated":"2021-07-21 20:01:12","brand1":"Ergo","day":"20210721","id":"8507919","type":"ERG","code":"ERG"},{"buy":"4.88","sell":"4.88","company":"1Coin","brand":"Band Protocol","updated":"2021-07-21 20:01:10","brand1":"BP","day":"20210721","id":"8507869","type":"BAND","code":"BAND"},{"buy":"4.52","sell":"4.52","company":"1Coin","brand":"INO COIN","updated":"2021-07-21 20:01:20","brand1":"IC","day":"20210721","id":"8508100","type":"INO","code":"INO"},{"buy":"4.29","sell":"4.29","company":"1Coin","brand":"THETA","updated":"2021-07-21 21:32:23","brand1":"T","day":"20210721","id":"8508680","type":"THETA","code":"HEA"},{"buy":"4.12","sell":"4.12","company":"1Coin","brand":"THORChain","updated":"2021-07-21 20:00:56","brand1":"T","day":"20210721","id":"8507569","type":"RUNE","code":"RUNE"},{"buy":"4.09","sell":"4.09","company":"1Coin","brand":"Orion Protocol","updated":"2021-07-21 20:01:26","brand1":"OP","day":"20210721","id":"8508277","type":"ORN","code":"ORN"},{"buy":"3.62","sell":"3.62","company":"1Coin","brand":"Kava.io","updated":"2021-07-21 20:01:06","brand1":"K","day":"20210721","id":"8507756","type":"KAVA","code":"AVA"},{"buy":"3.49","sell":"3.49","company":"1Coin","brand":"Nano","updated":"2021-07-21 20:01:02","brand1":"Nano","day":"20210721","id":"8507692","type":"NANO","code":"NANO"},{"buy":"3.47","sell":"3.47","company":"1Coin","brand":"EOS","updated":"2021-07-21 21:32:23","brand1":"EOS","day":"20210721","id":"8508683","type":"EOS","code":""},{"buy":"3.40","sell":"3.40","company":"1Coin","brand":"OMG Network","updated":"2021-07-21 20:01:01","brand1":"ON","day":"20210721","id":"8507686","type":"OMG","code":"OMG"},{"buy":"3.26","sell":"3.26","company":"1Coin","brand":"Aragon","updated":"2021-07-21 20:01:15","brand1":"A","day":"20210721","id":"8507971","type":"ANT","code":"NT"},{"buy":"3.00","sell":"3.00","company":"1Coin","brand":"Elitium","updated":"2021-07-21 20:01:31","brand1":"E","day":"20210721","id":"8508352","type":"EUM","code":"UM"},{"buy":"2.95","sell":"2.95","company":"1Coin","brand":"UNUS SED LEO","updated":"2021-07-21 21:12:02","brand1":"USL","day":"20210721","id":"8508640","type":"LEO","code":"LEO"},{"buy":"2.76","sell":"2.76","company":"1Coin","brand":"Bancor Network Token","updated":"2021-07-21 20:00:59","brand1":"BNT","day":"20210721","id":"8507637","type":"BNT","code":""},{"buy":"2.74","sell":"2.74","company":"1Coin","brand":"GateToken","updated":"2021-07-21 20:01:07","brand1":"G","day":"20210721","id":"8507798","type":"GT","code":"T"},{"buy":"2.71","sell":"2.71","company":"1Coin","brand":"Mirror Protocol","updated":"2021-07-21 20:01:22","brand1":"MP","day":"20210721","id":"8508194","type":"MIR","code":"MIR"},{"buy":"2.62","sell":"2.62","company":"1Coin","brand":"Raydium","updated":"2021-07-21 20:01:25","brand1":"R","day":"20210721","id":"8508240","type":"RAY","code":"AY"},{"buy":"2.62","sell":"2.62","company":"1Coin","brand":"Serum","updated":"2021-07-21 20:01:13","brand1":"S","day":"20210721","id":"8507948","type":"SRM","code":"RM"},{"buy":"2.53","sell":"2.53","company":"1Coin","brand":"DerivaDAO","updated":"2021-07-21 14:05:58","brand1":"D","day":"20210721","id":"8506571","type":"DDX","code":"X"},{"buy":"2.39","sell":"2.39","company":"1Coin","brand":"TomoChain","updated":"2021-07-21 20:01:07","brand1":"T","day":"20210721","id":"8507830","type":"TOMO","code":"OMO"},{"buy":"2.37","sell":"2.37","company":"1Coin","brand":"CRYPTO20","updated":"2021-07-21 20:01:30","brand1":"C","day":"20210721","id":"8508329","type":"C20","code":"20"},{"buy":"2.37","sell":"2.37","company":"1Coin","brand":"iExec RLC","updated":"2021-07-21 20:01:08","brand1":"iR","day":"20210721","id":"8507836","type":"RLC","code":"RLC"},{"buy":"2.33","sell":"2.33","company":"1Coin","brand":"Tezos","updated":"2021-07-21 20:00:53","brand1":"T","day":"20210721","id":"8507484","type":"XTZ","code":"XZ"},{"buy":"2.32","sell":"2.32","company":"1Coin","brand":"Celo","updated":"2021-07-21 15:00:59","brand1":"Celo","day":"20210721","id":"8507638","type":"CGLD","code":"CGLD"},{"buy":"2.25","sell":"2.25","company":"1Coin","brand":"Lisk","updated":"2021-07-21 20:01:04","brand1":"Lisk","day":"20210721","id":"8507741","type":"LSK","code":"LSK"},{"buy":"2.24","sell":"2.24","company":"1Coin","brand":"Akash Network","updated":"2021-07-21 20:01:24","brand1":"AN","day":"20210721","id":"8508226","type":"AKT","code":"AKT"},{"buy":"2.14","sell":"2.14","company":"1Coin","brand":"Pirate Chain","updated":"2021-07-21 20:01:21","brand1":"PC","day":"20210721","id":"8508158","type":"ARRR","code":"ARRR"},{"buy":"2.10","sell":"2.10","company":"1Coin","brand":"Dawn Protocol","updated":"2021-07-21 20:01:25","brand1":"DP","day":"20210721","id":"8508244","type":"DAWN","code":"DAWN"},{"buy":"2.09","sell":"2.09","company":"1Coin","brand":"Tokenlon Network Token","updated":"2021-07-21 20:01:32","brand1":"TNT","day":"20210721","id":"8508369","type":"LON","code":"LON"},{"buy":"2.05","sell":"2.05","company":"1Coin","brand":"botXcoin","updated":"2021-07-21 20:01:17","brand1":"b","day":"20210721","id":"8508064","type":"BOTX","code":"BOTX"},{"buy":"1.94","sell":"1.94","company":"1Coin","brand":"KOK","updated":"2021-07-21 14:05:43","brand1":"KOK","day":"20210721","id":"8506451","type":"KOK","code":""},{"buy":"1.93","sell":"1.93","company":"1Coin","brand":"DeFiChain","updated":"2021-07-21 20:01:20","brand1":"D","day":"20210721","id":"8508118","type":"DFI","code":"FI"},{"buy":"1.92","sell":"1.92","company":"1Coin","brand":"Creditcoin","updated":"2021-07-21 20:01:20","brand1":"C","day":"20210721","id":"8508087","type":"CTC","code":"T"},{"buy":"1.88","sell":"1.88","company":"1Coin","brand":"Voyager Token","updated":"2021-07-21 20:01:02","brand1":"VT","day":"20210721","id":"8507712","type":"VGX","code":"VGX"},{"buy":"1.83","sell":"1.83","company":"1Coin","brand":"1inch","updated":"2021-07-21 19:01:03","brand1":"1","day":"20210721","id":"8507722","type":"1INCH","code":"INCH"},{"buy":"1.82","sell":"1.82","company":"1Coin","brand":"Anchor Protocol","updated":"2021-07-21 20:01:23","brand1":"AP","day":"20210721","id":"8508218","type":"ANC","code":"ANC"},{"buy":"1.77","sell":"1.77","company":"1Coin","brand":"NEAR Protocol","updated":"2021-07-21 20:00:58","brand1":"NP","day":"20210721","id":"8507610","type":"NEAR","code":"NEAR"},{"buy":"1.76","sell":"1.76","company":"1Coin","brand":"Travala.com","updated":"2021-07-21 20:01:31","brand1":"T","day":"20210721","id":"8508348","type":"AVA","code":"AVA"},{"buy":"1.67","sell":"1.67","company":"1Coin","brand":"BakeryToken","updated":"2021-07-21 20:01:02","brand1":"B","day":"20210721","id":"8507695","type":"BAKE","code":"AKE"},{"buy":"1.65","sell":"1.65","company":"1Coin","brand":"Bitcoin Diamond","updated":"2021-07-21 20:01:03","brand1":"BD","day":"20210721","id":"8507726","type":"BCD","code":"BCD"},{"buy":"1.54","sell":"1.54","company":"1Coin","brand":"Populous","updated":"2021-07-21 20:01:32","brand1":"P","day":"20210721","id":"8508377","type":"PPT","code":"T"},{"buy":"1.52","sell":"1.52","company":"1Coin","brand":"Swipe","updated":"2021-07-21 20:01:11","brand1":"S","day":"20210721","id":"8507901","type":"SXP","code":"XP"},{"buy":"1.42","sell":"1.42","company":"1Coin","brand":"Nexo","updated":"2021-07-21 20:00:57","brand1":"Nexo","day":"20210721","id":"8507596","type":"NEXO","code":"NEXO"},{"buy":"1.40","sell":"1.40","company":"1Coin","brand":"Curve DAO Token","updated":"2021-07-21 20:01:00","brand1":"CDT","day":"20210721","id":"8507651","type":"CRV","code":"CRV"},{"buy":"1.37","sell":"1.37","company":"1Coin","brand":"Metal","updated":"2021-07-21 20:01:30","brand1":"M","day":"20210721","id":"8508340","type":"MTL","code":"TL"},{"buy":"1.37","sell":"1.37","company":"1Coin","brand":"Tokocrypto","updated":"2021-07-21 20:01:25","brand1":"T","day":"20210721","id":"8508234","type":"TKO","code":"KO"},{"buy":"1.33","sell":"1.33","company":"1Coin","brand":"Stratis","updated":"2021-07-21 20:01:08","brand1":"S","day":"20210721","id":"8507857","type":"STRAX","code":"TRAX"},{"buy":"1.30","sell":"1.30","company":"1Coin","brand":"Clover Finance","updated":"2021-07-21 20:01:23","brand1":"CF","day":"20210721","id":"8508212","type":"CLV","code":"CLV"},{"buy":"1.26","sell":"1.26","company":"1Coin","brand":"Kyber Network","updated":"2021-07-21 19:01:05","brand1":"KN","day":"20210721","id":"8507753","type":"KNC","code":"C"},{"buy":"1.24","sell":"1.24","company":"1Coin","brand":"XeniosCoin","updated":"2021-07-21 20:01:30","brand1":"X","day":"20210721","id":"8508323","type":"XNC","code":"NC"},{"buy":"1.22","sell":"1.22","company":"1Coin","brand":"MonaCoin","updated":"2021-07-21 20:01:32","brand1":"M","day":"20210721","id":"8508390","type":"MONA","code":"ONA"},{"buy":"1.19","sell":"1.19","company":"1Coin","brand":"STASIS EURO","updated":"2021-07-21 05:03:32","brand1":"SE","day":"20210721","id":"8505614","type":"EURS","code":"EURS"},{"buy":"1.18","sell":"1.18","company":"1Coin","brand":"Cardano","updated":"2021-07-21 20:22:10","brand1":"C","day":"20210721","id":"8508649","type":"ADA","code":"ADA"},{"buy":"1.16","sell":"1.16","company":"1Coin","brand":"Mdex","updated":"2021-07-21 20:00:58","brand1":"Mdex","day":"20210721","id":"8507619","type":"MDX","code":"MDX"},{"buy":"1.09","sell":"1.09","company":"1Coin","brand":"Ampleforth","updated":"2021-07-21 20:01:15","brand1":"A","day":"20210721","id":"8507998","type":"AMPL","code":"MPL"},{"buy":"1.09","sell":"1.09","company":"1Coin","brand":"Unibright","updated":"2021-07-21 20:01:11","brand1":"U","day":"20210721","id":"8507907","type":"UBT","code":"BT"},{"buy":"1.08","sell":"1.08","company":"1Coin","brand":"Enjin Coin","updated":"2021-07-21 20:00:57","brand1":"EC","day":"20210721","id":"8507582","type":"ENJ","code":"ENJ"},{"buy":"1.06","sell":"1.06","company":"1Coin","brand":"Mina","updated":"2021-07-21 20:01:08","brand1":"Mina","day":"20210721","id":"8507842","type":"MINA","code":"MINA"},{"buy":"1.03","sell":"1.03","company":"1Coin","brand":"Liquity USD","updated":"2021-07-21 18:01:20","brand1":"LU","day":"20210721","id":"8508104","type":"LUSD","code":"SD"},{"buy":"1.01","sell":"1.01","company":"1Coin","brand":"MATH","updated":"2021-07-21 11:03:40","brand1":"MATH","day":"20210721","id":"8505739","type":"MATH","code":""},{"buy":"0.97","sell":"0.97","company":"1Coin","brand":"Pundi X[new]","updated":"2021-07-21 20:01:22","brand1":"PX","day":"20210721","id":"8508189","type":"PUNDIX","code":"PUNDIX"},{"buy":"0.93","sell":"0.93","company":"1Coin","brand":"Klaytn","updated":"2021-07-21 20:00:52","brand1":"K","day":"20210721","id":"8507457","type":"KLAY","code":"LAY"},{"buy":"0.91","sell":"0.91","company":"1Coin","brand":"Audius","updated":"2021-07-21 18:01:26","brand1":"A","day":"20210721","id":"8508281","type":"AUDIO","code":"UDIO"},{"buy":"0.91","sell":"0.91","company":"1Coin","brand":"HedgeTrade","updated":"2021-07-21 20:01:21","brand1":"H","day":"20210721","id":"8508166","type":"HEDG","code":"EDG"},{"buy":"0.91","sell":"0.91","company":"1Coin","brand":"WazirX","updated":"2021-07-21 20:01:03","brand1":"W","day":"20210721","id":"8507733","type":"WRX","code":"RX"},{"buy":"0.91","sell":"0.91","company":"1Coin","brand":"WhiteCoin","updated":"2021-07-21 20:01:20","brand1":"W","day":"20210721","id":"8508110","type":"XWC","code":"XC"},{"buy":"0.89","sell":"0.89","company":"1Coin","brand":"Stacks","updated":"2021-07-21 14:05:16","brand1":"S","day":"20210721","id":"8506256","type":"STX","code":"TX"},{"buy":"0.88","sell":"0.88","company":"1Coin","brand":"Sologenic","updated":"2021-07-21 20:01:23","brand1":"S","day":"20210721","id":"8508206","type":"SOLO","code":"OLO"},{"buy":"0.88","sell":"0.88","company":"1Coin","brand":"Vai","updated":"2021-07-21 02:03:46","brand1":"Vai","day":"20210721","id":"8502528","type":"VAI","code":"VAI"},{"buy":"0.87","sell":"0.87","company":"1Coin","brand":"MiL.k","updated":"2021-07-21 15:01:37","brand1":"M","day":"20210721","id":"8508481","type":"MLK","code":"LK"},{"buy":"0.86","sell":"0.86","company":"1Coin","brand":"Ark","updated":"2021-07-21 20:01:16","brand1":"Ark","day":"20210721","id":"8508040","type":"ARK","code":"ARK"},{"buy":"0.85","sell":"0.85","company":"1Coin","brand":"Polygon","updated":"2021-07-21 21:12:01","brand1":"P","day":"20210721","id":"8508635","type":"MATIC","code":"MATIC"},{"buy":"0.84","sell":"0.84","company":"1Coin","brand":"DODO","updated":"2021-07-21 20:01:30","brand1":"DODO","day":"20210721","id":"8508334","type":"DODO","code":""},{"buy":"0.76","sell":"0.76","company":"1Coin","brand":"Algorand","updated":"2021-07-21 16:00:52","brand1":"A","day":"20210721","id":"8507443","type":"ALGO","code":"LGO"},{"buy":"0.75","sell":"0.75","company":"1Coin","brand":"Storj","updated":"2021-07-21 14:05:27","brand1":"S","day":"20210721","id":"8506331","type":"STORJ","code":"TORJ"},{"buy":"0.72","sell":"0.72","company":"1Coin","brand":"ICON","updated":"2021-07-21 20:01:02","brand1":"ICON","day":"20210721","id":"8507703","type":"ICX","code":"ICX"},{"buy":"0.72","sell":"0.72","company":"1Coin","brand":"SafePal","updated":"2021-07-21 20:01:35","brand1":"S","day":"20210721","id":"8508416","type":"SFP","code":"FP"},{"buy":"0.69","sell":"0.69","company":"1Coin","brand":"Bitpanda Ecosystem Token","updated":"2021-07-21 20:01:22","brand1":"BET","day":"20210721","id":"8508181","type":"BEST","code":"BEST"},{"buy":"0.68","sell":"0.68","company":"1Coin","brand":"Doctors Coin","updated":"2021-07-21 20:01:24","brand1":"DC","day":"20210721","id":"8508232","type":"DRS","code":"DRS"},{"buy":"0.67","sell":"0.67","company":"1Coin","brand":"Phala.Network","updated":"2021-07-21 20:01:15","brand1":"P","day":"20210721","id":"8508009","type":"PHA","code":"HA"},{"buy":"0.66","sell":"0.66","company":"1Coin","brand":"Origin Token","updated":"2021-07-21 20:01:07","brand1":"OT","day":"20210721","id":"8507822","type":"OGN","code":"OGN"},{"buy":"0.64","sell":"0.64","company":"1Coin","brand":"Ontology Gas","updated":"2021-07-21 20:01:08","brand1":"OG","day":"20210721","id":"8507850","type":"ONG","code":"ONG"},{"buy":"0.64","sell":"0.64","company":"1Coin","brand":"RNDR Token","updated":"2021-07-21 12:03:41","brand1":"RT","day":"20210721","id":"8505764","type":"RNDR","code":"RNDR"},{"buy":"0.63","sell":"0.63","company":"1Coin","brand":"IOTA","updated":"2021-07-21 14:05:13","brand1":"IOTA","day":"20210721","id":"8506226","type":"MIOTA","code":"M"},{"buy":"0.63","sell":"0.63","company":"1Coin","brand":"Komodo","updated":"2021-07-21 14:05:52","brand1":"K","day":"20210721","id":"8506512","type":"KMD","code":"MD"},{"buy":"0.62","sell":"0.62","company":"1Coin","brand":"EFFORCE","updated":"2021-07-21 20:01:36","brand1":"E","day":"20210721","id":"8508477","type":"WOZX","code":"WOZX"},{"buy":"0.61","sell":"0.61","company":"1Coin","brand":"ZKSwap","updated":"2021-07-21 20:01:16","brand1":"Z","day":"20210721","id":"8508023","type":"ZKS","code":"KS"},{"buy":"0.60","sell":"0.60","company":"1Coin","brand":"Ontology","updated":"2021-07-21 16:01:01","brand1":"O","day":"20210721","id":"8507664","type":"ONT","code":"NT"},{"buy":"0.59","sell":"0.59","company":"1Coin","brand":"0x","updated":"2021-07-21 19:01:01","brand1":"0x","day":"20210721","id":"8507671","type":"ZRX","code":"ZRX"},{"buy":"0.57","sell":"0.57","company":"1Coin","brand":"Decentraland","updated":"2021-07-21 15:00:57","brand1":"D","day":"20210721","id":"8507570","type":"MANA","code":"MANA"},{"buy":"0.56","sell":"0.56","company":"1Coin","brand":"Orbit Chain","updated":"2021-07-21 20:01:22","brand1":"OC","day":"20210721","id":"8508175","type":"ORC","code":"ORC"},{"buy":"0.56","sell":"0.56","company":"1Coin","brand":"XRP","updated":"2021-07-21 21:22:10","brand1":"XRP","day":"20210721","id":"8508650","type":"XRP","code":""},{"buy":"0.54","sell":"0.54","company":"1Coin","brand":"Alpha Finance Lab","updated":"2021-07-21 14:05:28","brand1":"AFL","day":"20210721","id":"8506335","type":"ALPHA","code":"ALPHA"},{"buy":"0.54","sell":"0.54","company":"1Coin","brand":"SwissBorg","updated":"2021-07-21 20:01:00","brand1":"S","day":"20210721","id":"8507645","type":"CHSB","code":"CHB"},{"buy":"0.54","sell":"0.54","company":"1Coin","brand":"The Graph","updated":"2021-07-21 20:00:53","brand1":"TG","day":"20210721","id":"8507500","type":"GRT","code":"GRT"},{"buy":"0.53","sell":"0.53","company":"1Coin","brand":"Newscrypto","updated":"2021-07-21 20:01:31","brand1":"N","day":"20210721","id":"8508358","type":"NWC","code":"WC"},{"buy":"0.51","sell":"0.51","company":"1Coin","brand":"Hxro","updated":"2021-07-21 11:03:31","brand1":"Hxro","day":"20210721","id":"8505600","type":"HXRO","code":"HXRO"},{"buy":"0.50","sell":"0.50","company":"1Coin","brand":"MaidSafeCoin","updated":"2021-07-21 20:01:06","brand1":"M","day":"20210721","id":"8507793","type":"MAID","code":"AID"},{"buy":"0.49","sell":"0.49","company":"1Coin","brand":"Basic Attention Token","updated":"2021-07-21 12:03:12","brand1":"BAT","day":"20210721","id":"8505313","type":"BAT","code":""},{"buy":"0.48","sell":"0.48","company":"1Coin","brand":"Rakon","updated":"2021-07-21 13:05:47","brand1":"R","day":"20210721","id":"8506477","type":"RKN","code":"KN"},{"buy":"0.48","sell":"0.48","company":"1Coin","brand":"Wanchain","updated":"2021-07-21 12:03:42","brand1":"W","day":"20210721","id":"8505783","type":"WAN","code":"AN"},{"buy":"0.45","sell":"0.45","company":"1Coin","brand":"Wootrade","updated":"2021-07-21 12:03:22","brand1":"W","day":"20210721","id":"8505472","type":"WOO","code":"OO"},{"buy":"0.44","sell":"0.44","company":"1Coin","brand":"Ultra","updated":"2021-07-21 20:01:15","brand1":"U","day":"20210721","id":"8508006","type":"UOS","code":"OS"},{"buy":"0.43","sell":"0.43","company":"1Coin","brand":"The Sandbox","updated":"2021-07-21 18:01:03","brand1":"TS","day":"20210721","id":"8507727","type":"SAND","code":"SAND"},{"buy":"0.38","sell":"0.38","company":"1Coin","brand":"Automata Network","updated":"2021-07-21 14:05:57","brand1":"AN","day":"20210721","id":"8506568","type":"ATA","code":"ATA"},{"buy":"0.38","sell":"0.38","company":"1Coin","brand":"Rally","updated":"2021-07-21 08:05:53","brand1":"R","day":"20210721","id":"8506513","type":"RLY","code":"LY"},{"buy":"0.36","sell":"0.36","company":"1Coin","brand":"Hathor","updated":"2021-07-21 14:05:58","brand1":"H","day":"20210721","id":"8506586","type":"HTR","code":"TR"},{"buy":"0.36","sell":"0.36","company":"1Coin","brand":"Ocean Protocol","updated":"2021-07-21 12:03:21","brand1":"OP","day":"20210721","id":"8505457","type":"OCEAN","code":"OCEAN"},{"buy":"0.34","sell":"0.34","company":"1Coin","brand":"Cartesi","updated":"2021-07-21 12:03:28","brand1":"C","day":"20210721","id":"8505564","type":"CTSI","code":"TSI"},{"buy":"0.34","sell":"0.34","company":"1Coin","brand":"Steem","updated":"2021-07-21 05:05:33","brand1":"S","day":"20210721","id":"8506391","type":"STEEM","code":"TEEM"},{"buy":"0.32","sell":"0.32","company":"1Coin","brand":"Darma Cash","updated":"2021-07-21 10:01:54","brand1":"DC","day":"20210721","id":"8504633","type":"DMCH","code":"DMCH"},{"buy":"0.32","sell":"0.32","company":"1Coin","brand":"Venus XVS","updated":"2021-07-21 20:01:36","brand1":"VX","day":"20210721","id":"8508465","type":"VXVS","code":"VS"},{"buy":"0.30","sell":"0.30","company":"1Coin","brand":"Golem","updated":"2021-07-21 12:03:18","brand1":"G","day":"20210721","id":"8505416","type":"GNT","code":"NT"},{"buy":"0.30","sell":"0.30","company":"1Coin","brand":"Ren","updated":"2021-07-21 12:03:18","brand1":"Ren","day":"20210721","id":"8505428","type":"REN","code":"REN"},{"buy":"0.29","sell":"0.29","company":"1Coin","brand":"Small Love Potion","updated":"2021-07-21 20:01:12","brand1":"SLP","day":"20210721","id":"8507922","type":"SLP","code":""},{"buy":"0.29","sell":"0.29","company":"1Coin","brand":"Trust Wallet Token","updated":"2021-07-21 20:01:36","brand1":"TWT","day":"20210721","id":"8508457","type":"TWT","code":""},{"buy":"0.28","sell":"0.28","company":"1Coin","brand":"Fetch.ai","updated":"2021-07-21 20:01:07","brand1":"F","day":"20210721","id":"8507814","type":"FET","code":"ET"},{"buy":"0.28","sell":"0.28","company":"1Coin","brand":"Theta Fuel","updated":"2021-07-21 20:00:53","brand1":"TF","day":"20210721","id":"8507512","type":"TFUEL","code":"UEL"},{"buy":"0.27","sell":"0.27","company":"1Coin","brand":"Hive","updated":"2021-07-21 09:01:35","brand1":"Hive","day":"20210721","id":"8504393","type":"HIVE","code":"HIVE"},{"buy":"0.26","sell":"0.26","company":"1Coin","brand":"Chromia","updated":"2021-07-21 12:03:31","brand1":"C","day":"20210721","id":"8505608","type":"CHR","code":"HR"},{"buy":"0.26","sell":"0.26","company":"1Coin","brand":"MarketPeak","updated":"2021-07-21 12:03:50","brand1":"M","day":"20210721","id":"8505908","type":"PEAK","code":"PEAK"},{"buy":"0.24","sell":"0.24","company":"1Coin","brand":"Orchid","updated":"2021-07-21 12:03:25","brand1":"O","day":"20210721","id":"8505521","type":"OXT","code":"XT"},{"buy":"0.23","sell":"0.23","company":"1Coin","brand":"Keep Network","updated":"2021-07-21 12:03:40","brand1":"KN","day":"20210721","id":"8505735","type":"KEEP","code":"KEEP"},{"buy":"0.23","sell":"0.23","company":"1Coin","brand":"Sapphire","updated":"2021-07-21 20:01:26","brand1":"S","day":"20210721","id":"8508271","type":"SAPP","code":"APP"},{"buy":"0.22","sell":"0.22","company":"1Coin","brand":"Chiliz","updated":"2021-07-21 14:05:15","brand1":"C","day":"20210721","id":"8506248","type":"CHZ","code":"HZ"},{"buy":"0.22","sell":"0.22","company":"1Coin","brand":"Stellar Lumens","updated":"2021-07-21 17:18:11","brand1":"SL","day":"20210721","id":"8507027","type":"XLM","code":"XLM"},{"buy":"0.21","sell":"0.21","company":"1Coin","brand":"OriginTrail","updated":"2021-07-21 20:01:35","brand1":"O","day":"20210721","id":"8508443","type":"TRAC","code":"TRAC"},{"buy":"0.20","sell":"0.20","company":"1Coin","brand":"Conflux Network","updated":"2021-07-21 16:01:10","brand1":"CN","day":"20210721","id":"8507871","type":"CFX","code":"CFX"},{"buy":"0.20","sell":"0.20","company":"1Coin","brand":"Loopring","updated":"2021-07-21 16:01:06","brand1":"L","day":"20210721","id":"8507764","type":"LRC","code":"RC"},{"buy":"0.19","sell":"0.19","company":"1Coin","brand":"Civic","updated":"2021-07-21 20:01:15","brand1":"C","day":"20210721","id":"8507992","type":"CVC","code":"V"},{"buy":"0.19","sell":"0.19","company":"1Coin","brand":"Dogecoin","updated":"2021-07-21 19:10:03","brand1":"D","day":"20210721","id":"8507301","type":"DOGE","code":"OGE"},{"buy":"0.19","sell":"0.19","company":"1Coin","brand":"NOIA Network","updated":"2021-07-21 20:01:34","brand1":"NN","day":"20210721","id":"8508408","type":"NOIA","code":"NOIA"},{"buy":"0.19","sell":"0.19","company":"1Coin","brand":"NuCypher","updated":"2021-07-21 14:05:36","brand1":"N","day":"20210721","id":"8506402","type":"NU","code":"U"},{"buy":"0.19","sell":"0.19","company":"1Coin","brand":"Polymath","updated":"2021-07-21 18:01:16","brand1":"P","day":"20210721","id":"8508032","type":"POLY","code":"OLY"},{"buy":"0.19","sell":"0.19","company":"1Coin","brand":"SKALE","updated":"2021-07-21 20:01:06","brand1":"S","day":"20210721","id":"8507785","type":"SKL","code":"KL"},{"buy":"0.18","sell":"0.18","company":"1Coin","brand":"ABBC Coin","updated":"2021-07-21 14:05:32","brand1":"AC","day":"20210721","id":"8506381","type":"ABBC","code":"ABBC"},{"buy":"0.18","sell":"0.18","company":"1Coin","brand":"Fantom","updated":"2021-07-21 15:01:02","brand1":"F","day":"20210721","id":"8507706","type":"FTM","code":"TM"},{"buy":"0.18","sell":"0.18","company":"1Coin","brand":"NKN","updated":"2021-07-21 12:03:29","brand1":"NKN","day":"20210721","id":"8505577","type":"NKN","code":""},{"buy":"0.18","sell":"0.18","company":"1Coin","brand":"SingularityNET","updated":"2021-07-21 12:03:26","brand1":"S","day":"20210721","id":"8505550","type":"AGIX","code":"AGIX"},{"buy":"0.17","sell":"0.17","company":"1Coin","brand":"aelf","updated":"2021-07-21 04:05:50","brand1":"aelf","day":"20210721","id":"8503046","type":"ELF","code":"ELF"},{"buy":"0.17","sell":"0.17","company":"1Coin","brand":"Utrust","updated":"2021-07-21 14:05:53","brand1":"U","day":"20210721","id":"8506523","type":"UTK","code":"TK"},{"buy":"0.16","sell":"0.16","company":"1Coin","brand":"Alien Worlds","updated":"2021-07-21 12:03:39","brand1":"AW","day":"20210721","id":"8505717","type":"TLM","code":"TLM"},{"buy":"0.15","sell":"0.15","company":"1Coin","brand":"HEX","updated":"2021-07-21 20:01:17","brand1":"HEX","day":"20210721","id":"8508059","type":"HEX","code":""},{"buy":"0.14","sell":"0.14","company":"1Coin","brand":"Constellation","updated":"2021-07-21 14:05:28","brand1":"C","day":"20210721","id":"8506350","type":"DAG","code":"DAG"},{"buy":"0.13","sell":"0.13","company":"1Coin","brand":"Ardor","updated":"2021-07-21 20:01:13","brand1":"A","day":"20210721","id":"8507969","type":"ARDR","code":"RDR"},{"buy":"0.13","sell":"0.13","company":"1Coin","brand":"NEM","updated":"2021-07-21 12:03:10","brand1":"NEM","day":"20210721","id":"8505265","type":"XEM","code":"XEM"},{"buy":"0.13","sell":"0.13","company":"1Coin","brand":"Radix","updated":"2021-07-21 20:01:28","brand1":"R","day":"20210721","id":"8508309","type":"EXRD","code":"EXD"},{"buy":"0.12","sell":"0.12","company":"1Coin","brand":"district0x","updated":"2021-07-21 14:01:37","brand1":"d","day":"20210721","id":"8508478","type":"DNT","code":"DNT"},{"buy":"0.10","sell":"0.10","company":"1Coin","brand":"COTI","updated":"2021-07-21 14:05:57","brand1":"COTI","day":"20210721","id":"8506550","type":"COTI","code":""},{"buy":"0.10","sell":"0.10","company":"1Coin","brand":"Metadium","updated":"2021-07-21 14:05:36","brand1":"M","day":"20210721","id":"8506407","type":"META","code":"ETA"},{"buy":"0.10","sell":"0.10","company":"1Coin","brand":"Symbol","updated":"2021-07-21 11:03:35","brand1":"S","day":"20210721","id":"8505658","type":"XYM","code":"XYM"},{"buy":"0.09","sell":"0.09","company":"1Coin","brand":"yOUcash","updated":"2021-07-21 20:01:20","brand1":"y","day":"20210721","id":"8508138","type":"YOUC","code":"YOUC"},{"buy":"0.01","sell":"0.01","company":"1Coin","brand":"Telcoin","updated":"2021-07-21 00:01:12","brand1":"T","day":"20210721","id":"8501868","type":"TEL","code":"EL"}]}],"time":4,"excute1_time":0,"excute2_time":4,"excute3_time":0,"count1":0,"count2":343}