
{"golds":[{"updated":"2021-07-22 08:38:04","date":"20210722","gold":[],"value":[{"buy":"56,820.00","sell":"57,500.00","company":"SJC","brand":"Long Xuyên","updated":"2021-07-22 08:38:04","brand1":"LX","day":"20210722","id":"8513966","type":"Vàng SJC","code":""},{"buy":"56,800.00","sell":"57,470.00","company":"SJC","brand":"Bạc Liêu","updated":"2021-07-22 08:38:04","brand1":"BL","day":"20210722","id":"8513967","type":"Vàng SJC","code":""},{"buy":"56,800.00","sell":"57,450.00","company":"SJC","brand":"Biên Hòa","updated":"2021-07-22 08:38:04","brand1":"BH","day":"20210722","id":"8513963","type":"Vàng SJC","code":""},{"buy":"56,800.00","sell":"57,470.00","company":"SJC","brand":"Cà Mau","updated":"2021-07-22 08:38:04","brand1":"CM","day":"20210722","id":"8513960","type":"Vàng SJC","code":""},{"buy":"56,800.00","sell":"57,470.00","company":"SJC","brand":"Hà Nội","updated":"2021-07-22 08:38:04","brand1":"HN","day":"20210722","id":"8513957","type":"Vàng SJC","code":""},{"buy":"56,800.00","sell":"57,450.00","company":"SJC","brand":"Hồ Chí Minh","updated":"2021-07-22 08:38:04","brand1":"HCM","day":"20210722","id":"8513948","type":"Vàng SJC 1L","code":""},{"buy":"56,800.00","sell":"57,450.00","company":"SJC","brand":"Miền Tây","updated":"2021-07-22 08:38:04","brand1":"MT","day":"20210722","id":"8513964","type":"Vàng SJC","code":""},{"buy":"56,800.00","sell":"57,470.00","company":"SJC","brand":"Nha Trang","updated":"2021-07-22 08:38:04","brand1":"NT","day":"20210722","id":"8513959","type":"Vàng SJC","code":""},{"buy":"56,800.00","sell":"57,450.00","company":"SJC","brand":"Quãng Ngãi","updated":"2021-07-22 08:38:04","brand1":"QN","day":"20210722","id":"8513965","type":"Vàng SJC","code":""},{"buy":"56,800.00","sell":"57,470.00","company":"SJC","brand":"Đà  Nẵng","updated":"2021-07-22 08:38:04","brand1":"ĐN","day":"20210722","id":"8513958","type":"Vàng SJC","code":""},{"buy":"56,780.00","sell":"57,470.00","company":"SJC","brand":"Bình Phước","updated":"2021-07-22 08:38:04","brand1":"BP","day":"20210722","id":"8513962","type":"Vàng SJC","code":""},{"buy":"56,780.00","sell":"57,470.00","company":"SJC","brand":"Hạ Long","updated":"2021-07-22 08:38:04","brand1":"HL","day":"20210722","id":"8513970","type":"Vàng SJC","code":""},{"buy":"56,780.00","sell":"57,470.00","company":"SJC","brand":"Phan Rang","updated":"2021-07-22 08:38:04","brand1":"PR","day":"20210722","id":"8513969","type":"Vàng SJC","code":""},{"buy":"56,780.00","sell":"57,470.00","company":"SJC","brand":"Quảng Nam","updated":"2021-07-22 08:38:04","brand1":"QN","day":"20210722","id":"8513971","type":"Vàng SJC","code":""},{"buy":"56,780.00","sell":"57,470.00","company":"SJC","brand":"Quy Nhơn","updated":"2021-07-22 08:38:04","brand1":"QN","day":"20210722","id":"8513968","type":"Vàng SJC","code":""},{"buy":"56,770.00","sell":"57,480.00","company":"SJC","brand":"Huế","updated":"2021-07-22 08:38:04","brand1":"Huế","day":"20210722","id":"8513961","type":"Vàng SJC","code":""},{"buy":"51,100.00","sell":"51,900.00","company":"SJC","brand":"Hồ Chí Minh","updated":"2021-07-22 08:38:04","brand1":"HCM","day":"20210722","id":"8513951","type":"Vàng nhẫn SJC 99,99 0,5 chỉ","code":"nhẫn  99,99 0,5 chỉ"},{"buy":"51,100.00","sell":"51,800.00","company":"SJC","brand":"Hồ Chí Minh","updated":"2021-07-22 08:38:04","brand1":"HCM","day":"20210722","id":"8513949","type":"Vàng nhẫn SJC 99,99 1 chỉ, 2 chỉ, 5 chỉ","code":"nhẫn  99,99 1 chỉ, 2 chỉ, 5 chỉ"},{"buy":"50,800.00","sell":"51,500.00","company":"SJC","brand":"Hồ Chí Minh","updated":"2021-07-22 08:38:04","brand1":"HCM","day":"20210722","id":"8513952","type":"Vàng nữ trang 99,99%","code":"nữ trang 99,99%"},{"buy":"49,990.00","sell":"50,990.00","company":"SJC","brand":"Hồ Chí Minh","updated":"2021-07-22 08:38:04","brand1":"HCM","day":"20210722","id":"8513953","type":"Vàng nữ trang 99%","code":"nữ trang 99%"},{"buy":"36,779.00","sell":"38,779.00","company":"SJC","brand":"Hồ Chí Minh","updated":"2021-07-22 08:38:04","brand1":"HCM","day":"20210722","id":"8513954","type":"Vàng nữ trang 75%","code":"nữ trang 75%"},{"buy":"28,178.00","sell":"30,178.00","company":"SJC","brand":"Hồ Chí Minh","updated":"2021-07-22 08:38:04","brand1":"HCM","day":"20210722","id":"8513955","type":"Vàng nữ trang 58,3%","code":"nữ trang 58,3%"},{"buy":"19,628.00","sell":"21,628.00","company":"SJC","brand":"Hồ Chí Minh","updated":"2021-07-22 08:38:04","brand1":"HCM","day":"20210722","id":"8513956","type":"Vàng nữ trang 41,7%","code":"nữ trang 41,7%"},{"buy":"56,800.00","sell":"57,500.00","company":"DOJI","brand":"","updated":"2021-07-22 13:44:00","brand1":"","day":"20210722","id":"8515753","type":"AVPL \/ DOJI CT buôn","code":"AVPL \/  CT buôn"},{"buy":"56,800.00","sell":"57,500.00","company":"DOJI","brand":"","updated":"2021-07-22 13:44:00","brand1":"","day":"20210722","id":"8515752","type":"AVPL \/ DOJI CT lẻ","code":"AVPL \/  CT"},{"buy":"56,800.00","sell":"57,550.00","company":"DOJI","brand":"","updated":"2021-07-22 13:44:00","brand1":"","day":"20210722","id":"8515749","type":"AVPL \/ DOJI ĐN buôn","code":"AVPL \/  ĐN buôn"},{"buy":"56,800.00","sell":"57,550.00","company":"DOJI","brand":"","updated":"2021-07-22 13:44:00","brand1":"","day":"20210722","id":"8515748","type":"AVPL \/ DOJI ĐN lẻ","code":"AVPL \/  ĐN"},{"buy":"56,800.00","sell":"57,500.00","company":"DOJI","brand":"Hà Nội","updated":"2021-07-22 13:44:00","brand1":"HN","day":"20210722","id":"8515745","type":"AVPL \/ DOJI HN buôn","code":"AVPL \/   buôn"},{"buy":"56,800.00","sell":"57,500.00","company":"DOJI","brand":"Hà Nội","updated":"2021-07-22 13:44:00","brand1":"HN","day":"20210722","id":"8515744","type":"AVPL \/ DOJI HN lẻ","code":"AVPL \/"},{"buy":"56,750.00","sell":"57,500.00","company":"DOJI","brand":"Hồ Chí Minh","updated":"2021-07-22 13:44:00","brand1":"HCM","day":"20210722","id":"8515747","type":"AVPL \/ DOJI HCM buôn","code":"AVPL \/   buôn"},{"buy":"56,750.00","sell":"57,500.00","company":"DOJI","brand":"Hồ Chí Minh","updated":"2021-07-22 13:44:00","brand1":"HCM","day":"20210722","id":"8515746","type":"AVPL \/ DOJI HCM lẻ","code":"AVPL \/"},{"buy":"51,100.00","sell":"51,400.00","company":"DOJI","brand":"Hà Nội","updated":"2021-07-22 13:44:00","brand1":"HN","day":"20210722","id":"8515750","type":"Nguyên liêu 9999 - HN","code":"Nguyên liêu 9999 -"},{"buy":"51,050.00","sell":"51,350.00","company":"DOJI","brand":"Hà Nội","updated":"2021-07-22 13:44:00","brand1":"HN","day":"20210722","id":"8515751","type":"Nguyên liêu 999 - HN","code":"Nguyên liêu 999 -"},{"buy":"5,680.00","sell":"5,755.00","company":"DOJI","brand":"","updated":"2021-07-22 13:44:00","brand1":"","day":"20210722","id":"8515724","type":"Kim Thần Tài","code":"Kim Thần Tài"},{"buy":"5,680.00","sell":"5,755.00","company":"DOJI","brand":"","updated":"2021-07-22 13:44:00","brand1":"","day":"20210722","id":"8515723","type":"Lộc Phát Tài","code":"Lộc Phát Tài"},{"buy":"5,680.00","sell":"5,750.00","company":"DOJI","brand":"Hà Nội","updated":"2021-07-22 13:44:00","brand1":"HN","day":"20210722","id":"8515710","type":"Kim Ngân Tài","code":"Kim Ngân Tài"},{"buy":"5,680.00","sell":"5,750.00","company":"DOJI","brand":"Hà Nội","updated":"2021-07-22 13:44:00","brand1":"HN","day":"20210722","id":"8515707","type":"Kim Ngưu","code":"Kim Ngưu"},{"buy":"5,680.00","sell":"5,750.00","company":"DOJI","brand":"Hà Nội","updated":"2021-07-22 13:44:00","brand1":"HN","day":"20210722","id":"8515708","type":"Kim Thần Tài","code":"Kim Thần Tài"},{"buy":"5,680.00","sell":"5,750.00","company":"DOJI","brand":"Hà Nội","updated":"2021-07-22 13:44:00","brand1":"HN","day":"20210722","id":"8515709","type":"Lộc Phát Tài","code":"Lộc Phát Tài"},{"buy":"5,675.00","sell":"5,750.00","company":"DOJI","brand":"Hồ Chí Minh","updated":"2021-07-22 13:44:00","brand1":"HCM","day":"20210722","id":"8515732","type":"Kim Ngưu","code":"Kim Ngưu"},{"buy":"5,675.00","sell":"5,750.00","company":"DOJI","brand":"Hồ Chí Minh","updated":"2021-07-22 13:44:00","brand1":"HCM","day":"20210722","id":"8515733","type":"Kim Thần Tài","code":"Kim Thần Tài"},{"buy":"5,675.00","sell":"5,750.00","company":"DOJI","brand":"Hồ Chí Minh","updated":"2021-07-22 13:44:00","brand1":"HCM","day":"20210722","id":"8515734","type":"Lộc Phát Tài","code":"Lộc Phát Tài"},{"buy":"5,125.00","sell":"5,155.00","company":"DOJI","brand":"Hồ Chí Minh","updated":"2021-07-22 13:44:00","brand1":"HCM","day":"20210722","id":"8515736","type":"Nguyên liệu 9999","code":"Nguyên liệu 9999"},{"buy":"5,120.00","sell":"5,150.00","company":"DOJI","brand":"Hồ Chí Minh","updated":"2021-07-22 13:44:00","brand1":"HCM","day":"20210722","id":"8515737","type":"Nguyên liệu 999","code":"Nguyên liệu 999"},{"buy":"5,115.00","sell":"5,170.00","company":"DOJI","brand":"Hà Nội","updated":"2021-07-22 13:44:00","brand1":"HN","day":"20210722","id":"8515711","type":"Hưng Thịnh Vượng","code":"Hưng Thịnh Vượng"},{"buy":"5,115.00","sell":"5,170.00","company":"DOJI","brand":"Hồ Chí Minh","updated":"2021-07-22 13:44:00","brand1":"HCM","day":"20210722","id":"8515735","type":"Nhẫn H.T.V","code":"Nhẫn H.T.V"},{"buy":"5,110.00","sell":"5,140.00","company":"DOJI","brand":"Hà Nội","updated":"2021-07-22 13:44:00","brand1":"HN","day":"20210722","id":"8515712","type":"Nguyên liệu 99.99","code":"Nguyên liệu 99.99"},{"buy":"5,106.00","sell":"5,142.00","company":"DOJI","brand":"","updated":"2021-07-22 13:44:00","brand1":"","day":"20210722","id":"8515721","type":"Nguyên liệu 9999","code":"Nguyên liệu 9999"},{"buy":"5,105.00","sell":"5,135.00","company":"DOJI","brand":"Hà Nội","updated":"2021-07-22 13:44:00","brand1":"HN","day":"20210722","id":"8515713","type":"Nguyên liệu 99.9","code":"Nguyên liệu 99.9"},{"buy":"5,102.00","sell":"5,137.00","company":"DOJI","brand":"","updated":"2021-07-22 13:44:00","brand1":"","day":"20210722","id":"8515722","type":"Nguyên liệu 999","code":"Nguyên liệu 999"},{"buy":"5,080.00","sell":"5,170.00","company":"DOJI","brand":"Hà Nội","updated":"2021-07-22 13:44:00","brand1":"HN","day":"20210722","id":"8515714","type":"Nữ trang 99.99","code":"Nữ trang 99.99"},{"buy":"5,080.00","sell":"5,170.00","company":"DOJI","brand":"Hồ Chí Minh","updated":"2021-07-22 13:44:00","brand1":"HCM","day":"20210722","id":"8515738","type":"Nữ trang 99.99","code":"Nữ trang 99.99"},{"buy":"5,080.00","sell":"5,170.00","company":"DOJI","brand":"Nhẫn DOJI Hưng Thịnh Vượng","updated":"2021-07-22 13:44:00","brand1":"NDHTV","day":"20210722","id":"8515725","type":"Nữ trang 99.99","code":"Nữ trang 99.99"},{"buy":"5,070.00","sell":"5,160.00","company":"DOJI","brand":"Hà Nội","updated":"2021-07-22 13:44:00","brand1":"HN","day":"20210722","id":"8515715","type":"Nữ trang 99.9","code":"Nữ trang 99.9"},{"buy":"5,070.00","sell":"5,160.00","company":"DOJI","brand":"Hồ Chí Minh","updated":"2021-07-22 13:44:00","brand1":"HCM","day":"20210722","id":"8515739","type":"Nữ trang 99.9","code":"Nữ trang 99.9"},{"buy":"5,070.00","sell":"5,160.00","company":"DOJI","brand":"Nhẫn DOJI Hưng Thịnh Vượng","updated":"2021-07-22 13:44:00","brand1":"NDHTV","day":"20210722","id":"8515726","type":"Nữ trang 99.9","code":"Nữ trang 99.9"},{"buy":"5,000.00","sell":"5,125.00","company":"DOJI","brand":"Hà Nội","updated":"2021-07-22 13:44:00","brand1":"HN","day":"20210722","id":"8515716","type":"Nữ trang 99","code":"Nữ trang 99"},{"buy":"5,000.00","sell":"5,125.00","company":"DOJI","brand":"Hồ Chí Minh","updated":"2021-07-22 13:44:00","brand1":"HCM","day":"20210722","id":"8515740","type":"Nữ trang 99","code":"Nữ trang 99"},{"buy":"5,000.00","sell":"5,125.00","company":"DOJI","brand":"Nhẫn DOJI Hưng Thịnh Vượng","updated":"2021-07-22 13:44:00","brand1":"NDHTV","day":"20210722","id":"8515727","type":"Nữ trang 99","code":"Nữ trang 99"},{"buy":"3,778.00","sell":"3,978.00","company":"DOJI","brand":"Hà Nội","updated":"2021-07-22 13:44:00","brand1":"HN","day":"20210722","id":"8515717","type":"Nữ trang 18k","code":"Nữ trang 18k"},{"buy":"3,778.00","sell":"3,978.00","company":"DOJI","brand":"Hồ Chí Minh","updated":"2021-07-22 13:44:00","brand1":"HCM","day":"20210722","id":"8515741","type":"Nữ Trang 18k","code":"Nữ Trang 18k"},{"buy":"3,778.00","sell":"3,978.00","company":"DOJI","brand":"Nhẫn DOJI Hưng Thịnh Vượng","updated":"2021-07-22 13:44:00","brand1":"NDHTV","day":"20210722","id":"8515728","type":"Nữ trang 18k","code":"Nữ trang 18k"},{"buy":"3,392.00","sell":"3,692.00","company":"DOJI","brand":"Hà Nội","updated":"2021-07-22 13:44:00","brand1":"HN","day":"20210722","id":"8515718","type":"Nữ trang 16k","code":"Nữ trang 16k"},{"buy":"3,392.00","sell":"3,692.00","company":"DOJI","brand":"Nhẫn DOJI Hưng Thịnh Vượng","updated":"2021-07-22 13:44:00","brand1":"NDHTV","day":"20210722","id":"8515729","type":"Nữ trang 68","code":"Nữ trang 68"},{"buy":"2,836.00","sell":"3,036.00","company":"DOJI","brand":"Hà Nội","updated":"2021-07-22 13:44:00","brand1":"HN","day":"20210722","id":"8515719","type":"Nữ trang 14k","code":"Nữ trang 14k"},{"buy":"2,836.00","sell":"3,036.00","company":"DOJI","brand":"Hồ Chí Minh","updated":"2021-07-22 13:44:00","brand1":"HCM","day":"20210722","id":"8515742","type":"Nữ Trang 14k","code":"Nữ Trang 14k"},{"buy":"2,836.00","sell":"3,036.00","company":"DOJI","brand":"Nhẫn DOJI Hưng Thịnh Vượng","updated":"2021-07-22 13:44:00","brand1":"NDHTV","day":"20210722","id":"8515730","type":"Nữ trang 14k","code":"Nữ trang 14k"},{"buy":"2,718.00","sell":"2,788.00","company":"DOJI","brand":"Hồ Chí Minh","updated":"2021-07-22 13:44:00","brand1":"HCM","day":"20210722","id":"8515743","type":"Nữ trang 68","code":"Nữ trang 68"},{"buy":"1,426.00","sell":"1,576.00","company":"DOJI","brand":"Hà Nội","updated":"2021-07-22 13:44:00","brand1":"HN","day":"20210722","id":"8515720","type":"Nữ trang 10k","code":"Nữ trang 10k"},{"buy":"1,426.00","sell":"1,576.00","company":"DOJI","brand":"Nhẫn DOJI Hưng Thịnh Vượng","updated":"2021-07-22 13:44:00","brand1":"NDHTV","day":"20210722","id":"8515731","type":"Nữ trang 10k","code":"Nữ trang 10k"},{"buy":"56,800.00","sell":"57,470.00","company":"3BANKS","brand":"VIETINBANK GOLD","updated":"2021-07-22 00:11:24","brand1":"VG","day":"20210722","id":"8510134","type":"SJC","code":"SJC"},{"buy":"56,600.00","sell":"57,300.00","company":"3BANKS","brand":"SCB","updated":"2021-07-22 08:06:45","brand1":"SCB","day":"20210722","id":"8513804","type":"SJC","code":"SJC"},{"buy":"56,300.00","sell":"57,600.00","company":"3BANKS","brand":"MARITIME BANK","updated":"2021-07-22 08:48:12","brand1":"MB","day":"20210722","id":"8513993","type":"SJC","code":"SJC"},{"buy":"52,800.00","sell":"53,800.00","company":"3BANKS","brand":"SACOMBANK","updated":"2021-07-22 18:37:50","brand1":"S","day":"20210722","id":"8519125","type":"SJC","code":"JC"},{"buy":"56,950.00","sell":"57,250.00","company":"2GROUP","brand":"Mi Hồng SJC","updated":"2021-07-22 00:11:24","brand1":"MHS","day":"20210722","id":"8510123","type":"SJC","code":"SJC"},{"buy":"56,950.00","sell":"57,550.00","company":"2GROUP","brand":"PHÚ QUÝ SJC","updated":"2021-07-22 16:28:28","brand1":"PQS","day":"20210722","id":"8517961","type":"SJC","code":"SJC"},{"buy":"56,800.00","sell":"57,450.00","company":"2GROUP","brand":"PNJ SJC","updated":"2021-07-22 00:00:59","brand1":"PS","day":"20210722","id":"8509408","type":"SJC","code":"SJC"},{"buy":"51,300.00","sell":"52,700.00","company":"2GROUP","brand":"PNJ 1L","updated":"2021-07-22 16:12:57","brand1":"P1","day":"20210722","id":"8517929","type":"SJC","code":"SJC"},{"buy":"1,806.50","sell":"1,807.50","company":"2GROUP","brand":"SPOT GOLD","updated":"2021-07-22 22:56:09","brand1":"SG","day":"20210722","id":"8520435","type":"SJC","code":"SJC"},{"buy":"70.84","sell":"70.84","company":"2GROUP","brand":"OIL","updated":"2021-07-22 22:56:09","brand1":"OIL","day":"20210722","id":"8520436","type":"SJC","code":"SJC"},{"buy":"51,350.00","sell":"52,150.00","company":"1OTHER","brand":"Nhẫn PHÚ QUÝ 24K","updated":"2021-07-22 00:33:57","brand1":"NPQ2","day":"20210722","id":"8510182","type":"SJC","code":"SJC"},{"buy":"51,100.00","sell":"51,450.00","company":"1OTHER","brand":"Mi Hồng 999","updated":"2021-07-22 00:11:24","brand1":"MH9","day":"20210722","id":"8510124","type":"SJC","code":"SJC"},{"buy":"51,100.00","sell":"51,800.00","company":"1OTHER","brand":"Nhẫn SJC 99,99","updated":"2021-07-22 08:38:04","brand1":"NS9","day":"20210722","id":"8513950","type":"SJC*","code":"SJC*"},{"buy":"51,100.00","sell":"51,700.00","company":"1OTHER","brand":"PNJ Nhẫn 24K","updated":"2021-07-22 16:12:57","brand1":"PN2","day":"20210722","id":"8517931","type":"SJC","code":"SJC"},{"buy":"50,600.00","sell":"51,400.00","company":"1OTHER","brand":"PNJ NT 24K","updated":"2021-07-22 16:12:57","brand1":"PN2","day":"20210722","id":"8517930","type":"SJC","code":"SJC"},{"buy":"50,100.00","sell":"51,100.00","company":"1OTHER","brand":"Mi Hồng 985","updated":"2021-07-22 00:11:24","brand1":"MH9","day":"20210722","id":"8510125","type":"SJC","code":"SJC"},{"buy":"49,900.00","sell":"50,900.00","company":"1OTHER","brand":"Mi Hồng 980","updated":"2021-07-22 00:11:24","brand1":"MH9","day":"20210722","id":"8510126","type":"SJC","code":"SJC"},{"buy":"37,300.00","sell":"38,700.00","company":"1OTHER","brand":"PNJ NT 18K","updated":"2021-07-22 16:12:57","brand1":"PN1","day":"20210722","id":"8517932","type":"SJC","code":"SJC"},{"buy":"33,700.00","sell":"35,700.00","company":"1OTHER","brand":"Mi Hồng 750","updated":"2021-07-22 00:11:24","brand1":"MH7","day":"20210722","id":"8510128","type":"SJC","code":"SJC"},{"buy":"31,000.00","sell":"32,700.00","company":"1OTHER","brand":"Mi Hồng 680","updated":"2021-07-22 00:11:24","brand1":"MH6","day":"20210722","id":"8510129","type":"SJC","code":"SJC"},{"buy":"30,000.00","sell":"31,700.00","company":"1OTHER","brand":"Mi Hồng 610","updated":"2021-07-22 00:11:24","brand1":"MH6","day":"20210722","id":"8510130","type":"SJC","code":"SJC"},{"buy":"28,820.00","sell":"30,220.00","company":"1OTHER","brand":"PNJ NT 14K","updated":"2021-07-22 16:12:57","brand1":"PN1","day":"20210722","id":"8517933","type":"SJC","code":"SJC"},{"buy":"20,130.00","sell":"21,530.00","company":"1OTHER","brand":"PNJ NT 10K","updated":"2021-07-22 16:12:57","brand1":"PN1","day":"20210722","id":"8517934","type":"SJC","code":"SJC"},{"buy":"0.00","sell":"48,200.00","company":"1OTHER","brand":"Mi Hồng 950","updated":"2021-07-22 00:11:24","brand1":"MH9","day":"20210722","id":"8510127","type":"SJC","code":"SJC"},{"buy":"32,494.46","sell":"32,494.46","company":"1Coin","brand":"Wrapped Bitcoin","updated":"2021-07-22 22:57:27","brand1":"WB","day":"20210722","id":"8520448","type":"WBTC","code":"TC"},{"buy":"32,421.89","sell":"32,421.89","company":"1Coin","brand":"Bitcoin","updated":"2021-07-22 22:57:25","brand1":"B","day":"20210722","id":"8520437","type":"BTC","code":"TC"},{"buy":"32,249.16","sell":"32,249.16","company":"1Coin","brand":"Huobi BTC","updated":"2021-07-22 20:05:04","brand1":"HB","day":"20210722","id":"8519479","type":"HBTC","code":"TC"},{"buy":"31,947.01","sell":"31,947.01","company":"1Coin","brand":"renBTC","updated":"2021-07-22 20:04:47","brand1":"r","day":"20210722","id":"8519389","type":"RENBTC","code":"RENBTC"},{"buy":"31,859.78","sell":"31,859.78","company":"1Coin","brand":"Bitcoin BEP2","updated":"2021-07-22 20:04:34","brand1":"BB","day":"20210722","id":"8519325","type":"BTCB","code":"BTCB"},{"buy":"27,969.71","sell":"27,969.71","company":"1Coin","brand":"yearn.finance","updated":"2021-07-22 20:04:39","brand1":"y","day":"20210722","id":"8519350","type":"YFI","code":"YFI"},{"buy":"2,513.16","sell":"2,513.16","company":"1Coin","brand":"DFI.Money","updated":"2021-07-22 20:05:14","brand1":"D","day":"20210722","id":"8519532","type":"YFII","code":"YFII"},{"buy":"2,437.86","sell":"2,437.86","company":"1Coin","brand":"Maker","updated":"2021-07-22 20:04:34","brand1":"M","day":"20210722","id":"8519323","type":"MKR","code":"KR"},{"buy":"2,027.96","sell":"2,027.96","company":"1Coin","brand":"Ethereum","updated":"2021-07-22 22:57:25","brand1":"E","day":"20210722","id":"8520438","type":"ETH","code":"TH"},{"buy":"2,027.96","sell":"2,027.96","company":"1Coin","brand":"Ethereum 2","updated":"2021-07-22 22:57:25","brand1":"E2","day":"20210722","id":"8520439","type":"ETH2","code":"ETH2"},{"buy":"1,954.32","sell":"1,954.32","company":"1Coin","brand":"stETH","updated":"2021-07-22 20:05:02","brand1":"s","day":"20210722","id":"8519477","type":"STETH","code":"STETH"},{"buy":"1,807.79","sell":"1,807.79","company":"1Coin","brand":"PAX Gold","updated":"2021-07-22 20:05:01","brand1":"PG","day":"20210722","id":"8519472","type":"PAXG","code":"PAXG"},{"buy":"646.62","sell":"646.62","company":"1Coin","brand":"Venus BTC","updated":"2021-07-22 20:05:10","brand1":"VB","day":"20210722","id":"8519510","type":"VBTC","code":"TC"},{"buy":"441.26","sell":"441.26","company":"1Coin","brand":"Bitcoin Cash","updated":"2021-07-22 22:57:26","brand1":"BC","day":"20210722","id":"8520444","type":"BCH","code":"H"},{"buy":"379.53","sell":"379.53","company":"1Coin","brand":"Compound","updated":"2021-07-22 20:04:35","brand1":"C","day":"20210722","id":"8519328","type":"COMP","code":"OMP"},{"buy":"296.08","sell":"296.08","company":"1Coin","brand":"Binance Coin","updated":"2021-07-22 22:57:25","brand1":"BC","day":"20210722","id":"8520440","type":"BNB","code":"BNB"},{"buy":"296.04","sell":"296.04","company":"1Coin","brand":"Wrapped BNB","updated":"2021-07-22 20:05:02","brand1":"WB","day":"20210722","id":"8519476","type":"WBNB","code":"NB"},{"buy":"273.10","sell":"273.10","company":"1Coin","brand":"Aave","updated":"2021-07-22 22:57:28","brand1":"Aave","day":"20210722","id":"8520455","type":"AAVE","code":"AAVE"},{"buy":"254.46","sell":"254.46","company":"1Coin","brand":"Alchemix","updated":"2021-07-22 16:01:11","brand1":"A","day":"20210722","id":"8517483","type":"ALCX","code":"LCX"},{"buy":"198.44","sell":"198.44","company":"1Coin","brand":"Monero","updated":"2021-07-22 22:57:28","brand1":"M","day":"20210722","id":"8520454","type":"XMR","code":"XR"},{"buy":"179.15","sell":"179.15","company":"1Coin","brand":"Gnosis","updated":"2021-07-22 20:04:50","brand1":"G","day":"20210722","id":"8519400","type":"GNO","code":"NO"},{"buy":"170.04","sell":"170.04","company":"1Coin","brand":"Kusama","updated":"2021-07-22 20:04:37","brand1":"K","day":"20210722","id":"8519341","type":"KSM","code":"SM"},{"buy":"158.95","sell":"158.95","company":"1Coin","brand":"Cream Finance","updated":"2021-07-22 20:05:14","brand1":"CF","day":"20210722","id":"8519530","type":"CREAM","code":"CREAM"},{"buy":"141.40","sell":"141.40","company":"1Coin","brand":"Dash","updated":"2021-07-22 20:04:36","brand1":"Dash","day":"20210722","id":"8519340","type":"DASH","code":"DASH"},{"buy":"124.71","sell":"124.71","company":"1Coin","brand":"KeeperDAO","updated":"2021-07-22 16:01:10","brand1":"K","day":"20210722","id":"8517480","type":"ROOK","code":"ROO"},{"buy":"121.57","sell":"121.57","company":"1Coin","brand":"Litecoin","updated":"2021-07-22 22:57:26","brand1":"L","day":"20210722","id":"8520445","type":"LTC","code":"TC"},{"buy":"121.30","sell":"121.30","company":"1Coin","brand":"Bitcoin SV","updated":"2021-07-22 20:04:35","brand1":"BS","day":"20210722","id":"8519326","type":"BSV","code":"V"},{"buy":"114.75","sell":"114.75","company":"1Coin","brand":"Decred","updated":"2021-07-22 20:04:36","brand1":"D","day":"20210722","id":"8519337","type":"DCR","code":"CR"},{"buy":"102.97","sell":"102.97","company":"1Coin","brand":"Counos X","updated":"2021-07-22 20:05:02","brand1":"CX","day":"20210722","id":"8519475","type":"CCXX","code":"CX"},{"buy":"93.38","sell":"93.38","company":"1Coin","brand":"Zcash","updated":"2021-07-22 20:04:39","brand1":"Z","day":"20210722","id":"8519346","type":"ZEC","code":"EC"},{"buy":"79.59","sell":"79.59","company":"1Coin","brand":"Elrond","updated":"2021-07-22 20:04:36","brand1":"E","day":"20210722","id":"8519334","type":"EGLD","code":"GLD"},{"buy":"75.95","sell":"75.95","company":"1Coin","brand":"NXM","updated":"2021-07-22 20:05:05","brand1":"NXM","day":"20210722","id":"8519488","type":"NXM","code":""},{"buy":"72.60","sell":"72.60","company":"1Coin","brand":"Quant","updated":"2021-07-22 20:04:41","brand1":"Q","day":"20210722","id":"8519357","type":"QNT","code":"NT"},{"buy":"70.08","sell":"70.08","company":"1Coin","brand":"Enzyme","updated":"2021-07-22 20:04:59","brand1":"E","day":"20210722","id":"8519459","type":"MLN","code":"MLN"},{"buy":"49.30","sell":"49.30","company":"1Coin","brand":"Wrapped NXM","updated":"2021-07-22 20:05:16","brand1":"WN","day":"20210722","id":"8519539","type":"WNXM","code":"XM"},{"buy":"48.11","sell":"48.11","company":"1Coin","brand":"Horizen","updated":"2021-07-22 20:04:45","brand1":"H","day":"20210722","id":"8519371","type":"ZEN","code":"ZEN"},{"buy":"45.66","sell":"45.66","company":"1Coin","brand":"Filecoin","updated":"2021-07-22 22:57:28","brand1":"F","day":"20210722","id":"8520453","type":"FIL","code":"IL"},{"buy":"43.60","sell":"43.60","company":"1Coin","brand":"Ethereum Classic","updated":"2021-07-22 22:57:27","brand1":"EC","day":"20210722","id":"8520450","type":"ETC","code":"ETC"},{"buy":"40.05","sell":"40.05","company":"1Coin","brand":"Venus ETH","updated":"2021-07-22 18:03:08","brand1":"VE","day":"20210722","id":"8518531","type":"VETH","code":"TH"},{"buy":"38.01","sell":"38.01","company":"1Coin","brand":"Bitcoin Gold","updated":"2021-07-22 20:04:42","brand1":"BG","day":"20210722","id":"8519364","type":"BTG","code":"BTG"},{"buy":"35.91","sell":"35.91","company":"1Coin","brand":"Strike","updated":"2021-07-22 20:05:01","brand1":"S","day":"20210722","id":"8519471","type":"STRK","code":"TRK"},{"buy":"35.14","sell":"35.14","company":"1Coin","brand":"Internet Computer","updated":"2021-07-22 22:57:27","brand1":"IC","day":"20210722","id":"8520451","type":"ICP","code":"P"},{"buy":"30.84","sell":"30.84","company":"1Coin","brand":"Numeraire","updated":"2021-07-22 20:04:56","brand1":"N","day":"20210722","id":"8519429","type":"NMR","code":"MR"},{"buy":"28.31","sell":"28.31","company":"1Coin","brand":"FTX Token","updated":"2021-07-22 20:04:34","brand1":"FT","day":"20210722","id":"8519320","type":"FTT","code":"T"},{"buy":"28.31","sell":"28.31","company":"1Coin","brand":"Neo","updated":"2021-07-22 20:04:35","brand1":"Neo","day":"20210722","id":"8519329","type":"NEO","code":"NEO"},{"buy":"27.69","sell":"27.69","company":"1Coin","brand":"Solana","updated":"2021-07-22 22:57:26","brand1":"S","day":"20210722","id":"8520446","type":"SOL","code":"OL"},{"buy":"25.38","sell":"25.38","company":"1Coin","brand":"Bitcoin Cash ABC","updated":"2021-07-22 20:05:06","brand1":"BCA","day":"20210722","id":"8519490","type":"BCHA","code":"BCHA"},{"buy":"23.36","sell":"23.36","company":"1Coin","brand":"Axie Infinity Shards","updated":"2021-07-22 20:04:37","brand1":"AIS","day":"20210722","id":"8519344","type":"AXS","code":"AXS"},{"buy":"21.21","sell":"21.21","company":"1Coin","brand":"FC Barcelona Fan Token","updated":"2021-07-22 00:00:00","brand1":"FBFT","day":"20210722","id":"8517514","type":"BAR","code":"BAR"},{"buy":"20.83","sell":"20.83","company":"1Coin","brand":"BarnBridge","updated":"2021-07-22 16:01:09","brand1":"B","day":"20210722","id":"8517471","type":"BOND","code":"OND"},{"buy":"19.50","sell":"19.50","company":"1Coin","brand":"Augur","updated":"2021-07-22 20:04:54","brand1":"A","day":"20210722","id":"8519418","type":"REP","code":"REP"},{"buy":"19.50","sell":"19.50","company":"1Coin","brand":"REPv2","updated":"2021-07-22 20:04:54","brand1":"R","day":"20210722","id":"8519419","type":"REPV2","code":"EPV2"},{"buy":"17.61","sell":"17.61","company":"1Coin","brand":"Balancer","updated":"2021-07-22 20:05:00","brand1":"B","day":"20210722","id":"8519467","type":"BAL","code":"AL"},{"buy":"17.19","sell":"17.19","company":"1Coin","brand":"Uniswap","updated":"2021-07-22 22:57:26","brand1":"U","day":"20210722","id":"8520443","type":"UNI","code":"NI"},{"buy":"16.52","sell":"16.52","company":"1Coin","brand":"Flow","updated":"2021-07-22 20:04:41","brand1":"Flow","day":"20210722","id":"8519358","type":"FLOW","code":"FLOW"},{"buy":"16.18","sell":"16.18","company":"1Coin","brand":"Venus","updated":"2021-07-22 20:04:55","brand1":"V","day":"20210722","id":"8519421","type":"XVS","code":"XS"},{"buy":"15.80","sell":"15.80","company":"1Coin","brand":"Chainlink","updated":"2021-07-22 22:57:27","brand1":"C","day":"20210722","id":"8520447","type":"LINK","code":"LINK"},{"buy":"15.07","sell":"15.07","company":"1Coin","brand":"KLAYswap Protocol","updated":"2021-07-22 20:05:11","brand1":"KP","day":"20210722","id":"8519517","type":"KSP","code":"KSP"},{"buy":"14.70","sell":"14.70","company":"1Coin","brand":"Waves","updated":"2021-07-22 20:04:36","brand1":"W","day":"20210722","id":"8519333","type":"WAVES","code":"AVES"},{"buy":"14.52","sell":"14.52","company":"1Coin","brand":"Uquid Coin","updated":"2021-07-22 19:04:56","brand1":"UC","day":"20210722","id":"8519436","type":"UQC","code":"UQC"},{"buy":"14.13","sell":"14.13","company":"1Coin","brand":"Bitcoin Standard Hashrate Token","updated":"2021-07-22 20:04:55","brand1":"BSHT","day":"20210722","id":"8519426","type":"BTCST","code":"BTCST"},{"buy":"14.11","sell":"14.11","company":"1Coin","brand":"Ampleforth Governance Token","updated":"2021-07-22 20:05:11","brand1":"AGT","day":"20210722","id":"8519521","type":"FORTH","code":"FORTH"},{"buy":"12.98","sell":"12.98","company":"1Coin","brand":"PancakeSwap","updated":"2021-07-22 20:04:34","brand1":"P","day":"20210722","id":"8519321","type":"CAKE","code":"CAKE"},{"buy":"12.94","sell":"12.94","company":"1Coin","brand":"Polkadot","updated":"2021-07-22 22:57:26","brand1":"P","day":"20210722","id":"8520442","type":"DOT","code":"DOT"},{"buy":"11.98","sell":"11.98","company":"1Coin","brand":"OKB","updated":"2021-07-22 20:04:42","brand1":"OKB","day":"20210722","id":"8519363","type":"OKB","code":""},{"buy":"11.51","sell":"11.51","company":"1Coin","brand":"NewYork Exchange","updated":"2021-07-22 16:01:07","brand1":"NE","day":"20210722","id":"8516961","type":"NYE","code":"NYE"},{"buy":"11.34","sell":"11.34","company":"1Coin","brand":"Livepeer","updated":"2021-07-22 20:04:50","brand1":"L","day":"20210722","id":"8519403","type":"LPT","code":"PT"},{"buy":"10.91","sell":"10.91","company":"1Coin","brand":"Helium","updated":"2021-07-22 20:04:40","brand1":"H","day":"20210722","id":"8519351","type":"HNT","code":"NT"},{"buy":"10.87","sell":"10.87","company":"1Coin","brand":"Cosmos","updated":"2021-07-22 20:04:34","brand1":"C","day":"20210722","id":"8519324","type":"ATOM","code":"ATOM"},{"buy":"10.76","sell":"10.76","company":"1Coin","brand":"Prometeus","updated":"2021-07-22 20:04:54","brand1":"P","day":"20210722","id":"8519416","type":"PROM","code":"ROM"},{"buy":"10.60","sell":"10.60","company":"1Coin","brand":"Avalanche","updated":"2021-07-22 20:04:35","brand1":"A","day":"20210722","id":"8519330","type":"AVAX","code":"VX"},{"buy":"10.24","sell":"10.24","company":"1Coin","brand":"Rocket Pool","updated":"2021-07-22 20:05:11","brand1":"RP","day":"20210722","id":"8519522","type":"RPL","code":"L"},{"buy":"9.58","sell":"9.58","company":"1Coin","brand":"KuCoin Token","updated":"2021-07-22 20:04:41","brand1":"KT","day":"20210722","id":"8519360","type":"KCS","code":"KCS"},{"buy":"9.55","sell":"9.55","company":"1Coin","brand":"The Transfer Token","updated":"2021-07-22 20:05:04","brand1":"TTT","day":"20210722","id":"8519481","type":"TTT","code":""},{"buy":"8.60","sell":"8.60","company":"1Coin","brand":"Synthetix Network Token","updated":"2021-07-22 20:04:40","brand1":"SNT","day":"20210722","id":"8519354","type":"SNX","code":"SNX"},{"buy":"8.50","sell":"8.50","company":"1Coin","brand":"MCO","updated":"2021-07-22 19:04:57","brand1":"MCO","day":"20210722","id":"8519440","type":"MCO","code":""},{"buy":"8.42","sell":"8.42","company":"1Coin","brand":"Huobi Token","updated":"2021-07-22 18:02:30","brand1":"HT","day":"20210722","id":"8518222","type":"HT","code":""},{"buy":"8.18","sell":"8.18","company":"1Coin","brand":"UMA","updated":"2021-07-22 20:04:45","brand1":"UMA","day":"20210722","id":"8519376","type":"UMA","code":""},{"buy":"8.11","sell":"8.11","company":"1Coin","brand":"Arweave","updated":"2021-07-22 20:04:49","brand1":"A","day":"20210722","id":"8519396","type":"AR","code":"R"},{"buy":"7.75","sell":"7.75","company":"1Coin","brand":"SushiSwap","updated":"2021-07-22 20:04:40","brand1":"S","day":"20210722","id":"8519355","type":"SUSHI","code":"UHI"},{"buy":"7.51","sell":"7.51","company":"1Coin","brand":"Badger DAO","updated":"2021-07-22 16:01:10","brand1":"BD","day":"20210722","id":"8517479","type":"BADGER","code":"BADGER"},{"buy":"7.42","sell":"7.42","company":"1Coin","brand":"Perpetual Protocol","updated":"2021-07-22 20:05:06","brand1":"PP","day":"20210722","id":"8519495","type":"PERP","code":"PERP"},{"buy":"7.39","sell":"7.39","company":"1Coin","brand":"Ethernity Chain","updated":"2021-07-22 16:01:06","brand1":"EC","day":"20210722","id":"8516935","type":"ERN","code":"ERN"},{"buy":"7.28","sell":"7.28","company":"1Coin","brand":"Terra","updated":"2021-07-22 22:57:28","brand1":"T","day":"20210722","id":"8520456","type":"LUNA","code":"LUNA"},{"buy":"6.73","sell":"6.73","company":"1Coin","brand":"Dero","updated":"2021-07-22 16:01:11","brand1":"Dero","day":"20210722","id":"8517491","type":"DERO","code":"DERO"},{"buy":"6.72","sell":"6.72","company":"1Coin","brand":"Zelwin","updated":"2021-07-22 20:05:05","brand1":"Z","day":"20210722","id":"8519489","type":"ZLW","code":"LW"},{"buy":"6.51","sell":"6.51","company":"1Coin","brand":"TitanSwap","updated":"2021-07-22 20:05:06","brand1":"T","day":"20210722","id":"8519494","type":"TITAN","code":"IAN"},{"buy":"6.33","sell":"6.33","company":"1Coin","brand":"LUKSO","updated":"2021-07-22 20:05:14","brand1":"L","day":"20210722","id":"8519535","type":"LYXE","code":"YXE"},{"buy":"6.15","sell":"6.15","company":"1Coin","brand":"Persistence","updated":"2021-07-22 20:05:07","brand1":"P","day":"20210722","id":"8519502","type":"XPRT","code":"XRT"},{"buy":"5.99","sell":"5.99","company":"1Coin","brand":"Venus BNB","updated":"2021-07-22 19:05:05","brand1":"VB","day":"20210722","id":"8519487","type":"VBNB","code":"NB"},{"buy":"5.83","sell":"5.83","company":"1Coin","brand":"Gitcoin","updated":"2021-07-22 20:05:16","brand1":"G","day":"20210722","id":"8519538","type":"GTC","code":"TC"},{"buy":"5.78","sell":"5.78","company":"1Coin","brand":"MyNeighborAlice","updated":"2021-07-22 20:05:12","brand1":"M","day":"20210722","id":"8519523","type":"ALICE","code":"ALICE"},{"buy":"5.54","sell":"5.54","company":"1Coin","brand":"Injective Protocol","updated":"2021-07-22 20:04:55","brand1":"IP","day":"20210722","id":"8519425","type":"INJ","code":"INJ"},{"buy":"5.53","sell":"5.53","company":"1Coin","brand":"Qtum","updated":"2021-07-22 19:04:45","brand1":"Qtum","day":"20210722","id":"8519370","type":"QTUM","code":"QTUM"},{"buy":"5.18","sell":"5.18","company":"1Coin","brand":"Celsius","updated":"2021-07-22 20:04:39","brand1":"C","day":"20210722","id":"8519345","type":"CEL","code":"EL"},{"buy":"5.12","sell":"5.12","company":"1Coin","brand":"Energy Web Token","updated":"2021-07-22 19:04:56","brand1":"EWT","day":"20210722","id":"8519430","type":"EWT","code":""},{"buy":"5.00","sell":"5.00","company":"1Coin","brand":"Band Protocol","updated":"2021-07-22 20:04:54","brand1":"BP","day":"20210722","id":"8519417","type":"BAND","code":"BAND"},{"buy":"4.93","sell":"4.93","company":"1Coin","brand":"Ergo","updated":"2021-07-22 20:04:55","brand1":"Ergo","day":"20210722","id":"8519428","type":"ERG","code":"ERG"},{"buy":"4.65","sell":"4.65","company":"1Coin","brand":"INO COIN","updated":"2021-07-22 20:05:04","brand1":"IC","day":"20210722","id":"8519484","type":"INO","code":"INO"},{"buy":"4.63","sell":"4.63","company":"1Coin","brand":"THETA","updated":"2021-07-22 22:57:27","brand1":"T","day":"20210722","id":"8520452","type":"THETA","code":"HEA"},{"buy":"4.51","sell":"4.51","company":"1Coin","brand":"THORChain","updated":"2021-07-22 20:04:39","brand1":"T","day":"20210722","id":"8519349","type":"RUNE","code":"RUNE"},{"buy":"4.17","sell":"4.17","company":"1Coin","brand":"Orion Protocol","updated":"2021-07-22 20:05:11","brand1":"OP","day":"20210722","id":"8519511","type":"ORN","code":"ORN"},{"buy":"3.85","sell":"3.85","company":"1Coin","brand":"Kava.io","updated":"2021-07-22 20:04:50","brand1":"K","day":"20210722","id":"8519399","type":"KAVA","code":"AVA"},{"buy":"3.60","sell":"3.60","company":"1Coin","brand":"OMG Network","updated":"2021-07-22 20:04:46","brand1":"ON","day":"20210722","id":"8519379","type":"OMG","code":"OMG"},{"buy":"3.57","sell":"3.57","company":"1Coin","brand":"Nano","updated":"2021-07-22 20:04:46","brand1":"Nano","day":"20210722","id":"8519383","type":"NANO","code":"NANO"},{"buy":"3.54","sell":"3.54","company":"1Coin","brand":"EOS","updated":"2021-07-22 22:47:18","brand1":"EOS","day":"20210722","id":"8520431","type":"EOS","code":""},{"buy":"3.30","sell":"3.30","company":"1Coin","brand":"Aragon","updated":"2021-07-22 18:02:50","brand1":"A","day":"20210722","id":"8518385","type":"ANT","code":"NT"},{"buy":"3.00","sell":"3.00","company":"1Coin","brand":"Elitium","updated":"2021-07-22 20:05:16","brand1":"E","day":"20210722","id":"8519537","type":"EUM","code":"UM"},{"buy":"2.84","sell":"2.84","company":"1Coin","brand":"Bancor Network Token","updated":"2021-07-22 20:04:42","brand1":"BNT","day":"20210722","id":"8519365","type":"BNT","code":""},{"buy":"2.77","sell":"2.77","company":"1Coin","brand":"GateToken","updated":"2021-07-22 18:02:42","brand1":"G","day":"20210722","id":"8518330","type":"GT","code":"T"},{"buy":"2.72","sell":"2.72","company":"1Coin","brand":"Serum","updated":"2021-07-22 20:04:57","brand1":"S","day":"20210722","id":"8519439","type":"SRM","code":"RM"},{"buy":"2.71","sell":"2.71","company":"1Coin","brand":"Mirror Protocol","updated":"2021-07-22 18:02:58","brand1":"MP","day":"20210722","id":"8518438","type":"MIR","code":"MIR"},{"buy":"2.71","sell":"2.71","company":"1Coin","brand":"Raydium","updated":"2021-07-22 20:05:10","brand1":"R","day":"20210722","id":"8519509","type":"RAY","code":"AY"},{"buy":"2.62","sell":"2.62","company":"1Coin","brand":"UNUS SED LEO","updated":"2021-07-22 20:04:34","brand1":"USL","day":"20210722","id":"8519322","type":"LEO","code":"LEO"},{"buy":"2.49","sell":"2.49","company":"1Coin","brand":"CRYPTO20","updated":"2021-07-22 18:05:12","brand1":"C","day":"20210722","id":"8519529","type":"C20","code":"20"},{"buy":"2.43","sell":"2.43","company":"1Coin","brand":"Tezos","updated":"2021-07-22 20:04:35","brand1":"T","day":"20210722","id":"8519327","type":"XTZ","code":"XZ"},{"buy":"2.40","sell":"2.40","company":"1Coin","brand":"TomoChain","updated":"2021-07-22 20:04:51","brand1":"T","day":"20210722","id":"8519404","type":"TOMO","code":"OMO"},{"buy":"2.39","sell":"2.39","company":"1Coin","brand":"Dawn Protocol","updated":"2021-07-22 20:05:07","brand1":"DP","day":"20210722","id":"8519504","type":"DAWN","code":"DAWN"},{"buy":"2.35","sell":"2.35","company":"1Coin","brand":"iExec RLC","updated":"2021-07-22 20:04:52","brand1":"iR","day":"20210722","id":"8519410","type":"RLC","code":"RLC"},{"buy":"2.33","sell":"2.33","company":"1Coin","brand":"Celo","updated":"2021-07-22 19:04:43","brand1":"Celo","day":"20210722","id":"8519368","type":"CGLD","code":"CGLD"},{"buy":"2.31","sell":"2.31","company":"1Coin","brand":"Akash Network","updated":"2021-07-22 20:05:09","brand1":"AN","day":"20210722","id":"8519505","type":"AKT","code":"AKT"},{"buy":"2.29","sell":"2.29","company":"1Coin","brand":"Lisk","updated":"2021-07-22 20:04:48","brand1":"Lisk","day":"20210722","id":"8519395","type":"LSK","code":"LSK"},{"buy":"2.16","sell":"2.16","company":"1Coin","brand":"Pirate Chain","updated":"2021-07-22 20:05:06","brand1":"PC","day":"20210722","id":"8519491","type":"ARRR","code":"ARRR"},{"buy":"2.07","sell":"2.07","company":"1Coin","brand":"Tokenlon Network Token","updated":"2021-07-22 18:03:08","brand1":"TNT","day":"20210722","id":"8518528","type":"LON","code":"LON"},{"buy":"2.05","sell":"2.05","company":"1Coin","brand":"botXcoin","updated":"2021-07-22 18:05:02","brand1":"b","day":"20210722","id":"8519474","type":"BOTX","code":"BOTX"},{"buy":"1.97","sell":"1.97","company":"1Coin","brand":"DeFiChain","updated":"2021-07-22 20:05:05","brand1":"D","day":"20210722","id":"8519486","type":"DFI","code":"FI"},{"buy":"1.95","sell":"1.95","company":"1Coin","brand":"KOK","updated":"2021-07-22 18:02:58","brand1":"KOK","day":"20210722","id":"8518440","type":"KOK","code":""},{"buy":"1.89","sell":"1.89","company":"1Coin","brand":"Creditcoin","updated":"2021-07-22 20:05:04","brand1":"C","day":"20210722","id":"8519480","type":"CTC","code":"T"},{"buy":"1.85","sell":"1.85","company":"1Coin","brand":"Voyager Token","updated":"2021-07-22 20:04:47","brand1":"VT","day":"20210722","id":"8519388","type":"VGX","code":"VGX"},{"buy":"1.82","sell":"1.82","company":"1Coin","brand":"1inch","updated":"2021-07-22 20:04:47","brand1":"1","day":"20210722","id":"8519390","type":"1INCH","code":"INCH"},{"buy":"1.81","sell":"1.81","company":"1Coin","brand":"NEAR Protocol","updated":"2021-07-22 19:04:42","brand1":"NP","day":"20210722","id":"8519362","type":"NEAR","code":"NEAR"},{"buy":"1.77","sell":"1.77","company":"1Coin","brand":"Anchor Protocol","updated":"2021-07-22 06:01:03","brand1":"AP","day":"20210722","id":"8511390","type":"ANC","code":"ANC"},{"buy":"1.71","sell":"1.71","company":"1Coin","brand":"Travala.com","updated":"2021-07-22 18:03:07","brand1":"T","day":"20210722","id":"8518520","type":"AVA","code":"AVA"},{"buy":"1.68","sell":"1.68","company":"1Coin","brand":"BakeryToken","updated":"2021-07-22 19:04:46","brand1":"B","day":"20210722","id":"8519385","type":"BAKE","code":"AKE"},{"buy":"1.66","sell":"1.66","company":"1Coin","brand":"Bitcoin Diamond","updated":"2021-07-22 20:04:48","brand1":"BD","day":"20210722","id":"8519391","type":"BCD","code":"BCD"},{"buy":"1.62","sell":"1.62","company":"1Coin","brand":"Populous","updated":"2021-07-22 18:03:07","brand1":"P","day":"20210722","id":"8518517","type":"PPT","code":"T"},{"buy":"1.53","sell":"1.53","company":"1Coin","brand":"Metal","updated":"2021-07-22 20:05:12","brand1":"M","day":"20210722","id":"8519528","type":"MTL","code":"TL"},{"buy":"1.52","sell":"1.52","company":"1Coin","brand":"Swipe","updated":"2021-07-22 17:04:55","brand1":"S","day":"20210722","id":"8519423","type":"SXP","code":"XP"},{"buy":"1.46","sell":"1.46","company":"1Coin","brand":"Curve DAO Token","updated":"2021-07-22 20:04:44","brand1":"CDT","day":"20210722","id":"8519369","type":"CRV","code":"CRV"},{"buy":"1.42","sell":"1.42","company":"1Coin","brand":"Stratis","updated":"2021-07-22 20:04:52","brand1":"S","day":"20210722","id":"8519409","type":"STRAX","code":"TRAX"},{"buy":"1.41","sell":"1.41","company":"1Coin","brand":"Nexo","updated":"2021-07-22 17:04:41","brand1":"Nexo","day":"20210722","id":"8519359","type":"NEXO","code":"NEXO"},{"buy":"1.37","sell":"1.37","company":"1Coin","brand":"Tokocrypto","updated":"2021-07-22 18:03:01","brand1":"T","day":"20210722","id":"8518468","type":"TKO","code":"KO"},{"buy":"1.29","sell":"1.29","company":"1Coin","brand":"Kyber Network","updated":"2021-07-22 18:02:41","brand1":"KN","day":"20210722","id":"8518324","type":"KNC","code":"C"},{"buy":"1.26","sell":"1.26","company":"1Coin","brand":"XeniosCoin","updated":"2021-07-22 10:05:17","brand1":"X","day":"20210722","id":"8514682","type":"XNC","code":"NC"},{"buy":"1.25","sell":"1.25","company":"1Coin","brand":"MonaCoin","updated":"2021-07-22 16:01:06","brand1":"M","day":"20210722","id":"8516941","type":"MONA","code":"ONA"},{"buy":"1.20","sell":"1.20","company":"1Coin","brand":"Clover Finance","updated":"2021-07-22 20:05:10","brand1":"CF","day":"20210722","id":"8519508","type":"CLV","code":"CLV"},{"buy":"1.19","sell":"1.19","company":"1Coin","brand":"Cardano","updated":"2021-07-22 22:57:25","brand1":"C","day":"20210722","id":"8520441","type":"ADA","code":"ADA"},{"buy":"1.19","sell":"1.19","company":"1Coin","brand":"STASIS EURO","updated":"2021-07-22 18:05:02","brand1":"SE","day":"20210722","id":"8519473","type":"EURS","code":"EURS"},{"buy":"1.15","sell":"1.15","company":"1Coin","brand":"Unibright","updated":"2021-07-22 16:04:54","brand1":"U","day":"20210722","id":"8519420","type":"UBT","code":"BT"},{"buy":"1.12","sell":"1.12","company":"1Coin","brand":"Mdex","updated":"2021-07-22 19:04:43","brand1":"Mdex","day":"20210722","id":"8519367","type":"MDX","code":"MDX"},{"buy":"1.10","sell":"1.10","company":"1Coin","brand":"Enjin Coin","updated":"2021-07-22 18:02:32","brand1":"EC","day":"20210722","id":"8518248","type":"ENJ","code":"ENJ"},{"buy":"1.06","sell":"1.06","company":"1Coin","brand":"Ampleforth","updated":"2021-07-22 17:05:00","brand1":"A","day":"20210722","id":"8519461","type":"AMPL","code":"MPL"},{"buy":"1.05","sell":"1.05","company":"1Coin","brand":"Mina","updated":"2021-07-22 18:02:43","brand1":"Mina","day":"20210722","id":"8518346","type":"MINA","code":"MINA"},{"buy":"1.04","sell":"1.04","company":"1Coin","brand":"Stacks","updated":"2021-07-22 18:02:31","brand1":"S","day":"20210722","id":"8518228","type":"STX","code":"TX"},{"buy":"1.01","sell":"1.01","company":"1Coin","brand":"Liquity USD","updated":"2021-07-22 10:05:08","brand1":"LU","day":"20210722","id":"8514606","type":"LUSD","code":"SD"},{"buy":"1.01","sell":"1.01","company":"1Coin","brand":"sUSD","updated":"2021-07-22 00:05:23","brand1":"sUSD","day":"20210722","id":"8509599","type":"SUSD","code":"SUSD"},{"buy":"1.00","sell":"1.00","company":"1Coin","brand":"HUSD","updated":"2021-07-22 00:04:57","brand1":"HUSD","day":"20210722","id":"8509517","type":"HUSD","code":""},{"buy":"1.00","sell":"1.00","company":"1Coin","brand":"MATH","updated":"2021-07-22 08:03:10","brand1":"MATH","day":"20210722","id":"8512630","type":"MATH","code":""},{"buy":"1.00","sell":"1.00","company":"1Coin","brand":"Neutrino USD","updated":"2021-07-22 00:05:00","brand1":"NU","day":"20210722","id":"8509527","type":"USDN","code":"USDN"},{"buy":"1.00","sell":"1.00","company":"1Coin","brand":"TrueUSD","updated":"2021-07-22 00:04:55","brand1":"T","day":"20210722","id":"8509500","type":"TUSD","code":"USD"},{"buy":"0.97","sell":"0.97","company":"1Coin","brand":"Pundi X[new]","updated":"2021-07-22 18:02:57","brand1":"PX","day":"20210722","id":"8518437","type":"PUNDIX","code":"PUNDIX"},{"buy":"0.94","sell":"0.94","company":"1Coin","brand":"Audius","updated":"2021-07-22 20:05:11","brand1":"A","day":"20210722","id":"8519520","type":"AUDIO","code":"UDIO"},{"buy":"0.94","sell":"0.94","company":"1Coin","brand":"Klaytn","updated":"2021-07-22 16:00:20","brand1":"K","day":"20210722","id":"8516108","type":"KLAY","code":"LAY"},{"buy":"0.94","sell":"0.94","company":"1Coin","brand":"Sologenic","updated":"2021-07-22 18:02:58","brand1":"S","day":"20210722","id":"8518446","type":"SOLO","code":"OLO"},{"buy":"0.93","sell":"0.93","company":"1Coin","brand":"WhiteCoin","updated":"2021-07-22 00:05:20","brand1":"W","day":"20210722","id":"8509588","type":"XWC","code":"XC"},{"buy":"0.90","sell":"0.90","company":"1Coin","brand":"MiL.k","updated":"2021-07-22 16:01:12","brand1":"M","day":"20210722","id":"8517513","type":"MLK","code":"LK"},{"buy":"0.90","sell":"0.90","company":"1Coin","brand":"Polygon","updated":"2021-07-22 22:57:27","brand1":"P","day":"20210722","id":"8520449","type":"MATIC","code":"MATIC"},{"buy":"0.90","sell":"0.90","company":"1Coin","brand":"WazirX","updated":"2021-07-22 18:04:48","brand1":"W","day":"20210722","id":"8519392","type":"WRX","code":"RX"},{"buy":"0.89","sell":"0.89","company":"1Coin","brand":"Ark","updated":"2021-07-22 16:00:48","brand1":"Ark","day":"20210722","id":"8516701","type":"ARK","code":"ARK"},{"buy":"0.87","sell":"0.87","company":"1Coin","brand":"HedgeTrade","updated":"2021-07-22 19:05:06","brand1":"H","day":"20210722","id":"8519499","type":"HEDG","code":"EDG"},{"buy":"0.85","sell":"0.85","company":"1Coin","brand":"DODO","updated":"2021-07-22 18:03:06","brand1":"DODO","day":"20210722","id":"8518514","type":"DODO","code":""},{"buy":"0.78","sell":"0.78","company":"1Coin","brand":"Algorand","updated":"2021-07-22 16:00:20","brand1":"A","day":"20210722","id":"8516084","type":"ALGO","code":"LGO"},{"buy":"0.76","sell":"0.76","company":"1Coin","brand":"ICON","updated":"2021-07-22 20:04:46","brand1":"ICON","day":"20210722","id":"8519382","type":"ICX","code":"ICX"},{"buy":"0.75","sell":"0.75","company":"1Coin","brand":"Storj","updated":"2021-07-22 16:02:42","brand1":"S","day":"20210722","id":"8518331","type":"STORJ","code":"TORJ"},{"buy":"0.73","sell":"0.73","company":"1Coin","brand":"SafePal","updated":"2021-07-22 16:01:09","brand1":"S","day":"20210722","id":"8517463","type":"SFP","code":"FP"},{"buy":"0.71","sell":"0.71","company":"1Coin","brand":"Bitpanda Ecosystem Token","updated":"2021-07-22 16:00:54","brand1":"BET","day":"20210722","id":"8516776","type":"BEST","code":"BEST"},{"buy":"0.70","sell":"0.70","company":"1Coin","brand":"Doctors Coin","updated":"2021-07-22 10:05:11","brand1":"DC","day":"20210722","id":"8514647","type":"DRS","code":"DRS"},{"buy":"0.68","sell":"0.68","company":"1Coin","brand":"Phala.Network","updated":"2021-07-22 18:05:00","brand1":"P","day":"20210722","id":"8519464","type":"PHA","code":"HA"},{"buy":"0.67","sell":"0.67","company":"1Coin","brand":"Origin Token","updated":"2021-07-22 18:02:42","brand1":"OT","day":"20210722","id":"8518334","type":"OGN","code":"OGN"},{"buy":"0.65","sell":"0.65","company":"1Coin","brand":"EFFORCE","updated":"2021-07-22 16:01:10","brand1":"E","day":"20210722","id":"8517477","type":"WOZX","code":"WOZX"},{"buy":"0.65","sell":"0.65","company":"1Coin","brand":"Ontology Gas","updated":"2021-07-22 17:02:43","brand1":"OG","day":"20210722","id":"8518352","type":"ONG","code":"ONG"},{"buy":"0.64","sell":"0.64","company":"1Coin","brand":"IOTA","updated":"2021-07-22 17:02:28","brand1":"IOTA","day":"20210722","id":"8518197","type":"MIOTA","code":"M"},{"buy":"0.64","sell":"0.64","company":"1Coin","brand":"RNDR Token","updated":"2021-07-22 18:03:03","brand1":"RT","day":"20210722","id":"8518499","type":"RNDR","code":"RNDR"},{"buy":"0.62","sell":"0.62","company":"1Coin","brand":"0x","updated":"2021-07-22 16:04:45","brand1":"0x","day":"20210722","id":"8519375","type":"ZRX","code":"ZRX"},{"buy":"0.61","sell":"0.61","company":"1Coin","brand":"Ontology","updated":"2021-07-22 18:04:45","brand1":"O","day":"20210722","id":"8519374","type":"ONT","code":"NT"},{"buy":"0.60","sell":"0.60","company":"1Coin","brand":"ZKSwap","updated":"2021-07-22 15:05:00","brand1":"Z","day":"20210722","id":"8519470","type":"ZKS","code":"KS"},{"buy":"0.59","sell":"0.59","company":"1Coin","brand":"Orbit Chain","updated":"2021-07-22 16:00:54","brand1":"OC","day":"20210722","id":"8516766","type":"ORC","code":"ORC"},{"buy":"0.58","sell":"0.58","company":"1Coin","brand":"Decentraland","updated":"2021-07-22 16:02:32","brand1":"D","day":"20210722","id":"8518242","type":"MANA","code":"MANA"},{"buy":"0.58","sell":"0.58","company":"1Coin","brand":"XRP","updated":"2021-07-22 21:46:13","brand1":"XRP","day":"20210722","id":"8520286","type":"XRP","code":""},{"buy":"0.55","sell":"0.55","company":"1Coin","brand":"SwissBorg","updated":"2021-07-22 16:00:30","brand1":"S","day":"20210722","id":"8516334","type":"CHSB","code":"CHB"},{"buy":"0.54","sell":"0.54","company":"1Coin","brand":"The Graph","updated":"2021-07-22 18:02:29","brand1":"TG","day":"20210722","id":"8518206","type":"GRT","code":"GRT"},{"buy":"0.53","sell":"0.53","company":"1Coin","brand":"Alpha Finance Lab","updated":"2021-07-22 18:02:43","brand1":"AFL","day":"20210722","id":"8518342","type":"ALPHA","code":"ALPHA"},{"buy":"0.53","sell":"0.53","company":"1Coin","brand":"Newscrypto","updated":"2021-07-22 01:01:10","brand1":"N","day":"20210722","id":"8511485","type":"NWC","code":"WC"},{"buy":"0.52","sell":"0.52","company":"1Coin","brand":"Hxro","updated":"2021-07-22 02:03:01","brand1":"Hxro","day":"20210722","id":"8512538","type":"HXRO","code":"HXRO"},{"buy":"0.52","sell":"0.52","company":"1Coin","brand":"MaidSafeCoin","updated":"2021-07-22 03:02:51","brand1":"M","day":"20210722","id":"8512431","type":"MAID","code":"AID"},{"buy":"0.51","sell":"0.51","company":"1Coin","brand":"Basic Attention Token","updated":"2021-07-22 11:00:27","brand1":"BAT","day":"20210722","id":"8516282","type":"BAT","code":""},{"buy":"0.49","sell":"0.49","company":"1Coin","brand":"Rakon","updated":"2021-07-22 20:05:11","brand1":"R","day":"20210722","id":"8519514","type":"RKN","code":"KN"},{"buy":"0.48","sell":"0.48","company":"1Coin","brand":"The Sandbox","updated":"2021-07-22 17:02:38","brand1":"TS","day":"20210722","id":"8518304","type":"SAND","code":"SAND"},{"buy":"0.48","sell":"0.48","company":"1Coin","brand":"Wanchain","updated":"2021-07-22 15:05:15","brand1":"W","day":"20210722","id":"8519536","type":"WAN","code":"AN"},{"buy":"0.47","sell":"0.47","company":"1Coin","brand":"Ultra","updated":"2021-07-22 20:04:59","brand1":"U","day":"20210722","id":"8519458","type":"UOS","code":"OS"},{"buy":"0.47","sell":"0.47","company":"1Coin","brand":"Wootrade","updated":"2021-07-22 09:04:52","brand1":"W","day":"20210722","id":"8514472","type":"WOO","code":"OO"},{"buy":"0.39","sell":"0.39","company":"1Coin","brand":"Rally","updated":"2021-07-22 00:05:31","brand1":"R","day":"20210722","id":"8509627","type":"RLY","code":"LY"},{"buy":"0.37","sell":"0.37","company":"1Coin","brand":"Ocean Protocol","updated":"2021-07-22 10:04:51","brand1":"OP","day":"20210722","id":"8514467","type":"OCEAN","code":"OCEAN"},{"buy":"0.36","sell":"0.36","company":"1Coin","brand":"Cartesi","updated":"2021-07-22 16:00:44","brand1":"C","day":"20210722","id":"8516620","type":"CTSI","code":"TSI"},{"buy":"0.36","sell":"0.36","company":"1Coin","brand":"Steem","updated":"2021-07-22 16:02:48","brand1":"S","day":"20210722","id":"8518380","type":"STEEM","code":"TEEM"},{"buy":"0.31","sell":"0.31","company":"1Coin","brand":"Golem","updated":"2021-07-22 10:04:48","brand1":"G","day":"20210722","id":"8514435","type":"GNT","code":"NT"},{"buy":"0.31","sell":"0.31","company":"1Coin","brand":"Ren","updated":"2021-07-22 06:00:45","brand1":"Ren","day":"20210722","id":"8511094","type":"REN","code":"REN"},{"buy":"0.30","sell":"0.30","company":"1Coin","brand":"Chromia","updated":"2021-07-22 18:02:51","brand1":"C","day":"20210722","id":"8518388","type":"CHR","code":"HR"},{"buy":"0.30","sell":"0.30","company":"1Coin","brand":"Trust Wallet Token","updated":"2021-07-22 06:03:20","brand1":"TWT","day":"20210722","id":"8513186","type":"TWT","code":""},{"buy":"0.29","sell":"0.29","company":"1Coin","brand":"Hive","updated":"2021-07-22 04:03:00","brand1":"Hive","day":"20210722","id":"8512530","type":"HIVE","code":"HIVE"},{"buy":"0.28","sell":"0.28","company":"1Coin","brand":"Small Love Potion","updated":"2021-07-22 20:04:56","brand1":"SLP","day":"20210722","id":"8519435","type":"SLP","code":""},{"buy":"0.27","sell":"0.27","company":"1Coin","brand":"Fetch.ai","updated":"2021-07-22 18:02:43","brand1":"F","day":"20210722","id":"8518339","type":"FET","code":"ET"},{"buy":"0.27","sell":"0.27","company":"1Coin","brand":"MarketPeak","updated":"2021-07-22 04:01:11","brand1":"M","day":"20210722","id":"8517496","type":"PEAK","code":"PEAK"},{"buy":"0.27","sell":"0.27","company":"1Coin","brand":"Orchid","updated":"2021-07-22 20:04:52","brand1":"O","day":"20210722","id":"8519415","type":"OXT","code":"XT"},{"buy":"0.27","sell":"0.27","company":"1Coin","brand":"Theta Fuel","updated":"2021-07-22 10:04:39","brand1":"TF","day":"20210722","id":"8514310","type":"TFUEL","code":"UEL"},{"buy":"0.26","sell":"0.26","company":"1Coin","brand":"Stellar Lumens","updated":"2021-07-22 21:15:43","brand1":"SL","day":"20210722","id":"8520225","type":"XLM","code":"XLM"},{"buy":"0.23","sell":"0.23","company":"1Coin","brand":"Chiliz","updated":"2021-07-22 16:00:23","brand1":"C","day":"20210722","id":"8516197","type":"CHZ","code":"HZ"},{"buy":"0.20","sell":"0.20","company":"1Coin","brand":"Civic","updated":"2021-07-22 16:00:44","brand1":"C","day":"20210722","id":"8516635","type":"CVC","code":"V"},{"buy":"0.19","sell":"0.19","company":"1Coin","brand":"Dogecoin","updated":"2021-07-22 02:06:43","brand1":"D","day":"20210722","id":"8510375","type":"DOGE","code":"OGE"},{"buy":"0.19","sell":"0.19","company":"1Coin","brand":"NKN","updated":"2021-07-22 16:00:45","brand1":"NKN","day":"20210722","id":"8516658","type":"NKN","code":""},{"buy":"0.19","sell":"0.19","company":"1Coin","brand":"SingularityNET","updated":"2021-07-22 03:04:58","brand1":"S","day":"20210722","id":"8514533","type":"AGIX","code":"AGIX"},{"buy":"0.19","sell":"0.19","company":"1Coin","brand":"SKALE","updated":"2021-07-22 06:00:47","brand1":"S","day":"20210722","id":"8511133","type":"SKL","code":"KL"},{"buy":"0.18","sell":"0.18","company":"1Coin","brand":"aelf","updated":"2021-07-22 08:03:11","brand1":"aelf","day":"20210722","id":"8512645","type":"ELF","code":"ELF"},{"buy":"0.18","sell":"0.18","company":"1Coin","brand":"Alien Worlds","updated":"2021-07-22 17:02:59","brand1":"AW","day":"20210722","id":"8518458","type":"TLM","code":"TLM"},{"buy":"0.18","sell":"0.18","company":"1Coin","brand":"Utrust","updated":"2021-07-22 16:01:09","brand1":"U","day":"20210722","id":"8517455","type":"UTK","code":"TK"},{"buy":"0.17","sell":"0.17","company":"1Coin","brand":"Hedera Hashgraph","updated":"2021-07-22 04:02:39","brand1":"HH","day":"20210722","id":"8512318","type":"HBAR","code":"HBAR"},{"buy":"0.17","sell":"0.17","company":"1Coin","brand":"Power Ledger","updated":"2021-07-22 12:01:10","brand1":"PL","day":"20210722","id":"8517478","type":"POWR","code":"POWR"},{"buy":"0.16","sell":"0.16","company":"1Coin","brand":"RSK Infrastructure Framework","updated":"2021-07-22 10:05:04","brand1":"RIF","day":"20210722","id":"8514571","type":"RIF","code":""},{"buy":"0.14","sell":"0.14","company":"1Coin","brand":"Constellation","updated":"2021-07-22 06:00:50","brand1":"C","day":"20210722","id":"8511189","type":"DAG","code":"DAG"},{"buy":"0.14","sell":"0.14","company":"1Coin","brand":"HEX","updated":"2021-07-22 18:02:52","brand1":"HEX","day":"20210722","id":"8518401","type":"HEX","code":""},{"buy":"0.14","sell":"0.14","company":"1Coin","brand":"NEM","updated":"2021-07-22 00:02:42","brand1":"NEM","day":"20210722","id":"8512331","type":"XEM","code":"XEM"},{"buy":"0.12","sell":"0.12","company":"1Coin","brand":"Kleros","updated":"2021-07-22 13:01:11","brand1":"K","day":"20210722","id":"8517482","type":"PNK","code":"PN"},{"buy":"0.12","sell":"0.12","company":"1Coin","brand":"Sport and Leisure","updated":"2021-07-22 16:01:07","brand1":"SaL","day":"20210722","id":"8516951","type":"SNL","code":"SNL"},{"buy":"0.12","sell":"0.12","company":"1Coin","brand":"WAX","updated":"2021-07-22 05:00:48","brand1":"WAX","day":"20210722","id":"8511149","type":"WAXP","code":"P"},{"buy":"0.11","sell":"0.11","company":"1Coin","brand":"Crypto.com Coin","updated":"2021-07-22 05:02:37","brand1":"CC","day":"20210722","id":"8512283","type":"CRO","code":"CRO"},{"buy":"0.09","sell":"0.09","company":"1Coin","brand":"yOUcash","updated":"2021-07-22 08:00:52","brand1":"y","day":"20210722","id":"8516734","type":"YOUC","code":"YOUC"},{"buy":"0.07","sell":"0.07","company":"1Coin","brand":"Status","updated":"2021-07-22 16:00:37","brand1":"S","day":"20210722","id":"8516449","type":"SNT","code":"NT"},{"buy":"0.02","sell":"0.02","company":"1Coin","brand":"Egoras","updated":"2021-07-22 00:05:18","brand1":"E","day":"20210722","id":"8509581","type":"EGR","code":"GR"},{"buy":"0.02","sell":"0.02","company":"1Coin","brand":"IOST","updated":"2021-07-22 00:05:01","brand1":"IOST","day":"20210722","id":"8509530","type":"IOST","code":""},{"buy":"0.02","sell":"0.02","company":"1Coin","brand":"IoTeX","updated":"2021-07-22 00:05:06","brand1":"I","day":"20210722","id":"8509546","type":"IOTX","code":"OTX"},{"buy":"0.02","sell":"0.02","company":"1Coin","brand":"StormX","updated":"2021-07-22 00:05:12","brand1":"S","day":"20210722","id":"8509562","type":"STMX","code":"TMX"},{"buy":"0.01","sell":"0.01","company":"1Coin","brand":"Everipedia","updated":"2021-07-22 00:05:27","brand1":"E","day":"20210722","id":"8509614","type":"IQ","code":"IQ"},{"buy":"0.01","sell":"0.01","company":"1Coin","brand":"FunFair","updated":"2021-07-22 00:05:12","brand1":"F","day":"20210722","id":"8509563","type":"FUN","code":"UN"},{"buy":"0.01","sell":"0.01","company":"1Coin","brand":"MVL","updated":"2021-07-22 00:05:13","brand1":"MVL","day":"20210722","id":"8509569","type":"MVL","code":""},{"buy":"0.01","sell":"0.01","company":"1Coin","brand":"Reef","updated":"2021-07-22 00:05:12","brand1":"Reef","day":"20210722","id":"8509559","type":"REEF","code":"REEF"},{"buy":"0.01","sell":"0.01","company":"1Coin","brand":"Siacoin","updated":"2021-07-22 00:04:59","brand1":"S","day":"20210722","id":"8509521","type":"SC","code":"C"}]}],"time":4,"excute1_time":0,"excute2_time":4,"excute3_time":0,"count1":0,"count2":340}